{
  "name" : "CE_CALC_DeltaCandidateAvsB",
  "description" : "difference in results for two candidates, by commune or local",
  "type" : "NLPIntent",
  "intentParameters" : [ {
    "name" : "Candidat_CE_GC",
    "required" : true,
    "entity" : "Candidat_CE_GC"
  }, {
    "name" : "Candidat_GC",
    "required" : true,
    "entity" : "Candidat_GC"
  }, {
    "name" : "Candidat_CE",
    "required" : true,
    "entity" : "Candidat_CE"
  } ],
  "exampleData" : [ {
    "sentence" : "how many more ballots did candidate A get than candidate B",
    "exampleEntities" : [ ]
  }, {
    "sentence" : "how many more votes did the candidate get",
    "exampleEntities" : [ ]
  }, {
    "sentence" : "how much better did candidate A do than candidate B",
    "exampleEntities" : [ ]
  }, {
    "sentence" : "what's the delta between two candidates",
    "exampleEntities" : [ ]
  }, {
    "sentence" : "what's the difference in votes between candidate A and candidate B",
    "exampleEntities" : [ ]
  } ]
}