{
  "name" : "ResultCandidate",
  "description" : "Results of the election (CE or GC) at a Candidate level",
  "intentParameters" : [ {
    "name" : "Candidat_CECandidates for CE only",
    "required" : true,
    "entity" : "Candidat_CE"
  }, {
    "name" : "Candidat_CE_GCCandidates for CE and GC",
    "required" : true,
    "entity" : "Candidat_CE_GC"
  }, {
    "name" : "Candidat_GCCandidates for GC only",
    "required" : true,
    "entity" : "Candidat_GC"
  } ],
  "exampleData" : [ {
    "sentence" : "Is Gilles Barpéaimu elected?",
    "exampleEntities" : [ ]
  }, {
    "sentence" : "how many votes did this candidate get",
    "exampleEntities" : [ ]
  }, {
    "sentence" : "how many modified votes did this candidate get",
    "exampleEntities" : [ ]
  }, {
    "sentence" : "was this candidate elected",
    "exampleEntities" : [ ]
  }, {
    "sentence" : "who was not elected in this list",
    "exampleEntities" : [ ]
  }, {
    "sentence" : "what are the results for this candidate",
    "exampleEntities" : [ ]
  }, {
    "sentence" : "What are the results for Pierre Midi?",
    "exampleEntities" : [ ]
  }, {
    "sentence" : "How many votes / votes got Pierre Midi?",
    "exampleEntities" : [ ]
  }, {
    "sentence" : "Is he elected?",
    "exampleEntities" : [ ]
  } ]
}