{
  "name" : "IntentNbreFoisCandidatBiffe",
  "type" : "NLPIntent",
  "intentParameters" : [ {
    "name" : "CandidatLite des candidats pour toutes les élections",
    "required" : true,
    "entity" : "Candidat"
  } ],
  "exampleData" : [ {
    "sentence" : "biffée?",
    "exampleEntities" : [ ]
  }, {
    "sentence" : "combien de bulletins ont été biffés pour pierre maudet",
    "exampleEntities" : [ ]
  }, {
    "sentence" : "combien de fois il a été biffé ?",
    "exampleEntities" : [ ]
  }, {
    "sentence" : "nombre de bulletins biffés?",
    "exampleEntities" : [ ]
  }, {
    "sentence" : "Combien de fois Stéphanie Valentino a-t-elle été biffée?",
    "exampleEntities" : [ ]
  }, {
    "sentence" : "biffées?",
    "exampleEntities" : [ ]
  }, {
    "sentence" : "biffé?",
    "exampleEntities" : [ ]
  }, {
    "sentence" : "nombre de fois ou pierre maudet a été biffé ?",
    "exampleEntities" : [ ]
  }, {
    "sentence" : "biffé combien de fois ?",
    "exampleEntities" : [ ]
  }, {
    "sentence" : "biffés?",
    "exampleEntities" : [ ]
  }, {
    "sentence" : "combien de fois pierre maudet a été biffé ?",
    "exampleEntities" : [ ]
  } ]
}