{
  "name" : "IntentResultatGC",
  "type" : "NLPIntent",
  "intentParameters" : [ ],
  "exampleData" : [ {
    "sentence" : "sièges",
    "exampleEntities" : [ ]
  }, {
    "sentence" : "suffrages",
    "exampleEntities" : [ ]
  }, {
    "sentence" : "répartition des sièges",
    "exampleEntities" : [ ]
  }, {
    "sentence" : "résultats GC",
    "exampleEntities" : [ ]
  }, {
    "sentence" : "quels sont les résultats du Grand Conseil",
    "exampleEntities" : [ ]
  }, {
    "sentence" : "répartition des suffrages",
    "exampleEntities" : [ ]
  }, {
    "sentence" : "Quel est le résultat de l'élection au Grand Conseil ?",
    "exampleEntities" : [ ]
  }, {
    "sentence" : "Quelle est la répartition des sièges ?",
    "exampleEntities" : [ ]
  }, {
    "sentence" : "quels sont les résultats au GC",
    "exampleEntities" : [ ]
  }, {
    "sentence" : "Quelle est la répartition des suffrages ?",
    "exampleEntities" : [ ]
  }, {
    "sentence" : "Quelles sont les listes qui ont des candidats élus ?",
    "exampleEntities" : [ ]
  }, {
    "sentence" : "qui est élu au Grand Conseil",
    "exampleEntities" : [ ]
  } ]
}