{
  "name" : "IntentChangeElectionType",
  "type" : "NLPIntent",
  "intentParameters" : [ {
    "name" : "TypeElection",
    "required" : true,
    "entity" : "TypeElection"
  } ],
  "exampleData" : [ {
    "sentence" : "et pour le grand conseil ? ",
    "exampleEntities" : [ ]
  }, {
    "sentence" : "et pour le conseil d'état ?",
    "exampleEntities" : [ ]
  }, {
    "sentence" : "conseil d'état ?",
    "exampleEntities" : [ ]
  }, {
    "sentence" : "pour l'autre élection ?",
    "exampleEntities" : [ ]
  }, {
    "sentence" : "c'est l'autre élection qui m'intéresse",
    "exampleEntities" : [ ]
  }, {
    "sentence" : "conseil d'état",
    "exampleEntities" : [ ]
  }, {
    "sentence" : "pour le conseil d'état ?",
    "exampleEntities" : [ ]
  }, {
    "sentence" : "résultats de l'autre élection",
    "exampleEntities" : [ ]
  }, {
    "sentence" : "grand conseil",
    "exampleEntities" : [ ]
  }, {
    "sentence" : "change",
    "exampleEntities" : [ ]
  }, {
    "sentence" : "les autres résultats stp",
    "exampleEntities" : [ ]
  }, {
    "sentence" : "autre élection",
    "exampleEntities" : [ ]
  }, {
    "sentence" : "c'est les autres que je veux",
    "exampleEntities" : [ ]
  }, {
    "sentence" : "je veux les autres résultats",
    "exampleEntities" : [ ]
  }, {
    "sentence" : "pour le grand conseil ?",
    "exampleEntities" : [ ]
  }, {
    "sentence" : "je voudrais les résultats de l'autre élection",
    "exampleEntities" : [ ]
  } ]
}