{
  "name" : "IntentResultatParCandidat",
  "type" : "NLPIntent",
  "intentParameters" : [ {
    "name" : "TypeElection",
    "required" : true,
    "entity" : "TypeElection"
  }, {
    "name" : "Candidat_CELite des candidats CE",
    "required" : true,
    "entity" : "Candidat"
  } ],
  "exampleData" : [ {
    "sentence" : "résultats pour axel amberger",
    "exampleEntities" : [ ]
  }, {
    "sentence" : "quel sont les résultats de maudet",
    "exampleEntities" : [ ]
  }, {
    "sentence" : "Pierre Maudet",
    "exampleEntities" : [ ]
  }, {
    "sentence" : "qui a été élu?",
    "exampleEntities" : [ ]
  }, {
    "sentence" : "quels sont les résultats de Pierre maudet à l'élection du grand conseil ?",
    "exampleEntities" : [ ]
  }, {
    "sentence" : "résultats Stéphanie Valentino",
    "exampleEntities" : [ ]
  }, {
    "sentence" : "quel score a fait Pierre Maudet",
    "exampleEntities" : [ ]
  }, {
    "sentence" : "qui est élu?",
    "exampleEntities" : [ ]
  }, {
    "sentence" : "pierre maudet est-il élu ?",
    "exampleEntities" : [ ]
  }, {
    "sentence" : "et pour Pierre Maudet",
    "exampleEntities" : [ ]
  }, {
    "sentence" : "et pour Axel amberger ?",
    "exampleEntities" : [ ]
  }, {
    "sentence" : "résultats pour axel amberger",
    "exampleEntities" : [ ]
  }, {
    "sentence" : "qui a gagné?",
    "exampleEntities" : [ ]
  } ]
}