{
  "languageTag" : "fr",
  "keys" : {
    "Admin_onboarding" : {
      "message" : "Je suis là afin de vous donner les résultats des élections cantonales du 15 avril 2018"
    },
    "Admin_welcome" : {
      "message" : "Bonjour et bienvenue à electionBot"
    },
    "findElectionType" : {
      "message" : "Quelle élection vous intéresse ?"
    },
    "Admin_helpUser_01" : {
      "message" : "Vous pouvez choisir une option dans une liste en tapant: résultats"
    },
    "Admin_helpUser_02" : {
      "message" : "Vous pouvez aussi me parler comme ceci: quel score a obtenu Jean Dupont à Carouge?"
    }
  }
}