{
  "name" : "PastaType",
  "type" : "ENUMVALUES",
  "enumValues" : [ {
    "canonicalName" : "cheese",
    "synonyms" : null
  }, {
    "canonicalName" : "Veggie",
    "synonyms" : [ "veg", "vegee", "veggi", "vegetarian" ]
  }, {
    "canonicalName" : "pepperoni",
    "synonyms" : null
  }, {
    "canonicalName" : "Bolognese",
    "synonyms" : null
  }, {
    "canonicalName" : "Meat Lovers",
    "synonyms" : [ "meat" ]
  }, {
    "canonicalName" : "mushroom",
    "synonyms" : null
  }, {
    "canonicalName" : "Pesto",
    "synonyms" : null
  }, {
    "canonicalName" : "supreme",
    "synonyms" : null
  }, {
    "canonicalName" : "Chicken",
    "synonyms" : null
  }, {
    "canonicalName" : "Italian",
    "synonyms" : null
  }, {
    "canonicalName" : "Gourmet Veggie",
    "synonyms" : null
  } ],
  "namedEntityRuleParams" : [ ]
}