{
  "name" : "ListeElectorale",
  "description" : "Tous les noms des listes électorales (duplicatas enlevés comme CE ou GC demandé)\n",
  "type" : "ENUMVALUES",
  "enumValues" : [ {
    "canonicalName" : "SOC",
    "synonyms" : [ "Les Socialistes" ]
  }, {
    "canonicalName" : "VERT",
    "synonyms" : [ "Les Verts" ]
  }, {
    "canonicalName" : "EAG",
    "synonyms" : [ "Ensemble À Gauche", "ensemble a gauche", "ensemble gauche", "ensemble à gauche", "ensemble" ]
  }, {
    "canonicalName" : "MCG",
    "synonyms" : [ "MCG", "mouvement des citoyens genevois", "mouvement citoyens genevois", "le mcg", "du mcg" ]
  }, {
    "canonicalName" : "ENT",
    "synonyms" : [ "PLR - PDC - Entente", "entente", "PLR PDC", "PDC PLR", "entente PLR PDC", "entente PDC PLR" ]
  }, {
    "canonicalName" : "RIEN",
    "synonyms" : [ "Rien Pas Grand Chose", "rien" ]
  }, {
    "canonicalName" : "SAN",
    "synonyms" : [ "Santé" ]
  }, {
    "canonicalName" : "UDC",
    "synonyms" : [ "UDC", "l'UDC" ]
  }, {
    "canonicalName" : "PROM",
    "synonyms" : [ "Prospérité Maîtrisée", "prospérité", "prosperite maitrisee", "prospérité maitrisée" ]
  }, {
    "canonicalName" : "LPG",
    "synonyms" : [ "La Liste Pour Genève" ]
  }, {
    "canonicalName" : "GEMA",
    "synonyms" : [ "Genève En Marche" ]
  }, {
    "canonicalName" : "PBD",
    "synonyms" : [ "PBD Genève" ]
  }, {
    "canonicalName" : "VERL",
    "synonyms" : [ "Vert'Libéraux", "verts libéraux", "verts liberaux" ]
  }, {
    "canonicalName" : "PLR",
    "synonyms" : [ "Libéraux-Radicaux" ]
  }, {
    "canonicalName" : "PDC",
    "synonyms" : [ "Démocrate-Chrétien" ]
  }, {
    "canonicalName" : "FEM",
    "synonyms" : [ "Laliste-Femmes 2018", "les femmes", "des femmes", "la liste des femmes", "la liste 2018", "femmes 2018", "les femmes 2018", "des femmes 2018" ]
  }, {
    "canonicalName" : "LEE",
    "synonyms" : [ "Égalité Et Équité", "egalite et equite", "égalité et équité", "égalité équité" ]
  } ],
  "namedEntityRuleParams" : [ ]
}