{
  "name" : "LocalDeVote",
  "type" : "ENUMVALUES",
  "enumValues" : [ {
    "canonicalName" : "Aire-la-Ville",
    "synonyms" : [ "Aire-la-Ville", "0100", "aire la ville" ]
  }, {
    "canonicalName" : "Anières",
    "synonyms" : [ "Anières", "0200", "anieres" ]
  }, {
    "canonicalName" : "Avully",
    "synonyms" : [ "Avully", "0300" ]
  }, {
    "canonicalName" : "Avusy",
    "synonyms" : [ "Avusy", "0400" ]
  }, {
    "canonicalName" : "Bardonnex",
    "synonyms" : [ "Bardonnex", "0500" ]
  }, {
    "canonicalName" : "Bellevue",
    "synonyms" : [ "Bellevue", "0600" ]
  }, {
    "canonicalName" : "Bernex",
    "synonyms" : [ "Bernex", "0700" ]
  }, {
    "canonicalName" : "Carouge",
    "synonyms" : [ "Carouge", "0800" ]
  }, {
    "canonicalName" : "Cartigny",
    "synonyms" : [ "Cartigny", "0900" ]
  }, {
    "canonicalName" : "Céligny",
    "synonyms" : [ "Céligny", "1000" ]
  }, {
    "canonicalName" : "Chancy",
    "synonyms" : [ "Chancy", "1100" ]
  }, {
    "canonicalName" : "Chêne-Bougeries-Centre",
    "synonyms" : [ "Chêne-Bougeries-Centre", "1201" ]
  }, {
    "canonicalName" : "Conches",
    "synonyms" : [ "Conches", "1202" ]
  }, {
    "canonicalName" : "Chêne-Bourg",
    "synonyms" : [ "Chêne-Bourg", "1300" ]
  }, {
    "canonicalName" : "Choulex",
    "synonyms" : [ "Choulex", "1400" ]
  }, {
    "canonicalName" : "Collex-Bossy",
    "synonyms" : [ "Collex-Bossy", "1500" ]
  }, {
    "canonicalName" : "Collonge-Bellerive",
    "synonyms" : [ "Collonge-Bellerive", "1600" ]
  }, {
    "canonicalName" : "Cologny",
    "synonyms" : [ "Cologny", "1700" ]
  }, {
    "canonicalName" : "Confignon",
    "synonyms" : [ "Confignon", "1800" ]
  }, {
    "canonicalName" : "Corsier",
    "synonyms" : [ "Corsier", "1900" ]
  }, {
    "canonicalName" : "Dardagny",
    "synonyms" : [ "Dardagny", "2000" ]
  }, {
    "canonicalName" : "Cité - Rive",
    "synonyms" : [ "Cité - Rive", "2101" ]
  }, {
    "canonicalName" : "Pâquis",
    "synonyms" : [ "Pâquis", "2102" ]
  }, {
    "canonicalName" : "Saint-Gervais",
    "synonyms" : [ "Saint-Gervais", "2103" ]
  }, {
    "canonicalName" : "Prairie-Délices",
    "synonyms" : [ "Prairie-Délices", "2104" ]
  }, {
    "canonicalName" : "Eaux-Vives - Lac",
    "synonyms" : [ "Eaux-Vives - Lac", "2105" ]
  }, {
    "canonicalName" : "Eaux-Vives - Frontenex",
    "synonyms" : [ "Eaux-Vives - Frontenex", "2106" ]
  }, {
    "canonicalName" : "Florissant - Malagnou",
    "synonyms" : [ "Florissant - Malagnou", "2107" ]
  }, {
    "canonicalName" : "Cluse - Roseraie",
    "synonyms" : [ "Cluse - Roseraie", "2108" ]
  }, {
    "canonicalName" : "Acacias",
    "synonyms" : [ "Acacias", "2109" ]
  }, {
    "canonicalName" : "Mail - Jonction",
    "synonyms" : [ "Mail - Jonction", "2110" ]
  }, {
    "canonicalName" : "Servette - Grand-Pré",
    "synonyms" : [ "Servette - Grand-Pré", "2111" ]
  }, {
    "canonicalName" : "Prieuré - Sécheron",
    "synonyms" : [ "Prieuré - Sécheron", "2112" ]
  }, {
    "canonicalName" : "Saint-Jean",
    "synonyms" : [ "Saint-Jean", "2113" ]
  }, {
    "canonicalName" : "Les Crêts",
    "synonyms" : [ "Les Crêts", "2114" ]
  }, {
    "canonicalName" : "Cropettes - Vidollet",
    "synonyms" : [ "Cropettes - Vidollet", "2115" ]
  }, {
    "canonicalName" : "Vieusseux",
    "synonyms" : [ "Vieusseux", "2116" ]
  }, {
    "canonicalName" : "Champel",
    "synonyms" : [ "Champel", "2117" ]
  }, {
    "canonicalName" : "Genthod",
    "synonyms" : [ "Genthod", "2200" ]
  }, {
    "canonicalName" : "Grand-Saconnex",
    "synonyms" : [ "Grand-Saconnex", "2300" ]
  }, {
    "canonicalName" : "Gy",
    "synonyms" : [ "Gy", "2400" ]
  }, {
    "canonicalName" : "Hermance",
    "synonyms" : [ "Hermance", "2500" ]
  }, {
    "canonicalName" : "Jussy",
    "synonyms" : [ "Jussy", "2600" ]
  }, {
    "canonicalName" : "Laconnex",
    "synonyms" : [ "Laconnex", "2700" ]
  }, {
    "canonicalName" : "Grand-Lancy",
    "synonyms" : [ "Grand-Lancy", "2801" ]
  }, {
    "canonicalName" : "Petit-Lancy",
    "synonyms" : [ "Petit-Lancy", "2802" ]
  }, {
    "canonicalName" : "Meinier",
    "synonyms" : [ "Meinier", "2900" ]
  }, {
    "canonicalName" : "Meyrin",
    "synonyms" : [ "Meyrin", "3000" ]
  }, {
    "canonicalName" : "Onex",
    "synonyms" : [ "Onex", "3100" ]
  }, {
    "canonicalName" : "Perly-Certoux",
    "synonyms" : [ "Perly-Certoux", "3200" ]
  }, {
    "canonicalName" : "Plan-les-Ouates",
    "synonyms" : [ "Plan-les-Ouates", "3300" ]
  }, {
    "canonicalName" : "Pregny-Chambésy",
    "synonyms" : [ "Pregny-Chambésy", "3400" ]
  }, {
    "canonicalName" : "Presinge",
    "synonyms" : [ "Presinge", "3500" ]
  }, {
    "canonicalName" : "Puplinge",
    "synonyms" : [ "Puplinge", "3600" ]
  }, {
    "canonicalName" : "Russin",
    "synonyms" : [ "Russin", "3700" ]
  }, {
    "canonicalName" : "Satigny",
    "synonyms" : [ "Satigny", "3800" ]
  }, {
    "canonicalName" : "Soral",
    "synonyms" : [ "Soral", "3900" ]
  }, {
    "canonicalName" : "Thônex",
    "synonyms" : [ "Thônex", "4000" ]
  }, {
    "canonicalName" : "Troinex",
    "synonyms" : [ "Troinex", "4100" ]
  }, {
    "canonicalName" : "Vandoeuvres",
    "synonyms" : [ "Vandoeuvres", "4200" ]
  }, {
    "canonicalName" : "Vernier village",
    "synonyms" : [ "Vernier village", "4301" ]
  }, {
    "canonicalName" : "Châtelaine",
    "synonyms" : [ "Châtelaine", "4302" ]
  }, {
    "canonicalName" : "Aïre-Le Lignon",
    "synonyms" : [ "Aïre-Le Lignon", "4303" ]
  }, {
    "canonicalName" : "Les Avanchets",
    "synonyms" : [ "Les Avanchets", "4304" ]
  }, {
    "canonicalName" : "Versoix",
    "synonyms" : [ "Versoix", "4400" ]
  }, {
    "canonicalName" : "Veyrier",
    "synonyms" : [ "Veyrier", "4500" ]
  }, {
    "canonicalName" : "Suisses de l'Étranger",
    "synonyms" : [ "Suisses de l'Étranger", "4600" ]
  }, {
    "canonicalName" : "TOTAL CANTON",
    "synonyms" : [ "TOTAL CANTON", "0000" ]
  }, {
    "canonicalName" : "Chêne-Bougeries",
    "synonyms" : [ "Chêne-Bougeries", "1200" ]
  }, {
    "canonicalName" : "Genève",
    "synonyms" : [ "Genève", "2100" ]
  }, {
    "canonicalName" : "Lancy",
    "synonyms" : [ "Lancy", "2800" ]
  }, {
    "canonicalName" : "Vernier",
    "synonyms" : [ "Vernier", "4300" ]
  } ],
  "namedEntityRuleParams" : [ ]
}