{
  "name" : "Admin_HelpUser",
  "description" : "help message showing how to use the bot",
  "intentParameters" : [ ],
  "exampleData" : [ {
    "sentence" : "I need help",
    "exampleEntities" : [ ]
  }, {
    "sentence" : "how can I ask questions",
    "exampleEntities" : [ ]
  }, {
    "sentence" : "what are you serving",
    "exampleEntities" : [ ]
  }, {
    "sentence" : "what are you using",
    "exampleEntities" : [ ]
  }, {
    "sentence" : "how does it work",
    "exampleEntities" : [ ]
  }, {
    "sentence" : "how are you talking",
    "exampleEntities" : [ ]
  }, {
    "sentence" : "help me",
    "exampleEntities" : [ ]
  }, {
    "sentence" : "I do not understand",
    "exampleEntities" : [ ]
  }, {
    "sentence" : "what do you use",
    "exampleEntities" : [ ]
  }, {
    "sentence" : "how can I have answers",
    "exampleEntities" : [ ]
  }, {
    "sentence" : "how it works",
    "exampleEntities" : [ ]
  }, {
    "sentence" : "how do you cause",
    "exampleEntities" : [ ]
  }, {
    "sentence" : "help",
    "exampleEntities" : [ ]
  }, {
    "sentence" : "how do you walk",
    "exampleEntities" : [ ]
  } ]
}