{
  "name" : "Admin_UserChoice",
  "description" : "What results does the user want?",
  "intentParameters" : [ {
    "name" : "ResultTypes",
    "required" : true,
    "entity" : "ResultTypes"
  } ],
  "exampleData" : [ {
    "sentence" : "how to get results",
    "exampleEntities" : [ ]
  }, {
    "sentence" : "can I have the results",
    "exampleEntities" : [ ]
  }, {
    "sentence" : "results",
    "exampleEntities" : [ ]
  }, {
    "sentence" : "how do I find the results",
    "exampleEntities" : [ ]
  }, {
    "sentence" : "the results are available",
    "exampleEntities" : [ ]
  }, {
    "sentence" : "the results are ready",
    "exampleEntities" : [ ]
  }, {
    "sentence" : "where are the results",
    "exampleEntities" : [ ]
  } ]
}