{
  "name" : "Admin_WelcomeGreeting",
  "description" : "welcome message, user onboarding, quick explanation of bot usage",
  "intentParameters" : [ ],
  "exampleData" : [ {
    "sentence" : "ola",
    "exampleEntities" : [ ]
  }, {
    "sentence" : "hey",
    "exampleEntities" : [ ]
  }, {
    "sentence" : "good evening",
    "exampleEntities" : [ ]
  }, {
    "sentence" : "ciao",
    "exampleEntities" : [ ]
  }, {
    "sentence" : "hola",
    "exampleEntities" : [ ]
  }, {
    "sentence" : "good afternoon",
    "exampleEntities" : [ ]
  }, {
    "sentence" : "howdy",
    "exampleEntities" : [ ]
  }, {
    "sentence" : "salvo",
    "exampleEntities" : [ ]
  }, {
    "sentence" : "grüezi",
    "exampleEntities" : [ ]
  }, {
    "sentence" : "hi",
    "exampleEntities" : [ ]
  }, {
    "sentence" : "what's up",
    "exampleEntities" : [ ]
  }, {
    "sentence" : "Hello",
    "exampleEntities" : [ ]
  }, {
    "sentence" : "wazzup",
    "exampleEntities" : [ ]
  }, {
    "sentence" : "good tag",
    "exampleEntities" : [ ]
  }, {
    "sentence" : "good morning",
    "exampleEntities" : [ ]
  } ]
}