{
  "name" : "ResultCandidate",
  "description" : "Results of the election (GC or CE) at a Candidate level",
  "intentParameters" : [ {
    "name" : "CandidateCandidate list including both GC and CE ",
    "required" : true,
    "entity" : "Candidate"
  }, {
    "name" : "ResultTypesList of results types that can be provided",
    "required" : true,
    "entity" : "ResultTypes"
  } ],
  "exampleData" : [ {
    "sentence" : "What are the results for Pierre Midi?",
    "exampleEntities" : [ ]
  }, {
    "sentence" : "Is he elected?",
    "exampleEntities" : [ ]
  }, {
    "sentence" : "how many modified votes did this candidate get",
    "exampleEntities" : [ ]
  }, {
    "sentence" : "how many votes did this candidate get",
    "exampleEntities" : [ ]
  }, {
    "sentence" : "Is Gilles Barpéaimu elected?",
    "exampleEntities" : [ ]
  }, {
    "sentence" : "who was not elected in this list",
    "exampleEntities" : [ ]
  }, {
    "sentence" : "what are the results for this candidate",
    "exampleEntities" : [ ]
  }, {
    "sentence" : "was this candidate elected",
    "exampleEntities" : [ ]
  }, {
    "sentence" : "How many votes / votes got Pierre Midi?",
    "exampleEntities" : [ ]
  }, {
    "sentence" : "How many votes got Pierre Maudet?",
    "exampleEntities" : [ ]
  }, {
    "sentence" : "how many modified votes did Stephanie Valentino get",
    "exampleEntities" : [ ]
  }, {
    "sentence" : "how many votes did Paul Aymon get",
    "exampleEntities" : [ ]
  }, {
    "sentence" : "how many votes did Matteis Yves get",
    "exampleEntities" : [ ]
  }, {
    "sentence" : "was Agnes Bretignac candidate elected",
    "exampleEntities" : [ ]
  }, {
    "sentence" : "What are the results for Pierre Flamand?",
    "exampleEntities" : [ ]
  }, {
    "sentence" : "who was not elected in this list",
    "exampleEntities" : [ ]
  }, {
    "sentence" : "how many votes did Zaugg Christian get",
    "exampleEntities" : [ ]
  }, {
    "sentence" : "what are the results for Alain Cerf candidate",
    "exampleEntities" : [ ]
  }, {
    "sentence" : "Is Antoine De Dupont elected?",
    "exampleEntities" : [ ]
  }, {
    "sentence" : "Is Gilles Barton elected?",
    "exampleEntities" : [ ]
  }, {
    "sentence" : "how many votes did Remy Pagani get",
    "exampleEntities" : [ ]
  } ]
}