{
  "name" : "ResultCommune",
  "description" : "Results of the election (CE or GC) at a Commune level",
  "intentParameters" : [ {
    "name" : "Commune",
    "required" : true,
    "entity" : "Commune"
  }, {
    "name" : "ResultTypes",
    "required" : true,
    "entity" : "ResultTypes"
  } ],
  "exampleData" : [ {
    "sentence" : "who was elected here",
    "exampleEntities" : [ ]
  }, {
    "sentence" : "who is elected in Lancy",
    "exampleEntities" : [ ]
  }, {
    "sentence" : "who was elected in my commune",
    "exampleEntities" : [ ]
  }, {
    "sentence" : "what are the results at home",
    "exampleEntities" : [ ]
  }, {
    "sentence" : "which are the elected in Geneve",
    "exampleEntities" : [ ]
  }, {
    "sentence" : "what are the results in Carouge",
    "exampleEntities" : [ ]
  } ]
}