{
  "name" : "IntentNbreFoisCandidatBiffe",
  "type" : "NLPIntent",
  "intentParameters" : [ {
    "name" : "CandidatLite des candidats pour toutes les élections",
    "required" : true,
    "entity" : "Candidat"
  } ],
  "exampleData" : [ {
    "sentence" : "combien de fois pierre maudet a été biffé ?",
    "exampleEntities" : [ ]
  }, {
    "sentence" : "biffé combien de fois ?",
    "exampleEntities" : [ ]
  }, {
    "sentence" : "nombre de fois ou pierre maudet a été biffé ?",
    "exampleEntities" : [ ]
  }, {
    "sentence" : "combien de fois il a été biffé ?",
    "exampleEntities" : [ ]
  } ]
}