{
  "name" : "IntentResultatsGCParListe",
  "type" : "NLPIntent",
  "intentParameters" : [ {
    "name" : "TypeElection",
    "required" : true,
    "entity" : "TypeElection"
  }, {
    "name" : "ListeElectoraleTous les noms des listes électorales\n",
    "required" : true,
    "entity" : "ListeElectorale"
  } ],
  "exampleData" : [ {
    "sentence" : "quels sont les résultats de la liste pbd ?",
    "exampleEntities" : [ ]
  }, {
    "sentence" : "Combien de sièges a obtenu la liste pbd ?",
    "exampleEntities" : [ ]
  }, {
    "sentence" : "résultats liste femmes 2018",
    "exampleEntities" : [ ]
  }, {
    "sentence" : "sièges liste pbd",
    "exampleEntities" : [ ]
  }, {
    "sentence" : "quels sont les résultats des socialistes",
    "exampleEntities" : [ ]
  }, {
    "sentence" : "quels sont les résultats du mcg",
    "exampleEntities" : [ ]
  }, {
    "sentence" : "quels sont les résultats des libéraux radicaux",
    "exampleEntities" : [ ]
  }, {
    "sentence" : "résultats liste pbd",
    "exampleEntities" : [ ]
  }, {
    "sentence" : "quels sont les résultats de ensemble à gauche",
    "exampleEntities" : [ ]
  }, {
    "sentence" : "résultats de la liste démocrates chrétiens",
    "exampleEntities" : [ ]
  } ]
}