{
  "name" : "IntentListeNonElusParListe",
  "type" : "NLPIntent",
  "intentParameters" : [ {
    "name" : "ListeElectoraleTous les noms des listes électorales\n",
    "required" : true,
    "entity" : "ListeElectorale"
  } ],
  "exampleData" : [ {
    "sentence" : "MCG non-élus ?",
    "exampleEntities" : [ ]
  }, {
    "sentence" : "qui a perdu?",
    "exampleEntities" : [ ]
  }, {
    "sentence" : "qui est passé à la trappe ?",
    "exampleEntities" : [ ]
  }, {
    "sentence" : "Qui n'a pas été élu ?",
    "exampleEntities" : [ ]
  }, {
    "sentence" : "non élus?",
    "exampleEntities" : [ ]
  }, {
    "sentence" : "pas élus par liste",
    "exampleEntities" : [ ]
  }, {
    "sentence" : "qui n'a pas passé la barre?",
    "exampleEntities" : [ ]
  }, {
    "sentence" : "qui n'est pas élu chez les socialistes",
    "exampleEntities" : [ ]
  }, {
    "sentence" : "quelles roses sont recalées?",
    "exampleEntities" : [ ]
  }, {
    "sentence" : "non-élus?",
    "exampleEntities" : [ ]
  }, {
    "sentence" : "qui n'a pas obtenu assez de voix pour être élu?",
    "exampleEntities" : [ ]
  }, {
    "sentence" : "quels Roses sont recalés?",
    "exampleEntities" : [ ]
  }, {
    "sentence" : "PLR non-élues?",
    "exampleEntities" : [ ]
  }, {
    "sentence" : "qui a perdu au centre",
    "exampleEntities" : [ ]
  }, {
    "sentence" : "qui a perdu à droite ?",
    "exampleEntities" : [ ]
  }, {
    "sentence" : "qui n'y est pas élu",
    "exampleEntities" : [ ]
  }, {
    "sentence" : "Qui n'a pas été élu chez les verts ?",
    "exampleEntities" : [ ]
  }, {
    "sentence" : "qui a perdu à gauche?",
    "exampleEntities" : [ ]
  }, {
    "sentence" : "quels Verts sont virés?",
    "exampleEntities" : [ ]
  }, {
    "sentence" : "liste non élus pour la liste les verts",
    "exampleEntities" : [ ]
  } ]
}