{
  "name" : "IntentTauxParticipation",
  "type" : "NLPIntent",
  "intentParameters" : [ {
    "name" : "TypeElection",
    "required" : true,
    "entity" : "TypeElection"
  } ],
  "exampleData" : [ {
    "sentence" : "participation",
    "exampleEntities" : [ ]
  }, {
    "sentence" : "Combien de personnes ont voté ?",
    "exampleEntities" : [ ]
  }, {
    "sentence" : "taux de participation",
    "exampleEntities" : [ ]
  }, {
    "sentence" : "combien de votants ?",
    "exampleEntities" : [ ]
  }, {
    "sentence" : "Quel est le taux de participation ?",
    "exampleEntities" : [ ]
  } ]
}