{
  "name" : "IntentListeElusParListe",
  "type" : "NLPIntent",
  "intentParameters" : [ {
    "name" : "ListeElectoraleTous les noms des listes électorales\n",
    "required" : true,
    "entity" : "ListeElectorale"
  } ],
  "exampleData" : [ {
    "sentence" : "qui sont les élus MCG?",
    "exampleEntities" : [ ]
  }, {
    "sentence" : "PLR candidates élues ?",
    "exampleEntities" : [ ]
  }, {
    "sentence" : "les élues MCG",
    "exampleEntities" : [ ]
  }, {
    "sentence" : "MCG candidats élus?",
    "exampleEntities" : [ ]
  }, {
    "sentence" : "liste élus par liste",
    "exampleEntities" : [ ]
  }, {
    "sentence" : "Qui a été élu chez les verts ?",
    "exampleEntities" : [ ]
  }, {
    "sentence" : "Qui a été élu pour la liste les verts ?",
    "exampleEntities" : [ ]
  }, {
    "sentence" : "quelles sont les élues EAG?",
    "exampleEntities" : [ ]
  }, {
    "sentence" : "liste des élus pour la liste",
    "exampleEntities" : [ ]
  }, {
    "sentence" : "qui sont les élues de droite?",
    "exampleEntities" : [ ]
  }, {
    "sentence" : "qui est élue PLR",
    "exampleEntities" : [ ]
  }, {
    "sentence" : "qui est élu chez le MCG",
    "exampleEntities" : [ ]
  }, {
    "sentence" : "qui sont les femmes élues chez les Socialistes ?",
    "exampleEntities" : [ ]
  }, {
    "sentence" : "qui y est élu",
    "exampleEntities" : [ ]
  }, {
    "sentence" : "qui sont les élus FEM",
    "exampleEntities" : [ ]
  }, {
    "sentence" : "quels sont les élus dans la liste PLR",
    "exampleEntities" : [ ]
  }, {
    "sentence" : "qui sont les élues socialistes?",
    "exampleEntities" : [ ]
  }, {
    "sentence" : "qui sont les élues de gauche ?",
    "exampleEntities" : [ ]
  } ]
}