{
  "name" : "Candidats_CE",
  "description" : "Liste des 11 candidats pour le 2e tour des élections (sans Pierre Maudet déjà élu)",
  "type" : "ENUMVALUES",
  "enumValues" : [ {
    "canonicalName" : "HALLER Jocelyne",
    "synonyms" : [ "Jocelyne Haller", "Jocelyne", "Haller", "haller" ]
  }, {
    "canonicalName" : "HODGERS Antonio",
    "synonyms" : [ "Antonio Hodgers", "antonio", "hodgers", "d'antonio" ]
  }, {
    "canonicalName" : "EMERY-TORRACINTA Anne",
    "synonyms" : [ "Anne Emery-Torracinta", "Anne Emery Torracinta", "Anne", "Emery", "Torracinta", "toracinta", "emery toracinta", "emery-toracinta", "emery torracinta", "emery-torracinta", "torratinca", "d'anne" ]
  }, {
    "canonicalName" : "APOTHÉLOZ Thierry",
    "synonyms" : [ "Thierry Apothéloz", "Thierry Apotheloz", "thierry", "apotheloz", "apoteloz", "apothéloz", "apotéloz", "Apotheloz thierry", "apothéloz thierry", "d'apothéloz", "d'apotheloz", "d'apoteloz" ]
  }, {
    "canonicalName" : "FONTANET Nathalie",
    "synonyms" : [ "Nathalie Fontanet", "fontanet", "nathalie", "natalie", "fontane" ]
  }, {
    "canonicalName" : "BARTHASSAT Luc",
    "synonyms" : [ "Luc Barthassat", "luc", "barthassat", "bartassat", "bartassa" ]
  }, {
    "canonicalName" : "DAL BUSCO Serge",
    "synonyms" : [ "Serge Dal Busco", "serge", "dal", "busco", "dalbusco", "dal busco" ]
  }, {
    "canonicalName" : "NIDEGGER Yves",
    "synonyms" : [ "Yves Nidegger", "yves", "nidegger", "nideger", "nideguer" ]
  }, {
    "canonicalName" : "POGGIA Mauro",
    "synonyms" : [ "Mauro Poggia", "poggia", "mauro" ]
  }, {
    "canonicalName" : "AYMON Paul (dit Paul Sierre)",
    "synonyms" : [ "Paul Aymon", "dit Paul Sierre Aymon", "aymon", "paul", "sierre", "paul sierre", "sierre paul", "d'aymon" ]
  }, {
    "canonicalName" : "CRETEGNY Willy",
    "synonyms" : [ "Willy Cretegny", "willy", "cretegny", "cretigny" ]
  } ],
  "namedEntityRuleParams" : [ ]
}