{
  "name" : "LocalDeVote",
  "type" : "ENUMVALUES",
  "enumValues" : [ {
    "canonicalName" : "aire la ville",
    "synonyms" : [ "Aire-la-Ville", "0100", "aire la ville" ]
  }, {
    "canonicalName" : "anieres",
    "synonyms" : [ "Anières", "0200", "anieres" ]
  }, {
    "canonicalName" : "avully",
    "synonyms" : [ "Avully", "0300", "avully" ]
  }, {
    "canonicalName" : "avusy",
    "synonyms" : [ "Avusy", "0400", "avusy" ]
  }, {
    "canonicalName" : "bardonnex",
    "synonyms" : [ "Bardonnex", "0500", "bardonnex" ]
  }, {
    "canonicalName" : "bellevue",
    "synonyms" : [ "Bellevue", "0600", "bellevue" ]
  }, {
    "canonicalName" : "bernex",
    "synonyms" : [ "Bernex", "0700", "bernex" ]
  }, {
    "canonicalName" : "carouge",
    "synonyms" : [ "Carouge", "0800", "carouge" ]
  }, {
    "canonicalName" : "cartigny",
    "synonyms" : [ "Cartigny", "0900", "cartigny" ]
  }, {
    "canonicalName" : "celigny",
    "synonyms" : [ "Céligny", "1000", "celigny" ]
  }, {
    "canonicalName" : "chancy",
    "synonyms" : [ "Chancy", "1100", "chancy" ]
  }, {
    "canonicalName" : "chene bougeries centre",
    "synonyms" : [ "Chêne-Bougeries-Centre", "1201", "chene bougeries centre", "chene", "chene bougerie", "à chene bougerie", "a chene bougerie", "à chene centr", "a chene centre" ]
  }, {
    "canonicalName" : "conches",
    "synonyms" : [ "Conches", "1202", "conches" ]
  }, {
    "canonicalName" : "chene bourg",
    "synonyms" : [ "Chêne-Bourg", "1300", "chene bourg", "a chene bourg" ]
  }, {
    "canonicalName" : "choulex",
    "synonyms" : [ "Choulex", "1400", "choulex" ]
  }, {
    "canonicalName" : "collex bossy",
    "synonyms" : [ "Collex-Bossy", "1500", "collex bossy" ]
  }, {
    "canonicalName" : "collonge bellerive",
    "synonyms" : [ "Collonge-Bellerive", "1600", "collonge bellerive" ]
  }, {
    "canonicalName" : "cologny",
    "synonyms" : [ "Cologny", "1700", "cologny" ]
  }, {
    "canonicalName" : "confignon",
    "synonyms" : [ "Confignon", "1800", "confignon" ]
  }, {
    "canonicalName" : "corsier",
    "synonyms" : [ "Corsier", "1900", "corsier" ]
  }, {
    "canonicalName" : "dardagny",
    "synonyms" : [ "Dardagny", "2000", "dardagny" ]
  }, {
    "canonicalName" : "cite   rive",
    "synonyms" : [ "Cité - Rive", "2101", "cite   rive" ]
  }, {
    "canonicalName" : "paquis",
    "synonyms" : [ "Pâquis", "2102", "paquis" ]
  }, {
    "canonicalName" : "saint gervais",
    "synonyms" : [ "Saint-Gervais", "2103", "saint gervais" ]
  }, {
    "canonicalName" : "prairie delices",
    "synonyms" : [ "Prairie-Délices", "2104", "prairie delices", "aux prairies délices", "aux prairies delices", "aux prairies delice" ]
  }, {
    "canonicalName" : "eaux vives   lac",
    "synonyms" : [ "Eaux-Vives - Lac", "2105", "eaux vives   lac", "aux eaux vives lac" ]
  }, {
    "canonicalName" : "eaux vives   frontenex",
    "synonyms" : [ "Eaux-Vives - Frontenex", "2106", "eaux vives   frontenex", "aux eaux vives frontenex" ]
  }, {
    "canonicalName" : "florissant   malagnou",
    "synonyms" : [ "Florissant - Malagnou", "2107", "florissant   malagnou" ]
  }, {
    "canonicalName" : "cluse   roseraie",
    "synonyms" : [ "Cluse - Roseraie", "2108", "cluse   roseraie" ]
  }, {
    "canonicalName" : "acacias",
    "synonyms" : [ "Acacias", "2109", "acacias", "aux accacias" ]
  }, {
    "canonicalName" : "mail   jonction",
    "synonyms" : [ "Mail - Jonction", "2110", "mail   jonction", "mail", "jonction" ]
  }, {
    "canonicalName" : "servette   grand pre",
    "synonyms" : [ "Servette - Grand-Pré", "2111", "servette   grand pre" ]
  }, {
    "canonicalName" : "prieure   secheron",
    "synonyms" : [ "Prieuré - Sécheron", "2112", "prieure   secheron" ]
  }, {
    "canonicalName" : "saint jean",
    "synonyms" : [ "Saint-Jean", "2113", "saint jean" ]
  }, {
    "canonicalName" : "les crets",
    "synonyms" : [ "Les Crêts", "2114", "les crets", "crets", "crêts", "aux crets", "aux crêts" ]
  }, {
    "canonicalName" : "cropettes   vidollet",
    "synonyms" : [ "Cropettes - Vidollet", "2115", "cropettes   vidollet" ]
  }, {
    "canonicalName" : "vieusseux",
    "synonyms" : [ "Vieusseux", "2116", "vieusseux" ]
  }, {
    "canonicalName" : "champel",
    "synonyms" : [ "Champel", "2117", "champel" ]
  }, {
    "canonicalName" : "genthod",
    "synonyms" : [ "Genthod", "2200", "genthod" ]
  }, {
    "canonicalName" : "grand saconnex",
    "synonyms" : [ "Grand-Saconnex", "2300", "grand saconnex", "au grand saconnex" ]
  }, {
    "canonicalName" : "gy",
    "synonyms" : [ "Gy", "2400", "gy" ]
  }, {
    "canonicalName" : "hermance",
    "synonyms" : [ "Hermance", "2500", "hermance" ]
  }, {
    "canonicalName" : "jussy",
    "synonyms" : [ "Jussy", "2600", "jussy" ]
  }, {
    "canonicalName" : "laconnex",
    "synonyms" : [ "Laconnex", "2700", "laconnex" ]
  }, {
    "canonicalName" : "grand lancy",
    "synonyms" : [ "Grand-Lancy", "2801", "grand lancy", "au grand-lancy", "au grand lancy" ]
  }, {
    "canonicalName" : "petit lancy",
    "synonyms" : [ "Petit-Lancy", "2802", "petit lancy", "au petit lancy", "au petit-lanc", "au petit-lancy" ]
  }, {
    "canonicalName" : "meinier",
    "synonyms" : [ "Meinier", "2900", "meinier" ]
  }, {
    "canonicalName" : "meyrin",
    "synonyms" : [ "Meyrin", "3000", "meyrin" ]
  }, {
    "canonicalName" : "onex",
    "synonyms" : [ "Onex", "3100", "onex" ]
  }, {
    "canonicalName" : "perly certoux",
    "synonyms" : [ "Perly-Certoux", "3200", "perly certoux", "perly", "certoux" ]
  }, {
    "canonicalName" : "plan les ouates",
    "synonyms" : [ "Plan-les-Ouates", "3300", "plan les ouates" ]
  }, {
    "canonicalName" : "pregny chambesy",
    "synonyms" : [ "Pregny-Chambésy", "3400", "pregny chambesy" ]
  }, {
    "canonicalName" : "presinge",
    "synonyms" : [ "Presinge", "3500", "presinge" ]
  }, {
    "canonicalName" : "puplinge",
    "synonyms" : [ "Puplinge", "3600", "puplinge" ]
  }, {
    "canonicalName" : "russin",
    "synonyms" : [ "Russin", "3700", "russin" ]
  }, {
    "canonicalName" : "satigny",
    "synonyms" : [ "Satigny", "3800", "satigny" ]
  }, {
    "canonicalName" : "soral",
    "synonyms" : [ "Soral", "3900", "soral" ]
  }, {
    "canonicalName" : "thonex",
    "synonyms" : [ "Thônex", "4000", "thonex" ]
  }, {
    "canonicalName" : "troinex",
    "synonyms" : [ "Troinex", "4100", "troinex" ]
  }, {
    "canonicalName" : "vandoeuvres",
    "synonyms" : [ "Vandoeuvres", "4200", "vandoeuvres" ]
  }, {
    "canonicalName" : "vernier village",
    "synonyms" : [ "Vernier village", "4301", "vernier village" ]
  }, {
    "canonicalName" : "chatelaine",
    "synonyms" : [ "Châtelaine", "4302", "chatelaine" ]
  }, {
    "canonicalName" : "aire le lignon",
    "synonyms" : [ "Aïre-Le Lignon", "4303", "aire le lignon" ]
  }, {
    "canonicalName" : "les avanchets",
    "synonyms" : [ "Les Avanchets", "4304", "les avanchets", "aux avanchets" ]
  }, {
    "canonicalName" : "versoix",
    "synonyms" : [ "Versoix", "4400", "versoix" ]
  }, {
    "canonicalName" : "veyrier",
    "synonyms" : [ "Veyrier", "4500", "veyrier" ]
  }, {
    "canonicalName" : "suisses de l'etranger",
    "synonyms" : [ "Suisses de l'Étranger", "4600", "suisses de l'etranger" ]
  }, {
    "canonicalName" : "total canton",
    "synonyms" : [ "TOTAL CANTON", "0000", "total canton" ]
  }, {
    "canonicalName" : "chene bougeries",
    "synonyms" : [ "Chêne-Bougeries", "1200", "chene bougeries" ]
  }, {
    "canonicalName" : "geneve",
    "synonyms" : [ "Genève", "2100", "geneve" ]
  }, {
    "canonicalName" : "lancy",
    "synonyms" : [ "Lancy", "2800", "lancy" ]
  }, {
    "canonicalName" : "vernier",
    "synonyms" : [ "Vernier", "4300", "vernier" ]
  } ],
  "namedEntityRuleParams" : [ ]
}