{
  "name" : "CancelPasta",
  "intentParameters" : [ ],
  "exampleData" : [ {
    "sentence" : "Cancel my pasta",
    "exampleEntities" : [ ]
  }, {
    "sentence" : "Cancel my pastaaa",
    "exampleEntities" : [ ]
  }, {
    "sentence" : "I do not want this",
    "exampleEntities" : [ ]
  }, {
    "sentence" : "Cancel this order",
    "exampleEntities" : [ ]
  }, {
    "sentence" : "I'm not hungry anymore",
    "exampleEntities" : [ ]
  }, {
    "sentence" : "I don't want to order this pasta",
    "exampleEntities" : [ ]
  }, {
    "sentence" : "Cancel my pastaz",
    "exampleEntities" : [ ]
  }, {
    "sentence" : "I do not want to order pasta",
    "exampleEntities" : [ ]
  }, {
    "sentence" : "Can I cancel this order?",
    "exampleEntities" : [ ]
  } ]
}