{
  "name" : "Greeting",
  "description" : "welcome the user",
  "type" : "NLPIntent",
  "intentParameters" : [ ],
  "exampleData" : [ {
    "sentence" : "hi",
    "exampleEntities" : [ ]
  }, {
    "sentence" : "hello",
    "exampleEntities" : [ ]
  }, {
    "sentence" : "good morning",
    "exampleEntities" : [ ]
  }, {
    "sentence" : "good afternoon",
    "exampleEntities" : [ ]
  }, {
    "sentence" : "good evening",
    "exampleEntities" : [ ]
  }, {
    "sentence" : "how are you",
    "exampleEntities" : [ ]
  }, {
    "sentence" : "how you doin",
    "exampleEntities" : [ ]
  }, {
    "sentence" : "you are you doing",
    "exampleEntities" : [ ]
  }, {
    "sentence" : "how do you do",
    "exampleEntities" : [ ]
  } ]
}