{
  "name" : "OrderPasta",
  "intentParameters" : [ ],
  "exampleData" : [ {
    "sentence" : "I want pasta",
    "exampleEntities" : [ ]
  }, {
    "sentence" : "Make me a pasta",
    "exampleEntities" : [ ]
  }, {
    "sentence" : "pasta I want",
    "exampleEntities" : [ ]
  }, {
    "sentence" : "feed me Seymour, feed me!",
    "exampleEntities" : [ ]
  }, {
    "sentence" : "lasagne !",
    "exampleEntities" : [ ]
  }, {
    "sentence" : "Give me a pasta",
    "exampleEntities" : [ ]
  }, {
    "sentence" : "I'm starving",
    "exampleEntities" : [ ]
  }, {
    "sentence" : "I'm hungry",
    "exampleEntities" : [ ]
  }, {
    "sentence" : "bring me food",
    "exampleEntities" : [ ]
  }, {
    "sentence" : "I feel like eating a pasta",
    "exampleEntities" : [ ]
  }, {
    "sentence" : "i want spaghetti",
    "exampleEntities" : [ ]
  }, {
    "sentence" : "I want a pasta",
    "exampleEntities" : [ ]
  }, {
    "sentence" : "Gimme a pie",
    "exampleEntities" : [ ]
  }, {
    "sentence" : "I want a pastaz",
    "exampleEntities" : [ ]
  }, {
    "sentence" : "I want to order a pasta",
    "exampleEntities" : [ ]
  }, {
    "sentence" : "give me pasta",
    "exampleEntities" : [ ]
  }, {
    "sentence" : "Garfield attack",
    "exampleEntities" : [ ]
  }, {
    "sentence" : "I want a pizaa",
    "exampleEntities" : [ ]
  }, {
    "sentence" : "arfield attack",
    "exampleEntities" : [ ]
  } ]
}