{
  "name" : "ListeElectorale",
  "description" : "Tous les noms des listes électorales (duplicatas enlevés comme CE ou GC demandé)\n",
  "type" : "ENUMVALUES",
  "enumValues" : [ {
    "canonicalName" : "SOC",
    "synonyms" : [ "Les Socialistes" ]
  }, {
    "canonicalName" : "VERT",
    "synonyms" : [ "Les Verts" ]
  }, {
    "canonicalName" : "EAG",
    "synonyms" : [ "Ensemble À Gauche" ]
  }, {
    "canonicalName" : "MCG",
    "synonyms" : [ "MCG" ]
  }, {
    "canonicalName" : "ENT",
    "synonyms" : [ "PLR - PDC - Entente" ]
  }, {
    "canonicalName" : "RIEN",
    "synonyms" : [ "Rien Pas Grand Chose" ]
  }, {
    "canonicalName" : "SAN",
    "synonyms" : [ "Santé" ]
  }, {
    "canonicalName" : "UDC",
    "synonyms" : [ "UDC" ]
  }, {
    "canonicalName" : "PROM",
    "synonyms" : [ "Prospérité Maîtrisée" ]
  }, {
    "canonicalName" : "LPG",
    "synonyms" : [ "La Liste Pour Genève" ]
  }, {
    "canonicalName" : "GEMA",
    "synonyms" : [ "Genève En Marche" ]
  }, {
    "canonicalName" : "PBD",
    "synonyms" : [ "PBD Genève" ]
  }, {
    "canonicalName" : "VERL",
    "synonyms" : [ "Vert'Libéraux" ]
  }, {
    "canonicalName" : "PLR",
    "synonyms" : [ "Libéraux-Radicaux" ]
  }, {
    "canonicalName" : "PDC",
    "synonyms" : [ "Démocrate-Chrétien" ]
  }, {
    "canonicalName" : "FEM",
    "synonyms" : [ "Laliste-Femmes 2018" ]
  }, {
    "canonicalName" : "LEE",
    "synonyms" : [ "Égalité Et Équité" ]
  } ],
  "namedEntityRuleParams" : [ ]
}