{
  "name" : "LocalDeVote",
  "type" : "ENUMVALUES",
  "enumValues" : [ {
    "canonicalName" : "aire la ville",
    "synonyms" : [ "Aire-la-Ville", "0100" ]
  }, {
    "canonicalName" : "anieres",
    "synonyms" : [ "Anières", "0200" ]
  }, {
    "canonicalName" : "avully",
    "synonyms" : [ "Avully", "0300" ]
  }, {
    "canonicalName" : "avusy",
    "synonyms" : [ "Avusy", "0400" ]
  }, {
    "canonicalName" : "bardonnex",
    "synonyms" : [ "Bardonnex", "0500" ]
  }, {
    "canonicalName" : "bellevue",
    "synonyms" : [ "Bellevue", "0600" ]
  }, {
    "canonicalName" : "bernex",
    "synonyms" : [ "Bernex", "0700" ]
  }, {
    "canonicalName" : "carouge",
    "synonyms" : [ "Carouge", "0800" ]
  }, {
    "canonicalName" : "cartigny",
    "synonyms" : [ "Cartigny", "0900" ]
  }, {
    "canonicalName" : "celigny",
    "synonyms" : [ "Céligny", "1000" ]
  }, {
    "canonicalName" : "chancy",
    "synonyms" : [ "Chancy", "1100" ]
  }, {
    "canonicalName" : "chene bougeries centre",
    "synonyms" : [ "Chêne-Bougeries-Centre", "1201" ]
  }, {
    "canonicalName" : "conches",
    "synonyms" : [ "Conches", "1202" ]
  }, {
    "canonicalName" : "chene bourg",
    "synonyms" : [ "Chêne-Bourg", "1300" ]
  }, {
    "canonicalName" : "choulex",
    "synonyms" : [ "Choulex", "1400" ]
  }, {
    "canonicalName" : "collex bossy",
    "synonyms" : [ "Collex-Bossy", "1500" ]
  }, {
    "canonicalName" : "collonge bellerive",
    "synonyms" : [ "Collonge-Bellerive", "1600" ]
  }, {
    "canonicalName" : "cologny",
    "synonyms" : [ "Cologny", "1700" ]
  }, {
    "canonicalName" : "confignon",
    "synonyms" : [ "Confignon", "1800" ]
  }, {
    "canonicalName" : "corsier",
    "synonyms" : [ "Corsier", "1900" ]
  }, {
    "canonicalName" : "dardagny",
    "synonyms" : [ "Dardagny", "2000" ]
  }, {
    "canonicalName" : "cite   rive",
    "synonyms" : [ "Cité - Rive", "2101" ]
  }, {
    "canonicalName" : "paquis",
    "synonyms" : [ "Pâquis", "2102" ]
  }, {
    "canonicalName" : "saint gervais",
    "synonyms" : [ "Saint-Gervais", "2103" ]
  }, {
    "canonicalName" : "prairie delices",
    "synonyms" : [ "Prairie-Délices", "2104" ]
  }, {
    "canonicalName" : "eaux vives   lac",
    "synonyms" : [ "Eaux-Vives - Lac", "2105" ]
  }, {
    "canonicalName" : "eaux vives   frontenex",
    "synonyms" : [ "Eaux-Vives - Frontenex", "2106" ]
  }, {
    "canonicalName" : "florissant   malagnou",
    "synonyms" : [ "Florissant - Malagnou", "2107" ]
  }, {
    "canonicalName" : "cluse   roseraie",
    "synonyms" : [ "Cluse - Roseraie", "2108" ]
  }, {
    "canonicalName" : "acacias",
    "synonyms" : [ "Acacias", "2109" ]
  }, {
    "canonicalName" : "mail   jonction",
    "synonyms" : [ "Mail - Jonction", "2110" ]
  }, {
    "canonicalName" : "servette   grand pre",
    "synonyms" : [ "Servette - Grand-Pré", "2111" ]
  }, {
    "canonicalName" : "prieure   secheron",
    "synonyms" : [ "Prieuré - Sécheron", "2112" ]
  }, {
    "canonicalName" : "saint jean",
    "synonyms" : [ "Saint-Jean", "2113" ]
  }, {
    "canonicalName" : "les crets",
    "synonyms" : [ "Les Crêts", "2114" ]
  }, {
    "canonicalName" : "cropettes   vidollet",
    "synonyms" : [ "Cropettes - Vidollet", "2115" ]
  }, {
    "canonicalName" : "vieusseux",
    "synonyms" : [ "Vieusseux", "2116" ]
  }, {
    "canonicalName" : "champel",
    "synonyms" : [ "Champel", "2117" ]
  }, {
    "canonicalName" : "genthod",
    "synonyms" : [ "Genthod", "2200" ]
  }, {
    "canonicalName" : "grand saconnex",
    "synonyms" : [ "Grand-Saconnex", "2300" ]
  }, {
    "canonicalName" : "gy",
    "synonyms" : [ "Gy", "2400" ]
  }, {
    "canonicalName" : "hermance",
    "synonyms" : [ "Hermance", "2500" ]
  }, {
    "canonicalName" : "jussy",
    "synonyms" : [ "Jussy", "2600" ]
  }, {
    "canonicalName" : "laconnex",
    "synonyms" : [ "Laconnex", "2700" ]
  }, {
    "canonicalName" : "grand lancy",
    "synonyms" : [ "Grand-Lancy", "2801" ]
  }, {
    "canonicalName" : "petit lancy",
    "synonyms" : [ "Petit-Lancy", "2802" ]
  }, {
    "canonicalName" : "meinier",
    "synonyms" : [ "Meinier", "2900" ]
  }, {
    "canonicalName" : "meyrin",
    "synonyms" : [ "Meyrin", "3000" ]
  }, {
    "canonicalName" : "onex",
    "synonyms" : [ "Onex", "3100" ]
  }, {
    "canonicalName" : "perly certoux",
    "synonyms" : [ "Perly-Certoux", "3200" ]
  }, {
    "canonicalName" : "plan les ouates",
    "synonyms" : [ "Plan-les-Ouates", "3300" ]
  }, {
    "canonicalName" : "pregny chambesy",
    "synonyms" : [ "Pregny-Chambésy", "3400" ]
  }, {
    "canonicalName" : "presinge",
    "synonyms" : [ "Presinge", "3500" ]
  }, {
    "canonicalName" : "puplinge",
    "synonyms" : [ "Puplinge", "3600" ]
  }, {
    "canonicalName" : "russin",
    "synonyms" : [ "Russin", "3700" ]
  }, {
    "canonicalName" : "satigny",
    "synonyms" : [ "Satigny", "3800" ]
  }, {
    "canonicalName" : "soral",
    "synonyms" : [ "Soral", "3900" ]
  }, {
    "canonicalName" : "thonex",
    "synonyms" : [ "Thônex", "4000" ]
  }, {
    "canonicalName" : "troinex",
    "synonyms" : [ "Troinex", "4100" ]
  }, {
    "canonicalName" : "vandoeuvres",
    "synonyms" : [ "Vandoeuvres", "4200" ]
  }, {
    "canonicalName" : "vernier village",
    "synonyms" : [ "Vernier village", "4301" ]
  }, {
    "canonicalName" : "chatelaine",
    "synonyms" : [ "Châtelaine", "4302" ]
  }, {
    "canonicalName" : "aire le lignon",
    "synonyms" : [ "Aïre-Le Lignon", "4303" ]
  }, {
    "canonicalName" : "les avanchets",
    "synonyms" : [ "Les Avanchets", "4304" ]
  }, {
    "canonicalName" : "versoix",
    "synonyms" : [ "Versoix", "4400" ]
  }, {
    "canonicalName" : "veyrier",
    "synonyms" : [ "Veyrier", "4500" ]
  }, {
    "canonicalName" : "suisses de l'etranger",
    "synonyms" : [ "Suisses de l'Étranger", "4600" ]
  }, {
    "canonicalName" : "total canton",
    "synonyms" : [ "TOTAL CANTON", "0000" ]
  }, {
    "canonicalName" : "chene bougeries",
    "synonyms" : [ "Chêne-Bougeries", "1200" ]
  }, {
    "canonicalName" : "geneve",
    "synonyms" : [ "Genève", "2100" ]
  }, {
    "canonicalName" : "lancy",
    "synonyms" : [ "Lancy", "2800" ]
  }, {
    "canonicalName" : "vernier",
    "synonyms" : [ "Vernier", "4300" ]
  } ],
  "namedEntityRuleParams" : [ ]
}