{
  "name" : "IntentTauxParticipation",
  "type" : "NLPIntent",
  "intentParameters" : [ ],
  "exampleData" : [ {
    "sentence" : "taux de participation",
    "exampleEntities" : [ ]
  }, {
    "sentence" : "participation",
    "exampleEntities" : [ ]
  }, {
    "sentence" : "combien de votants ?",
    "exampleEntities" : [ ]
  }, {
    "sentence" : "Combien de personnes ont voté ?",
    "exampleEntities" : [ ]
  }, {
    "sentence" : "Quel est le taux de participation ?",
    "exampleEntities" : [ ]
  } ]
}