{
  "name" : "ResultTypes",
  "description" : "List of results types that can be provided",
  "type" : "ENUMVALUES",
  "enumValues" : [ {
    "canonicalName" : "Resultats des elections",
    "synonyms" : [ "election results", "1st round results", "results cantonal elections" ]
  }, {
    "canonicalName" : "Resultats Conseil Etat",
    "synonyms" : [ "results state council", "result state council", "Councillor of state", "state counselor", "State Council results", "Conseil d'Etat", "conseil etat", "conseil état", "conseil d'état", "conseiletat", "etat", "état", "CE", "Le Conseil d'Etat", "State Council", "CouncilState", "State EC", "The State Council" ]
  }, {
    "canonicalName" : "Resultats Grand Conseil",
    "synonyms" : [ "Grand Council Results", "great advice", "results of the deputies", "Board of state", "Board of State", "grand council results" ]
  }, {
    "canonicalName" : "Niveau de participation",
    "synonyms" : [ "Level of participation", "participation", "rate of participation" ]
  }, {
    "canonicalName" : "Resultats par candidat",
    "synonyms" : [ "Result per candidate", "results of the candidates", "results of the candidate", "result of the candidate", "Results by candidate", "Result by candidate", "candidate results", "candidates result", "candidates results", "candidate" ]
  }, {
    "canonicalName" : "Resultats par liste",
    "synonyms" : [ "Results by list", "result of lists", "results of the list", "the lists" ]
  }, {
    "canonicalName" : "Resultats par local",
    "synonyms" : [ "Results by local", "results of the premises", "the locals", "the residents", "local", "results of my local" ]
  } ],
  "namedEntityRuleParams" : [ ],
  "prompts" : [ "Please enter Entity1" ]
}