{
  "name" : "IntentDonnerDuFeedback",
  "type" : "NLPIntent",
  "intentParameters" : [ ],
  "exampleData" : [ {
    "sentence" : "feedback",
    "exampleEntities" : [ ]
  }, {
    "sentence" : "je voudrais suggérer une amélioration",
    "exampleEntities" : [ ]
  }, {
    "sentence" : "j'aimerais une nouvelle fonction",
    "exampleEntities" : [ ]
  }, {
    "sentence" : "je voudrais vous donner mon avis",
    "exampleEntities" : [ ]
  }, {
    "sentence" : "je trouve ce bot très bien",
    "exampleEntities" : [ ]
  }, {
    "sentence" : "je trouve ce chatbot super",
    "exampleEntities" : [ ]
  } ]
}