{
  "name" : "Candidats_CE",
  "description" : "Liste des 11 candidats pour le 2e tour des élections (sans Pierre Maudet déjà élu)",
  "type" : "ENUMVALUES",
  "enumValues" : [ {
    "canonicalName" : "Haller Jocelyne",
    "synonyms" : [ "Jocelyne Haller", "Jocelyne Haller" ]
  }, {
    "canonicalName" : "Hodgers Antonio",
    "synonyms" : [ "Antonio Hodgers", "Antonio Hodgers" ]
  }, {
    "canonicalName" : "Emery-Torracinta Anne",
    "synonyms" : [ "Anne Emery-Torracinta", "Anne Emery Torracinta" ]
  }, {
    "canonicalName" : "Apothéloz Thierry",
    "synonyms" : [ "Thierry Apothéloz", "Thierry Apotheloz" ]
  }, {
    "canonicalName" : "Fontanet Nathalie",
    "synonyms" : [ "Nathalie Fontanet", "Nathalie Fontanet" ]
  }, {
    "canonicalName" : "Barthassat Luc",
    "synonyms" : [ "Luc Barthassat", "Luc Barthassat" ]
  }, {
    "canonicalName" : "Dal Busco Serge",
    "synonyms" : [ "Serge Dal Busco", "Serge Dal Busco" ]
  }, {
    "canonicalName" : "Nidegger Yves",
    "synonyms" : [ "Yves Nidegger", "Yves Nidegger" ]
  }, {
    "canonicalName" : "Poggia Mauro",
    "synonyms" : [ "Mauro Poggia", "Mauro Poggia" ]
  }, {
    "canonicalName" : "Aymon Paul",
    "synonyms" : [ "Paul Aymon", "dit Paul Sierre Aymon", "Paul Aymon", "dit Paul Sierre Aymon" ]
  }, {
    "canonicalName" : "Cretegny Willy",
    "synonyms" : [ "Willy Cretegny", "Willy Cretegny" ]
  } ],
  "namedEntityRuleParams" : [ ]
}