{
  "name" : "ResultCandidate",
  "description" : "Results of the election (CE or GC) at a Candidate level",
  "intentParameters" : [ {
    "name" : "Candidat_CE",
    "required" : true,
    "entity" : "Candidat_CE"
  }, {
    "name" : "Candidat_CE_GC",
    "required" : true,
    "entity" : "Candidat_CE_GC"
  }, {
    "name" : "Candidat_GC",
    "required" : true,
    "entity" : "Candidat_GC"
  }, {
    "name" : "ResultTypesList of results types that can be provided",
    "required" : true,
    "entity" : "ResultTypes"
  } ],
  "exampleData" : [ {
    "sentence" : "Is Gilles Barton elected?",
    "exampleEntities" : [ ]
  }, {
    "sentence" : "how many votes did Paul Aymon get",
    "exampleEntities" : [ ]
  }, {
    "sentence" : "how many modified votes did Stephanie Valentino get",
    "exampleEntities" : [ ]
  }, {
    "sentence" : "was Agnes Bretignac candidate elected",
    "exampleEntities" : [ ]
  }, {
    "sentence" : "who was not elected in this list",
    "exampleEntities" : [ ]
  }, {
    "sentence" : "what are the results for Alain Cerf candidate",
    "exampleEntities" : [ ]
  }, {
    "sentence" : "What are the results for Pierre Flamand?",
    "exampleEntities" : [ ]
  }, {
    "sentence" : "How many votes / votes got Pierre Maudet?",
    "exampleEntities" : [ ]
  }, {
    "sentence" : "Is Antoine De Dupont elected?",
    "exampleEntities" : [ ]
  }, {
    "sentence" : "how many votes did Matteis Yves get",
    "exampleEntities" : [ ]
  } ]
}