{
  "name" : "ResultList",
  "description" : "Results of the election (CE or GC) at a List level",
  "intentParameters" : [ {
    "name" : "Listes_GCPolitical lists for the GC elections",
    "required" : true,
    "entity" : "Listes_GC"
  }, {
    "name" : "Listes_CE",
    "required" : true,
    "entity" : "Listes_CE"
  }, {
    "name" : "ResultTypesList of results types that can be provided",
    "required" : true,
    "entity" : "ResultTypes"
  } ],
  "exampleData" : [ {
    "sentence" : "Who is elected in PLR list",
    "exampleEntities" : [ ]
  }, {
    "sentence" : "Who is not elected in the PS list",
    "exampleEntities" : [ ]
  }, {
    "sentence" : "Who is not elected at the races?",
    "exampleEntities" : [ ]
  }, {
    "sentence" : "did the greens list win",
    "exampleEntities" : [ ]
  }, {
    "sentence" : "did list number 7 loose",
    "exampleEntities" : [ ]
  }, {
    "sentence" : "how well did list number 2 do",
    "exampleEntities" : [ ]
  }, {
    "sentence" : "how many votes did the orange list get",
    "exampleEntities" : [ ]
  }, {
    "sentence" : "who was elected in the UDC list",
    "exampleEntities" : [ ]
  }, {
    "sentence" : "who was not elected in the EAG list",
    "exampleEntities" : [ ]
  }, {
    "sentence" : "How many seats have the list of races?",
    "exampleEntities" : [ ]
  }, {
    "sentence" : "What are the results of the green list at Chene Bougeries?",
    "exampleEntities" : [ ]
  }, {
    "sentence" : "Who is elected at the races?",
    "exampleEntities" : [ ]
  } ]
}