{
  "name" : "Admin_WelcomeGreeting",
  "description" : "welcome message, user onboarding, quick explanation of bot usage",
  "type" : "NLPIntent",
  "intentParameters" : [ ],
  "exampleData" : [ {
    "sentence" : "hi",
    "exampleEntities" : [ ]
  }, {
    "sentence" : "good afternoon",
    "exampleEntities" : [ ]
  }, {
    "sentence" : "hey there",
    "exampleEntities" : [ ]
  }, {
    "sentence" : "hello",
    "exampleEntities" : [ ]
  }, {
    "sentence" : "good morning",
    "exampleEntities" : [ ]
  }, {
    "sentence" : "hello",
    "exampleEntities" : [ ]
  }, {
    "sentence" : "hi",
    "exampleEntities" : [ ]
  }, {
    "sentence" : "good morning",
    "exampleEntities" : [ ]
  }, {
    "sentence" : "good afternoon",
    "exampleEntities" : [ ]
  }, {
    "sentence" : "hey there",
    "exampleEntities" : [ ]
  } ]
}