{
  "name" : "Admin_ErrorHandling",
  "description" : "Deal with misunderstanding on the part of the bot",
  "type" : "NLPIntent",
  "intentParameters" : [ ],
  "exampleData" : [ {
    "sentence" : "qqsaacs435d$$1",
    "exampleEntities" : [ ]
  }, {
    "sentence" : "?????",
    "exampleEntities" : [ ]
  }, {
    "sentence" : "oijakdeww  elsdkkwe",
    "exampleEntities" : [ ]
  }, {
    "sentence" : "sjkanadands",
    "exampleEntities" : [ ]
  }, {
    "sentence" : "!!!!!",
    "exampleEntities" : [ ]
  }, {
    "sentence" : "qqsaacs435d$$1",
    "exampleEntities" : [ ]
  }, {
    "sentence" : "sjkanadands",
    "exampleEntities" : [ ]
  }, {
    "sentence" : "!!!!!",
    "exampleEntities" : [ ]
  }, {
    "sentence" : "?????",
    "exampleEntities" : [ ]
  }, {
    "sentence" : "oijakdeww  elsdkkwe",
    "exampleEntities" : [ ]
  } ]
}