{
  "name" : "Admin_HelpUser",
  "description" : "help message showing how to use the bot",
  "type" : "NLPIntent",
  "intentParameters" : [ ],
  "exampleData" : [ {
    "sentence" : "what can i ask",
    "exampleEntities" : [ ]
  }, {
    "sentence" : "how can i use you",
    "exampleEntities" : [ ]
  }, {
    "sentence" : "how can i ask questions",
    "exampleEntities" : [ ]
  }, {
    "sentence" : "what can you tell me",
    "exampleEntities" : [ ]
  }, {
    "sentence" : "how can i use you",
    "exampleEntities" : [ ]
  }, {
    "sentence" : "how can i ask questions",
    "exampleEntities" : [ ]
  }, {
    "sentence" : "what can i ask",
    "exampleEntities" : [ ]
  }, {
    "sentence" : "what can you tell me ",
    "exampleEntities" : [ ]
  } ]
}