{
  "name" : "Admin_CheckProperNoun",
  "description" : "check user input with no translation and save variable if intent detected",
  "type" : "NLPIntent",
  "intentParameters" : [ {
    "name" : "Candidat_CECandidates for CE only",
    "required" : true,
    "entity" : "Candidat_CE"
  }, {
    "name" : "Candidat_CE_GCCandidates for CE and GC",
    "required" : true,
    "entity" : "Candidat_CE_GC"
  }, {
    "name" : "Candidat_GCCandidates for GC only",
    "required" : true,
    "entity" : "Candidat_GC"
  } ],
  "exampleData" : [ {
    "sentence" : "Joe Bloggs",
    "exampleEntities" : [ ]
  }, {
    "sentence" : "John Doe",
    "exampleEntities" : [ ]
  }, {
    "sentence" : "Jane Doe",
    "exampleEntities" : [ ]
  }, {
    "sentence" : "Ann Bee",
    "exampleEntities" : [ ]
  }, {
    "sentence" : "Jean Charles",
    "exampleEntities" : [ ]
  }, {
    "sentence" : "Pierre Paul",
    "exampleEntities" : [ ]
  }, {
    "sentence" : "Paul Jacques",
    "exampleEntities" : [ ]
  }, {
    "sentence" : "Mark Antoine",
    "exampleEntities" : [ ]
  }, {
    "sentence" : "Sekna Ossman",
    "exampleEntities" : [ ]
  } ]
}