{
  "name" : "CE_CALC_BestCommune",
  "description" : "find the commune where candidate A got best results",
  "type" : "NLPIntent",
  "intentParameters" : [ ],
  "exampleData" : [ {
    "sentence" : "in which commune did the candidate have the best results",
    "exampleEntities" : [ ]
  }, {
    "sentence" : "where did the candidate do best",
    "exampleEntities" : [ ]
  }, {
    "sentence" : "where did the candidate score best",
    "exampleEntities" : [ ]
  }, {
    "sentence" : "where did the candidate have the best results",
    "exampleEntities" : [ ]
  }, {
    "sentence" : "In which commune did candidate A do best",
    "exampleEntities" : [ ]
  } ]
}