{
  "name" : "CE_CALC_BestCommune",
  "description" : "find the commune where candidate A got best results",
  "type" : "NLPIntent",
  "intentParameters" : [ {
    "name" : "CommuneCommune of election",
    "required" : true,
    "entity" : "Commune"
  }, {
    "name" : "Conseiller_ere_d_Etatliste of candidates to CE",
    "required" : true,
    "entity" : "Conseiller_ere_d_Etat"
  }, {
    "name" : "Listes_CEPolitical lists for the CE elections",
    "required" : true,
    "entity" : "Listes_CE"
  }, {
    "name" : "ElectionTypeThe election selector",
    "required" : true,
    "entity" : "ElectionType"
  } ],
  "exampleData" : [ {
    "sentence" : "in which commune did the candidate have the best results",
    "exampleEntities" : [ ]
  }, {
    "sentence" : "where did the candidate do best",
    "exampleEntities" : [ ]
  }, {
    "sentence" : "where did the candidate score best",
    "exampleEntities" : [ ]
  }, {
    "sentence" : "where did the candidate have the best results",
    "exampleEntities" : [ ]
  }, {
    "sentence" : "In which commune did candidate A do best",
    "exampleEntities" : [ ]
  } ]
}