{
  "name" : "CE_CALC_DeltaCandidateAvsB",
  "description" : "difference in results for two candidates, by commune or local",
  "type" : "NLPIntent",
  "intentParameters" : [ ],
  "exampleData" : [ {
    "sentence" : "what's the difference in votes between candidate A and candidate B",
    "exampleEntities" : [ ]
  }, {
    "sentence" : "wew",
    "exampleEntities" : [ ]
  }, {
    "sentence" : "er",
    "exampleEntities" : [ ]
  }, {
    "sentence" : "df",
    "exampleEntities" : [ ]
  }, {
    "sentence" : "df",
    "exampleEntities" : [ ]
  } ]
}