{
  "name" : "CE_CALC_BestCommune",
  "description" : "find the commune where candidate A got best results",
  "type" : "NLPIntent",
  "intentParameters" : [ ],
  "exampleData" : [ {
    "sentence" : "In which commune did candidate A do best",
    "exampleEntities" : [ ]
  }, {
    "sentence" : "ere",
    "exampleEntities" : [ ]
  }, {
    "sentence" : "rtr",
    "exampleEntities" : [ ]
  }, {
    "sentence" : "rtrt",
    "exampleEntities" : [ ]
  }, {
    "sentence" : "rtr",
    "exampleEntities" : [ ]
  } ]
}