{
  "name" : "CE_ElectionResults",
  "description" : "Provide summary election results for CE",
  "type" : "NLPIntent",
  "intentParameters" : [ {
    "name" : "ElectionTypeThe election selector",
    "required" : true,
    "entity" : "ElectionType"
  }, {
    "name" : "Listes_CE",
    "required" : true,
    "entity" : "Listes_CE"
  }, {
    "name" : "Conseiller_ere_d_Etat",
    "required" : true,
    "entity" : "Conseiller_ere_d_Etat"
  }, {
    "name" : "Commune",
    "required" : true,
    "entity" : "Commune"
  }, {
    "name" : "LocalDeVote",
    "required" : true,
    "entity" : "LocalDeVote"
  } ],
  "exampleData" : [ {
    "sentence" : "results state board",
    "exampleEntities" : [ ]
  }, {
    "sentence" : "winners",
    "exampleEntities" : [ ]
  }, {
    "sentence" : "What are the results",
    "exampleEntities" : [ ]
  }, {
    "sentence" : "results",
    "exampleEntities" : [ ]
  }, {
    "sentence" : "results of the CE election",
    "exampleEntities" : [ ]
  }, {
    "sentence" : "CE election",
    "exampleEntities" : [ ]
  }, {
    "sentence" : "CE election results",
    "exampleEntities" : [ ]
  }, {
    "sentence" : "CE winners",
    "exampleEntities" : [ ]
  }, {
    "sentence" : "CE elected",
    "exampleEntities" : [ ]
  }, {
    "sentence" : "Distribution of seats",
    "exampleEntities" : [ ]
  }, {
    "sentence" : "What are the results",
    "exampleEntities" : [ ]
  }, {
    "sentence" : "Results",
    "exampleEntities" : [ ]
  }, {
    "sentence" : "Distribution of votes",
    "exampleEntities" : [ ]
  }, {
    "sentence" : "Results of the election of the Council of State CE",
    "exampleEntities" : [ ]
  }, {
    "sentence" : "Which lists have elected candidates?",
    "exampleEntities" : [ ]
  } ]
}