{
  "name" : "CE_ResultCandidate",
  "intentParameters" : [ {
    "name" : "Conseiller_ere_d_Etat",
    "required" : true,
    "entity" : "Conseiller_ere_d_Etat"
  }, {
    "name" : "Listes_CE",
    "required" : true,
    "entity" : "Listes_CE"
  }, {
    "name" : "LocalDeVote",
    "required" : true,
    "entity" : "LocalDeVote"
  }, {
    "name" : "Commune",
    "required" : true,
    "entity" : "Commune"
  } ],
  "exampleData" : [ {
    "sentence" : "how many modified votes did this candidate get",
    "exampleEntities" : [ ]
  }, {
    "sentence" : "how many votes did this candidate get",
    "exampleEntities" : [ ]
  }, {
    "sentence" : "was this candidate elected",
    "exampleEntities" : [ ]
  }, {
    "sentence" : "what are the results for this candidate",
    "exampleEntities" : [ ]
  } ]
}