{
  "name" : "CE_ResultList",
  "intentParameters" : [ {
    "name" : "Commune",
    "required" : true,
    "entity" : "Commune"
  }, {
    "name" : "Conseiller_ere_d_Etat",
    "required" : true,
    "entity" : "Conseiller_ere_d_Etat"
  }, {
    "name" : "Listes_CE",
    "required" : true,
    "entity" : "Listes_CE"
  }, {
    "name" : "LocalDeVote",
    "required" : true,
    "entity" : "LocalDeVote"
  } ],
  "exampleData" : [ {
    "sentence" : "Who is elected in the list",
    "exampleEntities" : [ ]
  }, {
    "sentence" : "Who is not elected in this list",
    "exampleEntities" : [ ]
  }, {
    "sentence" : "Who is not elected at the races?",
    "exampleEntities" : [ ]
  }, {
    "sentence" : "did this list win",
    "exampleEntities" : [ ]
  }, {
    "sentence" : "did this list loose",
    "exampleEntities" : [ ]
  }, {
    "sentence" : "how well did this list do",
    "exampleEntities" : [ ]
  }, {
    "sentence" : "how many votes did this list get",
    "exampleEntities" : [ ]
  }, {
    "sentence" : "who was elected in this list",
    "exampleEntities" : [ ]
  }, {
    "sentence" : "who was not elected in this list",
    "exampleEntities" : [ ]
  }, {
    "sentence" : "How many seats have the list of races?",
    "exampleEntities" : [ ]
  }, {
    "sentence" : "What are the results of the shopping list at Chêne Bougeries?",
    "exampleEntities" : [ ]
  }, {
    "sentence" : "Who is elected at the races?",
    "exampleEntities" : [ ]
  } ]
}