{
  "name" : "CE_ResultsLocal",
  "intentParameters" : [ {
    "name" : "Listes_CE",
    "required" : true,
    "entity" : "Listes_CE"
  }, {
    "name" : "LocalDeVote",
    "required" : true,
    "entity" : "LocalDeVote"
  }, {
    "name" : "Conseiller_ere_d_Etat",
    "required" : true,
    "entity" : "Conseiller_ere_d_Etat"
  }, {
    "name" : "Commune",
    "required" : true,
    "entity" : "Commune"
  } ],
  "exampleData" : [ {
    "sentence" : "which list did best in this local",
    "exampleEntities" : [ ]
  }, {
    "sentence" : "which party won in this local",
    "exampleEntities" : [ ]
  }, {
    "sentence" : "what were the results for this local",
    "exampleEntities" : [ ]
  }, {
    "sentence" : "who was elected in this local",
    "exampleEntities" : [ ]
  } ]
}