{
  "name" : "CE_ResultList",
  "intentParameters" : [ {
    "name" : "Commune",
    "required" : true,
    "entity" : "Commune"
  }, {
    "name" : "Conseiller_ere_d_Etat",
    "required" : true,
    "entity" : "Conseiller_ere_d_Etat"
  }, {
    "name" : "Listes_CE",
    "required" : true,
    "entity" : "Listes_CE"
  }, {
    "name" : "LocalDeVote",
    "required" : true,
    "entity" : "LocalDeVote"
  } ],
  "exampleData" : [ {
    "sentence" : "did this list win",
    "exampleEntities" : [ ]
  }, {
    "sentence" : "did this list loose",
    "exampleEntities" : [ ]
  }, {
    "sentence" : "how well did this list do",
    "exampleEntities" : [ ]
  }, {
    "sentence" : "how many votes did this list get",
    "exampleEntities" : [ ]
  }, {
    "sentence" : "who was elected in this list",
    "exampleEntities" : [ ]
  }, {
    "sentence" : "who was not elected in this list",
    "exampleEntities" : [ ]
  } ]
}