{
  "name" : "GC_ElectionResults",
  "description" : "provide summary results of the GC election",
  "type" : "NLPIntent",
  "intentParameters" : [ {
    "name" : "ElectionTypeThe election selector",
    "required" : true,
    "entity" : "ElectionType"
  }, {
    "name" : "Listes_GC",
    "required" : true,
    "entity" : "Listes_GC"
  }, {
    "name" : "Depute_e",
    "required" : true,
    "entity" : "Depute_e"
  }, {
    "name" : "Commune",
    "required" : true,
    "entity" : "Commune"
  }, {
    "name" : "LocalDeVote",
    "required" : true,
    "entity" : "LocalDeVote"
  } ],
  "exampleData" : [ {
    "sentence" : "Distribution of votes",
    "exampleEntities" : [ ]
  }, {
    "sentence" : "GC Outcome",
    "exampleEntities" : [ ]
  }, {
    "sentence" : "Distribution of seats",
    "exampleEntities" : [ ]
  }, {
    "sentence" : "Results",
    "exampleEntities" : [ ]
  }, {
    "sentence" : "Which lists have elected candidates?",
    "exampleEntities" : [ ]
  }, {
    "sentence" : "What are the results",
    "exampleEntities" : [ ]
  }, {
    "sentence" : "big board results",
    "exampleEntities" : [ ]
  }, {
    "sentence" : "seat distribution",
    "exampleEntities" : [ ]
  }, {
    "sentence" : "party results",
    "exampleEntities" : [ ]
  }, {
    "sentence" : "GC results",
    "exampleEntities" : [ ]
  }, {
    "sentence" : "results of GC election",
    "exampleEntities" : [ ]
  }, {
    "sentence" : "what are the results of the GC election",
    "exampleEntities" : [ ]
  }, {
    "sentence" : "list results for the GC election",
    "exampleEntities" : [ ]
  } ]
}