{
  "name" : "GC_ParticipationLevel",
  "type" : "NLPIntent",
  "intentParameters" : [ ],
  "exampleData" : [ {
    "sentence" : "what was the participation level",
    "exampleEntities" : [ ]
  }, {
    "sentence" : "how many people voted",
    "exampleEntities" : [ ]
  }, {
    "sentence" : "what was the participation rate",
    "exampleEntities" : [ ]
  }, {
    "sentence" : "how many people voted",
    "exampleEntities" : [ ]
  }, {
    "sentence" : "what was the participation level",
    "exampleEntities" : [ ]
  }, {
    "sentence" : "what was the participation rate",
    "exampleEntities" : [ ]
  } ]
}