{
  "name" : "GC_ParticipationLevel",
  "description" : "provide participation level for canton",
  "type" : "NLPIntent",
  "intentParameters" : [ {
    "name" : "Commune",
    "required" : true,
    "entity" : "Commune"
  }, {
    "name" : "LocalDeVote",
    "required" : true,
    "entity" : "LocalDeVote"
  } ],
  "exampleData" : [ {
    "sentence" : "How many people voted?",
    "exampleEntities" : [ ]
  }, {
    "sentence" : "What is the participation rate?",
    "exampleEntities" : [ ]
  }, {
    "sentence" : "what was the participation level",
    "exampleEntities" : [ ]
  }, {
    "sentence" : "how many people voted",
    "exampleEntities" : [ ]
  }, {
    "sentence" : "what was the participation rate",
    "exampleEntities" : [ ]
  }, {
    "sentence" : "how many people voted",
    "exampleEntities" : [ ]
  } ]
}