{
  "name" : "GC_ResultsLocal",
  "description" : "provide results for specific local",
  "type" : "NLPIntent",
  "intentParameters" : [ {
    "name" : "Commune",
    "required" : true,
    "entity" : "Commune"
  }, {
    "name" : "Depute_e",
    "required" : true,
    "entity" : "Depute_e"
  }, {
    "name" : "Listes_GC",
    "required" : true,
    "entity" : "Listes_GC"
  }, {
    "name" : "LocalDeVote",
    "required" : true,
    "entity" : "LocalDeVote"
  } ],
  "exampleData" : [ {
    "sentence" : "which list did best in this local",
    "exampleEntities" : [ ]
  }, {
    "sentence" : "which party won in this local",
    "exampleEntities" : [ ]
  }, {
    "sentence" : "who was elected in this local",
    "exampleEntities" : [ ]
  }, {
    "sentence" : "what were the results for this local",
    "exampleEntities" : [ ]
  }, {
    "sentence" : "what were the results for this local",
    "exampleEntities" : [ ]
  }, {
    "sentence" : "who was elected in this local",
    "exampleEntities" : [ ]
  }, {
    "sentence" : "which party won in this local",
    "exampleEntities" : [ ]
  }, {
    "sentence" : "which list did best in this local",
    "exampleEntities" : [ ]
  } ]
}