{
  "name" : "GC_ResultCandidate",
  "description" : "provide results of specific candidate",
  "type" : "NLPIntent",
  "intentParameters" : [ {
    "name" : "Commune",
    "required" : true,
    "entity" : "Commune"
  }, {
    "name" : "Depute_e",
    "required" : true,
    "entity" : "Depute_e"
  }, {
    "name" : "Listes_GC",
    "required" : true,
    "entity" : "Listes_GC"
  }, {
    "name" : "LocalDeVote",
    "required" : true,
    "entity" : "LocalDeVote"
  } ],
  "exampleData" : [ {
    "sentence" : "how many votes did this candidate get",
    "exampleEntities" : [ ]
  }, {
    "sentence" : "how many modified votes did this candidate get",
    "exampleEntities" : [ ]
  }, {
    "sentence" : "was this candidate elected",
    "exampleEntities" : [ ]
  }, {
    "sentence" : "who was not elected in this list",
    "exampleEntities" : [ ]
  }, {
    "sentence" : "what are the results for this candidate",
    "exampleEntities" : [ ]
  }, {
    "sentence" : "how many votes did this candidate get",
    "exampleEntities" : [ ]
  }, {
    "sentence" : "was this candidate elected",
    "exampleEntities" : [ ]
  }, {
    "sentence" : "how many modified votes did this candidate get",
    "exampleEntities" : [ ]
  } ]
}