{
  "name" : "GC_ResultList",
  "description" : "provide results of specific list",
  "type" : "NLPIntent",
  "intentParameters" : [ {
    "name" : "Listes_GC",
    "required" : true,
    "entity" : "Listes_GC"
  }, {
    "name" : "LocalDeVote",
    "required" : true,
    "entity" : "LocalDeVote"
  }, {
    "name" : "Depute_e",
    "required" : true,
    "entity" : "Depute_e"
  }, {
    "name" : "Commune",
    "required" : true,
    "entity" : "Commune"
  } ],
  "exampleData" : [ {
    "sentence" : "how well did this list do",
    "exampleEntities" : [ ]
  }, {
    "sentence" : "did this list win",
    "exampleEntities" : [ ]
  }, {
    "sentence" : "did this list loose",
    "exampleEntities" : [ ]
  }, {
    "sentence" : "how many votes did this list get",
    "exampleEntities" : [ ]
  }, {
    "sentence" : "how many votes did this list get",
    "exampleEntities" : [ ]
  }, {
    "sentence" : "did this list win",
    "exampleEntities" : [ ]
  }, {
    "sentence" : "did this list loose",
    "exampleEntities" : [ ]
  }, {
    "sentence" : "how well did this list do",
    "exampleEntities" : [ ]
  } ]
}