{
  "name" : "GC_ResultsLocal",
  "description" : "provide results for specific local",
  "type" : "NLPIntent",
  "intentParameters" : [ ],
  "exampleData" : [ {
    "sentence" : "which list did best in this local",
    "exampleEntities" : [ ]
  }, {
    "sentence" : "which party won in this local",
    "exampleEntities" : [ ]
  }, {
    "sentence" : "who was elected in this local",
    "exampleEntities" : [ ]
  }, {
    "sentence" : "what were the results for this local",
    "exampleEntities" : [ ]
  }, {
    "sentence" : "what were the results for this local",
    "exampleEntities" : [ ]
  }, {
    "sentence" : "who was elected in this local",
    "exampleEntities" : [ ]
  }, {
    "sentence" : "which party won in this local",
    "exampleEntities" : [ ]
  }, {
    "sentence" : "which list did best in this local",
    "exampleEntities" : [ ]
  } ]
}