{
  "name" : "ResultElections",
  "description" : "Results of the election (CE or GC) at a summary level",
  "type" : "NLPIntent",
  "intentParameters" : [ {
    "name" : "ElectionTypeThe election selector",
    "required" : true,
    "entity" : "ElectionType"
  } ],
  "exampleData" : [ {
    "sentence" : "results state board",
    "exampleEntities" : [ ]
  }, {
    "sentence" : "Distribution of votes",
    "exampleEntities" : [ ]
  }, {
    "sentence" : "results of GC election",
    "exampleEntities" : [ ]
  }, {
    "sentence" : "list results for the GC election",
    "exampleEntities" : [ ]
  }, {
    "sentence" : "what are the results of the GC election",
    "exampleEntities" : [ ]
  }, {
    "sentence" : "Distribution of seats",
    "exampleEntities" : [ ]
  }, {
    "sentence" : "GC Outcome",
    "exampleEntities" : [ ]
  }, {
    "sentence" : "GC results",
    "exampleEntities" : [ ]
  }, {
    "sentence" : "big board results",
    "exampleEntities" : [ ]
  }, {
    "sentence" : "party results",
    "exampleEntities" : [ ]
  }, {
    "sentence" : "What are the results",
    "exampleEntities" : [ ]
  }, {
    "sentence" : "seat distribution",
    "exampleEntities" : [ ]
  }, {
    "sentence" : "Which lists have elected candidates?",
    "exampleEntities" : [ ]
  }, {
    "sentence" : "winners",
    "exampleEntities" : [ ]
  }, {
    "sentence" : "What are the results",
    "exampleEntities" : [ ]
  }, {
    "sentence" : "results of the CE election",
    "exampleEntities" : [ ]
  }, {
    "sentence" : "CE election",
    "exampleEntities" : [ ]
  }, {
    "sentence" : "CE election results",
    "exampleEntities" : [ ]
  }, {
    "sentence" : "CE winners",
    "exampleEntities" : [ ]
  }, {
    "sentence" : "CE elected",
    "exampleEntities" : [ ]
  }, {
    "sentence" : "Distribution of seats",
    "exampleEntities" : [ ]
  }, {
    "sentence" : "What are the results",
    "exampleEntities" : [ ]
  }, {
    "sentence" : "Distribution of votes",
    "exampleEntities" : [ ]
  }, {
    "sentence" : "Results of the election of the Council of State CE",
    "exampleEntities" : [ ]
  }, {
    "sentence" : "Which lists have elected candidates?",
    "exampleEntities" : [ ]
  } ]
}