{
  "name" : "ResultsLocal",
  "description" : "Results of the election (CE or GC) at a Local level",
  "intentParameters" : [ {
    "name" : "Listes_CE",
    "required" : true,
    "entity" : "Listes_CE"
  }, {
    "name" : "LocalDeVote",
    "required" : true,
    "entity" : "LocalDeVote"
  }, {
    "name" : "Conseiller_ere_d_Etat",
    "required" : true,
    "entity" : "Conseiller_ere_d_Etat"
  }, {
    "name" : "Commune",
    "required" : true,
    "entity" : "Commune"
  }, {
    "name" : "Listes_GCPolitical lists for the GC elections",
    "required" : true,
    "entity" : "Listes_GC"
  }, {
    "name" : "Depute_eliste of candidates to GC",
    "required" : true,
    "entity" : "Depute_e"
  }, {
    "name" : "ElectionTypeThe election selector",
    "required" : true,
    "entity" : "ElectionType"
  } ],
  "exampleData" : [ {
    "sentence" : "results by local",
    "exampleEntities" : [ ]
  }, {
    "sentence" : "results in this local",
    "exampleEntities" : [ ]
  }, {
    "sentence" : "which list did best in this local",
    "exampleEntities" : [ ]
  }, {
    "sentence" : "which party won in this local",
    "exampleEntities" : [ ]
  }, {
    "sentence" : "what were the results for this local",
    "exampleEntities" : [ ]
  }, {
    "sentence" : "who was elected in this local",
    "exampleEntities" : [ ]
  } ]
}