{
  "name" : "ResultCandidate",
  "description" : "Results of the election (CE or GC) at a Candidate level",
  "intentParameters" : [ {
    "name" : "Conseiller_ere_d_Etat",
    "required" : true,
    "entity" : "Conseiller_ere_d_Etat"
  }, {
    "name" : "Listes_CE",
    "required" : true,
    "entity" : "Listes_CE"
  }, {
    "name" : "LocalDeVote",
    "required" : true,
    "entity" : "LocalDeVote"
  }, {
    "name" : "Commune",
    "required" : true,
    "entity" : "Commune"
  }, {
    "name" : "Listes_GCPolitical lists for the GC elections",
    "required" : true,
    "entity" : "Listes_GC"
  }, {
    "name" : "Depute_eliste of candidates to GC",
    "required" : true,
    "entity" : "Depute_e"
  }, {
    "name" : "ElectionTypeThe election selector",
    "required" : true,
    "entity" : "ElectionType"
  } ],
  "exampleData" : [ {
    "sentence" : "Is Gilles Barpéaimu elected?",
    "exampleEntities" : [ ]
  }, {
    "sentence" : "how many votes did this candidate get",
    "exampleEntities" : [ ]
  }, {
    "sentence" : "how many modified votes did this candidate get",
    "exampleEntities" : [ ]
  }, {
    "sentence" : "was this candidate elected",
    "exampleEntities" : [ ]
  }, {
    "sentence" : "who was not elected in this list",
    "exampleEntities" : [ ]
  }, {
    "sentence" : "what are the results for this candidate",
    "exampleEntities" : [ ]
  }, {
    "sentence" : "What are the results for Pierre Midi?",
    "exampleEntities" : [ ]
  }, {
    "sentence" : "How many votes / votes got Pierre Midi?",
    "exampleEntities" : [ ]
  }, {
    "sentence" : "Is he elected?",
    "exampleEntities" : [ ]
  } ]
}