{
  "name" : "ResultCommune",
  "description" : "Results of the election (CE or GC) at a Candidate level",
  "type" : "NLPIntent",
  "intentParameters" : [ {
    "name" : "CommuneCommune of election",
    "required" : true,
    "entity" : "Commune"
  }, {
    "name" : "Conseiller_ere_d_Etatliste of candidates to CE",
    "required" : true,
    "entity" : "Conseiller_ere_d_Etat"
  }, {
    "name" : "Depute_eliste of candidates to GC",
    "required" : true,
    "entity" : "Depute_e"
  }, {
    "name" : "ElectionTypeThe election selector",
    "required" : true,
    "entity" : "ElectionType"
  }, {
    "name" : "Listes_CEPolitical lists for the CE elections",
    "required" : true,
    "entity" : "Listes_CE"
  }, {
    "name" : "Listes_GCPolitical lists for the GC elections",
    "required" : true,
    "entity" : "Listes_GC"
  } ],
  "exampleData" : [ {
    "sentence" : "what are the results at home",
    "exampleEntities" : [ ]
  }, {
    "sentence" : "who is elected in my commune",
    "exampleEntities" : [ ]
  }, {
    "sentence" : "who was elected in my commune",
    "exampleEntities" : [ ]
  }, {
    "sentence" : "who was elected here",
    "exampleEntities" : [ ]
  }, {
    "sentence" : "which are the elected in my commune",
    "exampleEntities" : [ ]
  }, {
    "sentence" : "what are the results in my commune",
    "exampleEntities" : [ ]
  } ]
}