{
  "name" : "ResultsLocal",
  "description" : "Results of the election (CE or GC) at a Local level",
  "intentParameters" : [ {
    "name" : "LocalDeVote",
    "required" : true,
    "entity" : "LocalDeVote"
  } ],
  "exampleData" : [ {
    "sentence" : "results by local",
    "exampleEntities" : [ ]
  }, {
    "sentence" : "results in this local",
    "exampleEntities" : [ ]
  }, {
    "sentence" : "which list did best in this local",
    "exampleEntities" : [ ]
  }, {
    "sentence" : "which party won in this local",
    "exampleEntities" : [ ]
  }, {
    "sentence" : "what were the results for this local",
    "exampleEntities" : [ ]
  }, {
    "sentence" : "who was elected in this local",
    "exampleEntities" : [ ]
  } ]
}