{"candidat":{"id":10207,"liste":{"id":104,"noDepot":4}},"etatAvancement":"Résultats définitifs du 28.02.18 à 9:34","resultatsCandidatCanton":{"canton":{"id":0,"nom":"Canton de Genève"},"suffrages":139,"ordre":35,"elu":0,"egalite":false,"compacts":59,"snl":1,"biffes":3,"suffrageModifies":[{"liste":{"id":101,"noDepot":1},"suffrages":1},{"liste":{"id":102,"noDepot":2},"suffrages":0},{"liste":{"id":103,"noDepot":3},"suffrages":3},{"liste":{"id":104,"noDepot":4},"suffrages":63},{"liste":{"id":105,"noDepot":5},"suffrages":1},{"liste":{"id":106,"noDepot":6},"suffrages":2},{"liste":{"id":107,"noDepot":7},"suffrages":4},{"liste":{"id":108,"noDepot":8},"suffrages":2},{"liste":{"id":109,"noDepot":9},"suffrages":1},{"liste":{"id":110,"noDepot":10},"suffrages":0},{"liste":{"id":111,"noDepot":11},"suffrages":0},{"liste":{"id":112,"noDepot":12},"suffrages":1},{"liste":{"id":113,"noDepot":13},"suffrages":1}],"resultatParLocaux":null},"resultatsCandidatParCommune":[{"commune":{"id":1,"nom":"Aire-la-Ville"},"suffrages":0,"compacts":0,"snl":0,"biffes":0,"suffrageModifies":[{"liste":{"id":101,"noDepot":1},"suffrages":0},{"liste":{"id":102,"noDepot":2},"suffrages":0},{"liste":{"id":103,"noDepot":3},"suffrages":0},{"liste":{"id":104,"noDepot":4},"suffrages":0},{"liste":{"id":105,"noDepot":5},"suffrages":0},{"liste":{"id":106,"noDepot":6},"suffrages":0},{"liste":{"id":107,"noDepot":7},"suffrages":0},{"liste":{"id":108,"noDepot":8},"suffrages":0},{"liste":{"id":109,"noDepot":9},"suffrages":0},{"liste":{"id":110,"noDepot":10},"suffrages":0},{"liste":{"id":111,"noDepot":11},"suffrages":0},{"liste":{"id":112,"noDepot":12},"suffrages":0},{"liste":{"id":113,"noDepot":13},"suffrages":0}],"resultatParLocaux":[]},{"commune":{"id":2,"nom":"Anières"},"suffrages":4,"compacts":2,"snl":1,"biffes":0,"suffrageModifies":[{"liste":{"id":101,"noDepot":1},"suffrages":0},{"liste":{"id":102,"noDepot":2},"suffrages":0},{"liste":{"id":103,"noDepot":3},"suffrages":0},{"liste":{"id":104,"noDepot":4},"suffrages":1},{"liste":{"id":105,"noDepot":5},"suffrages":0},{"liste":{"id":106,"noDepot":6},"suffrages":0},{"liste":{"id":107,"noDepot":7},"suffrages":0},{"liste":{"id":108,"noDepot":8},"suffrages":0},{"liste":{"id":109,"noDepot":9},"suffrages":0},{"liste":{"id":110,"noDepot":10},"suffrages":0},{"liste":{"id":111,"noDepot":11},"suffrages":0},{"liste":{"id":112,"noDepot":12},"suffrages":0},{"liste":{"id":113,"noDepot":13},"suffrages":0}],"resultatParLocaux":[]},{"commune":{"id":3,"nom":"Avully"},"suffrages":2,"compacts":2,"snl":0,"biffes":0,"suffrageModifies":[{"liste":{"id":101,"noDepot":1},"suffrages":0},{"liste":{"id":102,"noDepot":2},"suffrages":0},{"liste":{"id":103,"noDepot":3},"suffrages":0},{"liste":{"id":104,"noDepot":4},"suffrages":0},{"liste":{"id":105,"noDepot":5},"suffrages":0},{"liste":{"id":106,"noDepot":6},"suffrages":0},{"liste":{"id":107,"noDepot":7},"suffrages":0},{"liste":{"id":108,"noDepot":8},"suffrages":0},{"liste":{"id":109,"noDepot":9},"suffrages":0},{"liste":{"id":110,"noDepot":10},"suffrages":0},{"liste":{"id":111,"noDepot":11},"suffrages":0},{"liste":{"id":112,"noDepot":12},"suffrages":0},{"liste":{"id":113,"noDepot":13},"suffrages":0}],"resultatParLocaux":[]},{"commune":{"id":4,"nom":"Avusy"},"suffrages":1,"compacts":1,"snl":0,"biffes":1,"suffrageModifies":[{"liste":{"id":101,"noDepot":1},"suffrages":0},{"liste":{"id":102,"noDepot":2},"suffrages":0},{"liste":{"id":103,"noDepot":3},"suffrages":0},{"liste":{"id":104,"noDepot":4},"suffrages":0},{"liste":{"id":105,"noDepot":5},"suffrages":0},{"liste":{"id":106,"noDepot":6},"suffrages":0},{"liste":{"id":107,"noDepot":7},"suffrages":0},{"liste":{"id":108,"noDepot":8},"suffrages":0},{"liste":{"id":109,"noDepot":9},"suffrages":0},{"liste":{"id":110,"noDepot":10},"suffrages":0},{"liste":{"id":111,"noDepot":11},"suffrages":0},{"liste":{"id":112,"noDepot":12},"suffrages":0},{"liste":{"id":113,"noDepot":13},"suffrages":0}],"resultatParLocaux":[]},{"commune":{"id":5,"nom":"Bardonnex"},"suffrages":0,"compacts":0,"snl":0,"biffes":0,"suffrageModifies":[{"liste":{"id":101,"noDepot":1},"suffrages":0},{"liste":{"id":102,"noDepot":2},"suffrages":0},{"liste":{"id":103,"noDepot":3},"suffrages":0},{"liste":{"id":104,"noDepot":4},"suffrages":0},{"liste":{"id":105,"noDepot":5},"suffrages":0},{"liste":{"id":106,"noDepot":6},"suffrages":0},{"liste":{"id":107,"noDepot":7},"suffrages":0},{"liste":{"id":108,"noDepot":8},"suffrages":0},{"liste":{"id":109,"noDepot":9},"suffrages":0},{"liste":{"id":110,"noDepot":10},"suffrages":0},{"liste":{"id":111,"noDepot":11},"suffrages":0},{"liste":{"id":112,"noDepot":12},"suffrages":0},{"liste":{"id":113,"noDepot":13},"suffrages":0}],"resultatParLocaux":[]},{"commune":{"id":6,"nom":"Bellevue"},"suffrages":0,"compacts":0,"snl":0,"biffes":0,"suffrageModifies":[{"liste":{"id":101,"noDepot":1},"suffrages":0},{"liste":{"id":102,"noDepot":2},"suffrages":0},{"liste":{"id":103,"noDepot":3},"suffrages":0},{"liste":{"id":104,"noDepot":4},"suffrages":0},{"liste":{"id":105,"noDepot":5},"suffrages":0},{"liste":{"id":106,"noDepot":6},"suffrages":0},{"liste":{"id":107,"noDepot":7},"suffrages":0},{"liste":{"id":108,"noDepot":8},"suffrages":0},{"liste":{"id":109,"noDepot":9},"suffrages":0},{"liste":{"id":110,"noDepot":10},"suffrages":0},{"liste":{"id":111,"noDepot":11},"suffrages":0},{"liste":{"id":112,"noDepot":12},"suffrages":0},{"liste":{"id":113,"noDepot":13},"suffrages":0}],"resultatParLocaux":[]},{"commune":{"id":7,"nom":"Bernex"},"suffrages":1,"compacts":0,"snl":0,"biffes":0,"suffrageModifies":[{"liste":{"id":101,"noDepot":1},"suffrages":0},{"liste":{"id":102,"noDepot":2},"suffrages":0},{"liste":{"id":103,"noDepot":3},"suffrages":0},{"liste":{"id":104,"noDepot":4},"suffrages":1},{"liste":{"id":105,"noDepot":5},"suffrages":0},{"liste":{"id":106,"noDepot":6},"suffrages":0},{"liste":{"id":107,"noDepot":7},"suffrages":0},{"liste":{"id":108,"noDepot":8},"suffrages":0},{"liste":{"id":109,"noDepot":9},"suffrages":0},{"liste":{"id":110,"noDepot":10},"suffrages":0},{"liste":{"id":111,"noDepot":11},"suffrages":0},{"liste":{"id":112,"noDepot":12},"suffrages":0},{"liste":{"id":113,"noDepot":13},"suffrages":0}],"resultatParLocaux":[]},{"commune":{"id":8,"nom":"Carouge"},"suffrages":2,"compacts":2,"snl":0,"biffes":0,"suffrageModifies":[{"liste":{"id":101,"noDepot":1},"suffrages":0},{"liste":{"id":102,"noDepot":2},"suffrages":0},{"liste":{"id":103,"noDepot":3},"suffrages":0},{"liste":{"id":104,"noDepot":4},"suffrages":0},{"liste":{"id":105,"noDepot":5},"suffrages":0},{"liste":{"id":106,"noDepot":6},"suffrages":0},{"liste":{"id":107,"noDepot":7},"suffrages":0},{"liste":{"id":108,"noDepot":8},"suffrages":0},{"liste":{"id":109,"noDepot":9},"suffrages":0},{"liste":{"id":110,"noDepot":10},"suffrages":0},{"liste":{"id":111,"noDepot":11},"suffrages":0},{"liste":{"id":112,"noDepot":12},"suffrages":0},{"liste":{"id":113,"noDepot":13},"suffrages":0}],"resultatParLocaux":[]},{"commune":{"id":9,"nom":"Cartigny"},"suffrages":2,"compacts":1,"snl":0,"biffes":0,"suffrageModifies":[{"liste":{"id":101,"noDepot":1},"suffrages":0},{"liste":{"id":102,"noDepot":2},"suffrages":0},{"liste":{"id":103,"noDepot":3},"suffrages":0},{"liste":{"id":104,"noDepot":4},"suffrages":1},{"liste":{"id":105,"noDepot":5},"suffrages":0},{"liste":{"id":106,"noDepot":6},"suffrages":0},{"liste":{"id":107,"noDepot":7},"suffrages":0},{"liste":{"id":108,"noDepot":8},"suffrages":0},{"liste":{"id":109,"noDepot":9},"suffrages":0},{"liste":{"id":110,"noDepot":10},"suffrages":0},{"liste":{"id":111,"noDepot":11},"suffrages":0},{"liste":{"id":112,"noDepot":12},"suffrages":0},{"liste":{"id":113,"noDepot":13},"suffrages":0}],"resultatParLocaux":[]},{"commune":{"id":10,"nom":"Céligny"},"suffrages":2,"compacts":1,"snl":0,"biffes":0,"suffrageModifies":[{"liste":{"id":101,"noDepot":1},"suffrages":0},{"liste":{"id":102,"noDepot":2},"suffrages":0},{"liste":{"id":103,"noDepot":3},"suffrages":0},{"liste":{"id":104,"noDepot":4},"suffrages":1},{"liste":{"id":105,"noDepot":5},"suffrages":0},{"liste":{"id":106,"noDepot":6},"suffrages":0},{"liste":{"id":107,"noDepot":7},"suffrages":0},{"liste":{"id":108,"noDepot":8},"suffrages":0},{"liste":{"id":109,"noDepot":9},"suffrages":0},{"liste":{"id":110,"noDepot":10},"suffrages":0},{"liste":{"id":111,"noDepot":11},"suffrages":0},{"liste":{"id":112,"noDepot":12},"suffrages":0},{"liste":{"id":113,"noDepot":13},"suffrages":0}],"resultatParLocaux":[]},{"commune":{"id":11,"nom":"Chancy"},"suffrages":6,"compacts":5,"snl":0,"biffes":0,"suffrageModifies":[{"liste":{"id":101,"noDepot":1},"suffrages":0},{"liste":{"id":102,"noDepot":2},"suffrages":0},{"liste":{"id":103,"noDepot":3},"suffrages":0},{"liste":{"id":104,"noDepot":4},"suffrages":1},{"liste":{"id":105,"noDepot":5},"suffrages":0},{"liste":{"id":106,"noDepot":6},"suffrages":0},{"liste":{"id":107,"noDepot":7},"suffrages":0},{"liste":{"id":108,"noDepot":8},"suffrages":0},{"liste":{"id":109,"noDepot":9},"suffrages":0},{"liste":{"id":110,"noDepot":10},"suffrages":0},{"liste":{"id":111,"noDepot":11},"suffrages":0},{"liste":{"id":112,"noDepot":12},"suffrages":0},{"liste":{"id":113,"noDepot":13},"suffrages":0}],"resultatParLocaux":[]},{"commune":{"id":12,"nom":"Chêne-Bougeries"},"suffrages":4,"compacts":1,"snl":0,"biffes":0,"suffrageModifies":[{"liste":{"id":101,"noDepot":1},"suffrages":0},{"liste":{"id":102,"noDepot":2},"suffrages":0},{"liste":{"id":103,"noDepot":3},"suffrages":1},{"liste":{"id":104,"noDepot":4},"suffrages":1},{"liste":{"id":105,"noDepot":5},"suffrages":0},{"liste":{"id":106,"noDepot":6},"suffrages":0},{"liste":{"id":107,"noDepot":7},"suffrages":0},{"liste":{"id":108,"noDepot":8},"suffrages":1},{"liste":{"id":109,"noDepot":9},"suffrages":0},{"liste":{"id":110,"noDepot":10},"suffrages":0},{"liste":{"id":111,"noDepot":11},"suffrages":0},{"liste":{"id":112,"noDepot":12},"suffrages":0},{"liste":{"id":113,"noDepot":13},"suffrages":0}],"resultatParLocaux":[{"local":{"id":1,"nom":"Chêne-Bougeries-Centre"},"suffrages":3,"compacts":1,"snl":0,"biffes":0,"suffrageModifies":[{"liste":{"id":101,"noDepot":1},"suffrages":0},{"liste":{"id":102,"noDepot":2},"suffrages":0},{"liste":{"id":103,"noDepot":3},"suffrages":0},{"liste":{"id":104,"noDepot":4},"suffrages":1},{"liste":{"id":105,"noDepot":5},"suffrages":0},{"liste":{"id":106,"noDepot":6},"suffrages":0},{"liste":{"id":107,"noDepot":7},"suffrages":0},{"liste":{"id":108,"noDepot":8},"suffrages":1},{"liste":{"id":109,"noDepot":9},"suffrages":0},{"liste":{"id":110,"noDepot":10},"suffrages":0},{"liste":{"id":111,"noDepot":11},"suffrages":0},{"liste":{"id":112,"noDepot":12},"suffrages":0},{"liste":{"id":113,"noDepot":13},"suffrages":0}]},{"local":{"id":2,"nom":"Conches"},"suffrages":1,"compacts":0,"snl":0,"biffes":0,"suffrageModifies":[{"liste":{"id":101,"noDepot":1},"suffrages":0},{"liste":{"id":102,"noDepot":2},"suffrages":0},{"liste":{"id":103,"noDepot":3},"suffrages":1},{"liste":{"id":104,"noDepot":4},"suffrages":0},{"liste":{"id":105,"noDepot":5},"suffrages":0},{"liste":{"id":106,"noDepot":6},"suffrages":0},{"liste":{"id":107,"noDepot":7},"suffrages":0},{"liste":{"id":108,"noDepot":8},"suffrages":0},{"liste":{"id":109,"noDepot":9},"suffrages":0},{"liste":{"id":110,"noDepot":10},"suffrages":0},{"liste":{"id":111,"noDepot":11},"suffrages":0},{"liste":{"id":112,"noDepot":12},"suffrages":0},{"liste":{"id":113,"noDepot":13},"suffrages":0}]}]},{"commune":{"id":13,"nom":"Chêne-Bourg"},"suffrages":1,"compacts":0,"snl":0,"biffes":0,"suffrageModifies":[{"liste":{"id":101,"noDepot":1},"suffrages":0},{"liste":{"id":102,"noDepot":2},"suffrages":0},{"liste":{"id":103,"noDepot":3},"suffrages":0},{"liste":{"id":104,"noDepot":4},"suffrages":1},{"liste":{"id":105,"noDepot":5},"suffrages":0},{"liste":{"id":106,"noDepot":6},"suffrages":0},{"liste":{"id":107,"noDepot":7},"suffrages":0},{"liste":{"id":108,"noDepot":8},"suffrages":0},{"liste":{"id":109,"noDepot":9},"suffrages":0},{"liste":{"id":110,"noDepot":10},"suffrages":0},{"liste":{"id":111,"noDepot":11},"suffrages":0},{"liste":{"id":112,"noDepot":12},"suffrages":0},{"liste":{"id":113,"noDepot":13},"suffrages":0}],"resultatParLocaux":[]},{"commune":{"id":14,"nom":"Choulex"},"suffrages":1,"compacts":0,"snl":0,"biffes":0,"suffrageModifies":[{"liste":{"id":101,"noDepot":1},"suffrages":0},{"liste":{"id":102,"noDepot":2},"suffrages":0},{"liste":{"id":103,"noDepot":3},"suffrages":0},{"liste":{"id":104,"noDepot":4},"suffrages":1},{"liste":{"id":105,"noDepot":5},"suffrages":0},{"liste":{"id":106,"noDepot":6},"suffrages":0},{"liste":{"id":107,"noDepot":7},"suffrages":0},{"liste":{"id":108,"noDepot":8},"suffrages":0},{"liste":{"id":109,"noDepot":9},"suffrages":0},{"liste":{"id":110,"noDepot":10},"suffrages":0},{"liste":{"id":111,"noDepot":11},"suffrages":0},{"liste":{"id":112,"noDepot":12},"suffrages":0},{"liste":{"id":113,"noDepot":13},"suffrages":0}],"resultatParLocaux":[]},{"commune":{"id":15,"nom":"Collex-Bossy"},"suffrages":4,"compacts":2,"snl":0,"biffes":0,"suffrageModifies":[{"liste":{"id":101,"noDepot":1},"suffrages":1},{"liste":{"id":102,"noDepot":2},"suffrages":0},{"liste":{"id":103,"noDepot":3},"suffrages":0},{"liste":{"id":104,"noDepot":4},"suffrages":1},{"liste":{"id":105,"noDepot":5},"suffrages":0},{"liste":{"id":106,"noDepot":6},"suffrages":0},{"liste":{"id":107,"noDepot":7},"suffrages":0},{"liste":{"id":108,"noDepot":8},"suffrages":0},{"liste":{"id":109,"noDepot":9},"suffrages":0},{"liste":{"id":110,"noDepot":10},"suffrages":0},{"liste":{"id":111,"noDepot":11},"suffrages":0},{"liste":{"id":112,"noDepot":12},"suffrages":0},{"liste":{"id":113,"noDepot":13},"suffrages":0}],"resultatParLocaux":[]},{"commune":{"id":16,"nom":"Collonge-Bellerive"},"suffrages":2,"compacts":0,"snl":0,"biffes":0,"suffrageModifies":[{"liste":{"id":101,"noDepot":1},"suffrages":0},{"liste":{"id":102,"noDepot":2},"suffrages":0},{"liste":{"id":103,"noDepot":3},"suffrages":0},{"liste":{"id":104,"noDepot":4},"suffrages":1},{"liste":{"id":105,"noDepot":5},"suffrages":0},{"liste":{"id":106,"noDepot":6},"suffrages":0},{"liste":{"id":107,"noDepot":7},"suffrages":0},{"liste":{"id":108,"noDepot":8},"suffrages":0},{"liste":{"id":109,"noDepot":9},"suffrages":0},{"liste":{"id":110,"noDepot":10},"suffrages":0},{"liste":{"id":111,"noDepot":11},"suffrages":0},{"liste":{"id":112,"noDepot":12},"suffrages":0},{"liste":{"id":113,"noDepot":13},"suffrages":1}],"resultatParLocaux":[]},{"commune":{"id":17,"nom":"Cologny"},"suffrages":0,"compacts":0,"snl":0,"biffes":0,"suffrageModifies":[{"liste":{"id":101,"noDepot":1},"suffrages":0},{"liste":{"id":102,"noDepot":2},"suffrages":0},{"liste":{"id":103,"noDepot":3},"suffrages":0},{"liste":{"id":104,"noDepot":4},"suffrages":0},{"liste":{"id":105,"noDepot":5},"suffrages":0},{"liste":{"id":106,"noDepot":6},"suffrages":0},{"liste":{"id":107,"noDepot":7},"suffrages":0},{"liste":{"id":108,"noDepot":8},"suffrages":0},{"liste":{"id":109,"noDepot":9},"suffrages":0},{"liste":{"id":110,"noDepot":10},"suffrages":0},{"liste":{"id":111,"noDepot":11},"suffrages":0},{"liste":{"id":112,"noDepot":12},"suffrages":0},{"liste":{"id":113,"noDepot":13},"suffrages":0}],"resultatParLocaux":[]},{"commune":{"id":18,"nom":"Confignon"},"suffrages":3,"compacts":2,"snl":0,"biffes":0,"suffrageModifies":[{"liste":{"id":101,"noDepot":1},"suffrages":0},{"liste":{"id":102,"noDepot":2},"suffrages":0},{"liste":{"id":103,"noDepot":3},"suffrages":0},{"liste":{"id":104,"noDepot":4},"suffrages":1},{"liste":{"id":105,"noDepot":5},"suffrages":0},{"liste":{"id":106,"noDepot":6},"suffrages":0},{"liste":{"id":107,"noDepot":7},"suffrages":0},{"liste":{"id":108,"noDepot":8},"suffrages":0},{"liste":{"id":109,"noDepot":9},"suffrages":0},{"liste":{"id":110,"noDepot":10},"suffrages":0},{"liste":{"id":111,"noDepot":11},"suffrages":0},{"liste":{"id":112,"noDepot":12},"suffrages":0},{"liste":{"id":113,"noDepot":13},"suffrages":0}],"resultatParLocaux":[]},{"commune":{"id":19,"nom":"Corsier"},"suffrages":2,"compacts":0,"snl":0,"biffes":0,"suffrageModifies":[{"liste":{"id":101,"noDepot":1},"suffrages":0},{"liste":{"id":102,"noDepot":2},"suffrages":0},{"liste":{"id":103,"noDepot":3},"suffrages":0},{"liste":{"id":104,"noDepot":4},"suffrages":2},{"liste":{"id":105,"noDepot":5},"suffrages":0},{"liste":{"id":106,"noDepot":6},"suffrages":0},{"liste":{"id":107,"noDepot":7},"suffrages":0},{"liste":{"id":108,"noDepot":8},"suffrages":0},{"liste":{"id":109,"noDepot":9},"suffrages":0},{"liste":{"id":110,"noDepot":10},"suffrages":0},{"liste":{"id":111,"noDepot":11},"suffrages":0},{"liste":{"id":112,"noDepot":12},"suffrages":0},{"liste":{"id":113,"noDepot":13},"suffrages":0}],"resultatParLocaux":[]},{"commune":{"id":20,"nom":"Dardagny"},"suffrages":3,"compacts":3,"snl":0,"biffes":0,"suffrageModifies":[{"liste":{"id":101,"noDepot":1},"suffrages":0},{"liste":{"id":102,"noDepot":2},"suffrages":0},{"liste":{"id":103,"noDepot":3},"suffrages":0},{"liste":{"id":104,"noDepot":4},"suffrages":0},{"liste":{"id":105,"noDepot":5},"suffrages":0},{"liste":{"id":106,"noDepot":6},"suffrages":0},{"liste":{"id":107,"noDepot":7},"suffrages":0},{"liste":{"id":108,"noDepot":8},"suffrages":0},{"liste":{"id":109,"noDepot":9},"suffrages":0},{"liste":{"id":110,"noDepot":10},"suffrages":0},{"liste":{"id":111,"noDepot":11},"suffrages":0},{"liste":{"id":112,"noDepot":12},"suffrages":0},{"liste":{"id":113,"noDepot":13},"suffrages":0}],"resultatParLocaux":[]},{"commune":{"id":21,"nom":"Genève"},"suffrages":39,"compacts":14,"snl":0,"biffes":0,"suffrageModifies":[{"liste":{"id":101,"noDepot":1},"suffrages":0},{"liste":{"id":102,"noDepot":2},"suffrages":0},{"liste":{"id":103,"noDepot":3},"suffrages":0},{"liste":{"id":104,"noDepot":4},"suffrages":22},{"liste":{"id":105,"noDepot":5},"suffrages":0},{"liste":{"id":106,"noDepot":6},"suffrages":1},{"liste":{"id":107,"noDepot":7},"suffrages":2},{"liste":{"id":108,"noDepot":8},"suffrages":0},{"liste":{"id":109,"noDepot":9},"suffrages":0},{"liste":{"id":110,"noDepot":10},"suffrages":0},{"liste":{"id":111,"noDepot":11},"suffrages":0},{"liste":{"id":112,"noDepot":12},"suffrages":0},{"liste":{"id":113,"noDepot":13},"suffrages":0}],"resultatParLocaux":[{"local":{"id":1,"nom":"Cité - Rive"},"suffrages":0,"compacts":0,"snl":0,"biffes":0,"suffrageModifies":[{"liste":{"id":101,"noDepot":1},"suffrages":0},{"liste":{"id":102,"noDepot":2},"suffrages":0},{"liste":{"id":103,"noDepot":3},"suffrages":0},{"liste":{"id":104,"noDepot":4},"suffrages":0},{"liste":{"id":105,"noDepot":5},"suffrages":0},{"liste":{"id":106,"noDepot":6},"suffrages":0},{"liste":{"id":107,"noDepot":7},"suffrages":0},{"liste":{"id":108,"noDepot":8},"suffrages":0},{"liste":{"id":109,"noDepot":9},"suffrages":0},{"liste":{"id":110,"noDepot":10},"suffrages":0},{"liste":{"id":111,"noDepot":11},"suffrages":0},{"liste":{"id":112,"noDepot":12},"suffrages":0},{"liste":{"id":113,"noDepot":13},"suffrages":0}]},{"local":{"id":2,"nom":"Pâquis"},"suffrages":1,"compacts":0,"snl":0,"biffes":0,"suffrageModifies":[{"liste":{"id":101,"noDepot":1},"suffrages":0},{"liste":{"id":102,"noDepot":2},"suffrages":0},{"liste":{"id":103,"noDepot":3},"suffrages":0},{"liste":{"id":104,"noDepot":4},"suffrages":1},{"liste":{"id":105,"noDepot":5},"suffrages":0},{"liste":{"id":106,"noDepot":6},"suffrages":0},{"liste":{"id":107,"noDepot":7},"suffrages":0},{"liste":{"id":108,"noDepot":8},"suffrages":0},{"liste":{"id":109,"noDepot":9},"suffrages":0},{"liste":{"id":110,"noDepot":10},"suffrages":0},{"liste":{"id":111,"noDepot":11},"suffrages":0},{"liste":{"id":112,"noDepot":12},"suffrages":0},{"liste":{"id":113,"noDepot":13},"suffrages":0}]},{"local":{"id":3,"nom":"Saint-Gervais"},"suffrages":5,"compacts":2,"snl":0,"biffes":0,"suffrageModifies":[{"liste":{"id":101,"noDepot":1},"suffrages":0},{"liste":{"id":102,"noDepot":2},"suffrages":0},{"liste":{"id":103,"noDepot":3},"suffrages":0},{"liste":{"id":104,"noDepot":4},"suffrages":3},{"liste":{"id":105,"noDepot":5},"suffrages":0},{"liste":{"id":106,"noDepot":6},"suffrages":0},{"liste":{"id":107,"noDepot":7},"suffrages":0},{"liste":{"id":108,"noDepot":8},"suffrages":0},{"liste":{"id":109,"noDepot":9},"suffrages":0},{"liste":{"id":110,"noDepot":10},"suffrages":0},{"liste":{"id":111,"noDepot":11},"suffrages":0},{"liste":{"id":112,"noDepot":12},"suffrages":0},{"liste":{"id":113,"noDepot":13},"suffrages":0}]},{"local":{"id":4,"nom":"Prairie-Délices"},"suffrages":3,"compacts":1,"snl":0,"biffes":0,"suffrageModifies":[{"liste":{"id":101,"noDepot":1},"suffrages":0},{"liste":{"id":102,"noDepot":2},"suffrages":0},{"liste":{"id":103,"noDepot":3},"suffrages":0},{"liste":{"id":104,"noDepot":4},"suffrages":2},{"liste":{"id":105,"noDepot":5},"suffrages":0},{"liste":{"id":106,"noDepot":6},"suffrages":0},{"liste":{"id":107,"noDepot":7},"suffrages":0},{"liste":{"id":108,"noDepot":8},"suffrages":0},{"liste":{"id":109,"noDepot":9},"suffrages":0},{"liste":{"id":110,"noDepot":10},"suffrages":0},{"liste":{"id":111,"noDepot":11},"suffrages":0},{"liste":{"id":112,"noDepot":12},"suffrages":0},{"liste":{"id":113,"noDepot":13},"suffrages":0}]},{"local":{"id":5,"nom":"Eaux-Vives - Lac"},"suffrages":4,"compacts":3,"snl":0,"biffes":0,"suffrageModifies":[{"liste":{"id":101,"noDepot":1},"suffrages":0},{"liste":{"id":102,"noDepot":2},"suffrages":0},{"liste":{"id":103,"noDepot":3},"suffrages":0},{"liste":{"id":104,"noDepot":4},"suffrages":0},{"liste":{"id":105,"noDepot":5},"suffrages":0},{"liste":{"id":106,"noDepot":6},"suffrages":1},{"liste":{"id":107,"noDepot":7},"suffrages":0},{"liste":{"id":108,"noDepot":8},"suffrages":0},{"liste":{"id":109,"noDepot":9},"suffrages":0},{"liste":{"id":110,"noDepot":10},"suffrages":0},{"liste":{"id":111,"noDepot":11},"suffrages":0},{"liste":{"id":112,"noDepot":12},"suffrages":0},{"liste":{"id":113,"noDepot":13},"suffrages":0}]},{"local":{"id":6,"nom":"Eaux-Vives - Frontenex"},"suffrages":3,"compacts":1,"snl":0,"biffes":0,"suffrageModifies":[{"liste":{"id":101,"noDepot":1},"suffrages":0},{"liste":{"id":102,"noDepot":2},"suffrages":0},{"liste":{"id":103,"noDepot":3},"suffrages":0},{"liste":{"id":104,"noDepot":4},"suffrages":2},{"liste":{"id":105,"noDepot":5},"suffrages":0},{"liste":{"id":106,"noDepot":6},"suffrages":0},{"liste":{"id":107,"noDepot":7},"suffrages":0},{"liste":{"id":108,"noDepot":8},"suffrages":0},{"liste":{"id":109,"noDepot":9},"suffrages":0},{"liste":{"id":110,"noDepot":10},"suffrages":0},{"liste":{"id":111,"noDepot":11},"suffrages":0},{"liste":{"id":112,"noDepot":12},"suffrages":0},{"liste":{"id":113,"noDepot":13},"suffrages":0}]},{"local":{"id":7,"nom":"Florissant - Malagnou"},"suffrages":2,"compacts":1,"snl":0,"biffes":0,"suffrageModifies":[{"liste":{"id":101,"noDepot":1},"suffrages":0},{"liste":{"id":102,"noDepot":2},"suffrages":0},{"liste":{"id":103,"noDepot":3},"suffrages":0},{"liste":{"id":104,"noDepot":4},"suffrages":1},{"liste":{"id":105,"noDepot":5},"suffrages":0},{"liste":{"id":106,"noDepot":6},"suffrages":0},{"liste":{"id":107,"noDepot":7},"suffrages":0},{"liste":{"id":108,"noDepot":8},"suffrages":0},{"liste":{"id":109,"noDepot":9},"suffrages":0},{"liste":{"id":110,"noDepot":10},"suffrages":0},{"liste":{"id":111,"noDepot":11},"suffrages":0},{"liste":{"id":112,"noDepot":12},"suffrages":0},{"liste":{"id":113,"noDepot":13},"suffrages":0}]},{"local":{"id":8,"nom":"Cluse - Roseraie"},"suffrages":5,"compacts":0,"snl":0,"biffes":0,"suffrageModifies":[{"liste":{"id":101,"noDepot":1},"suffrages":0},{"liste":{"id":102,"noDepot":2},"suffrages":0},{"liste":{"id":103,"noDepot":3},"suffrages":0},{"liste":{"id":104,"noDepot":4},"suffrages":4},{"liste":{"id":105,"noDepot":5},"suffrages":0},{"liste":{"id":106,"noDepot":6},"suffrages":0},{"liste":{"id":107,"noDepot":7},"suffrages":1},{"liste":{"id":108,"noDepot":8},"suffrages":0},{"liste":{"id":109,"noDepot":9},"suffrages":0},{"liste":{"id":110,"noDepot":10},"suffrages":0},{"liste":{"id":111,"noDepot":11},"suffrages":0},{"liste":{"id":112,"noDepot":12},"suffrages":0},{"liste":{"id":113,"noDepot":13},"suffrages":0}]},{"local":{"id":9,"nom":"Acacias"},"suffrages":2,"compacts":2,"snl":0,"biffes":0,"suffrageModifies":[{"liste":{"id":101,"noDepot":1},"suffrages":0},{"liste":{"id":102,"noDepot":2},"suffrages":0},{"liste":{"id":103,"noDepot":3},"suffrages":0},{"liste":{"id":104,"noDepot":4},"suffrages":0},{"liste":{"id":105,"noDepot":5},"suffrages":0},{"liste":{"id":106,"noDepot":6},"suffrages":0},{"liste":{"id":107,"noDepot":7},"suffrages":0},{"liste":{"id":108,"noDepot":8},"suffrages":0},{"liste":{"id":109,"noDepot":9},"suffrages":0},{"liste":{"id":110,"noDepot":10},"suffrages":0},{"liste":{"id":111,"noDepot":11},"suffrages":0},{"liste":{"id":112,"noDepot":12},"suffrages":0},{"liste":{"id":113,"noDepot":13},"suffrages":0}]},{"local":{"id":10,"nom":"Mail - Jonction"},"suffrages":1,"compacts":1,"snl":0,"biffes":0,"suffrageModifies":[{"liste":{"id":101,"noDepot":1},"suffrages":0},{"liste":{"id":102,"noDepot":2},"suffrages":0},{"liste":{"id":103,"noDepot":3},"suffrages":0},{"liste":{"id":104,"noDepot":4},"suffrages":0},{"liste":{"id":105,"noDepot":5},"suffrages":0},{"liste":{"id":106,"noDepot":6},"suffrages":0},{"liste":{"id":107,"noDepot":7},"suffrages":0},{"liste":{"id":108,"noDepot":8},"suffrages":0},{"liste":{"id":109,"noDepot":9},"suffrages":0},{"liste":{"id":110,"noDepot":10},"suffrages":0},{"liste":{"id":111,"noDepot":11},"suffrages":0},{"liste":{"id":112,"noDepot":12},"suffrages":0},{"liste":{"id":113,"noDepot":13},"suffrages":0}]},{"local":{"id":11,"nom":"Servette - Grand-Pré"},"suffrages":3,"compacts":1,"snl":0,"biffes":0,"suffrageModifies":[{"liste":{"id":101,"noDepot":1},"suffrages":0},{"liste":{"id":102,"noDepot":2},"suffrages":0},{"liste":{"id":103,"noDepot":3},"suffrages":0},{"liste":{"id":104,"noDepot":4},"suffrages":2},{"liste":{"id":105,"noDepot":5},"suffrages":0},{"liste":{"id":106,"noDepot":6},"suffrages":0},{"liste":{"id":107,"noDepot":7},"suffrages":0},{"liste":{"id":108,"noDepot":8},"suffrages":0},{"liste":{"id":109,"noDepot":9},"suffrages":0},{"liste":{"id":110,"noDepot":10},"suffrages":0},{"liste":{"id":111,"noDepot":11},"suffrages":0},{"liste":{"id":112,"noDepot":12},"suffrages":0},{"liste":{"id":113,"noDepot":13},"suffrages":0}]},{"local":{"id":12,"nom":"Prieuré - Sécheron"},"suffrages":2,"compacts":0,"snl":0,"biffes":0,"suffrageModifies":[{"liste":{"id":101,"noDepot":1},"suffrages":0},{"liste":{"id":102,"noDepot":2},"suffrages":0},{"liste":{"id":103,"noDepot":3},"suffrages":0},{"liste":{"id":104,"noDepot":4},"suffrages":2},{"liste":{"id":105,"noDepot":5},"suffrages":0},{"liste":{"id":106,"noDepot":6},"suffrages":0},{"liste":{"id":107,"noDepot":7},"suffrages":0},{"liste":{"id":108,"noDepot":8},"suffrages":0},{"liste":{"id":109,"noDepot":9},"suffrages":0},{"liste":{"id":110,"noDepot":10},"suffrages":0},{"liste":{"id":111,"noDepot":11},"suffrages":0},{"liste":{"id":112,"noDepot":12},"suffrages":0},{"liste":{"id":113,"noDepot":13},"suffrages":0}]},{"local":{"id":13,"nom":"Saint-Jean"},"suffrages":0,"compacts":0,"snl":0,"biffes":0,"suffrageModifies":[{"liste":{"id":101,"noDepot":1},"suffrages":0},{"liste":{"id":102,"noDepot":2},"suffrages":0},{"liste":{"id":103,"noDepot":3},"suffrages":0},{"liste":{"id":104,"noDepot":4},"suffrages":0},{"liste":{"id":105,"noDepot":5},"suffrages":0},{"liste":{"id":106,"noDepot":6},"suffrages":0},{"liste":{"id":107,"noDepot":7},"suffrages":0},{"liste":{"id":108,"noDepot":8},"suffrages":0},{"liste":{"id":109,"noDepot":9},"suffrages":0},{"liste":{"id":110,"noDepot":10},"suffrages":0},{"liste":{"id":111,"noDepot":11},"suffrages":0},{"liste":{"id":112,"noDepot":12},"suffrages":0},{"liste":{"id":113,"noDepot":13},"suffrages":0}]},{"local":{"id":14,"nom":"Les Crêts"},"suffrages":2,"compacts":1,"snl":0,"biffes":0,"suffrageModifies":[{"liste":{"id":101,"noDepot":1},"suffrages":0},{"liste":{"id":102,"noDepot":2},"suffrages":0},{"liste":{"id":103,"noDepot":3},"suffrages":0},{"liste":{"id":104,"noDepot":4},"suffrages":1},{"liste":{"id":105,"noDepot":5},"suffrages":0},{"liste":{"id":106,"noDepot":6},"suffrages":0},{"liste":{"id":107,"noDepot":7},"suffrages":0},{"liste":{"id":108,"noDepot":8},"suffrages":0},{"liste":{"id":109,"noDepot":9},"suffrages":0},{"liste":{"id":110,"noDepot":10},"suffrages":0},{"liste":{"id":111,"noDepot":11},"suffrages":0},{"liste":{"id":112,"noDepot":12},"suffrages":0},{"liste":{"id":113,"noDepot":13},"suffrages":0}]},{"local":{"id":15,"nom":"Cropettes - Vidollet"},"suffrages":2,"compacts":0,"snl":0,"biffes":0,"suffrageModifies":[{"liste":{"id":101,"noDepot":1},"suffrages":0},{"liste":{"id":102,"noDepot":2},"suffrages":0},{"liste":{"id":103,"noDepot":3},"suffrages":0},{"liste":{"id":104,"noDepot":4},"suffrages":2},{"liste":{"id":105,"noDepot":5},"suffrages":0},{"liste":{"id":106,"noDepot":6},"suffrages":0},{"liste":{"id":107,"noDepot":7},"suffrages":0},{"liste":{"id":108,"noDepot":8},"suffrages":0},{"liste":{"id":109,"noDepot":9},"suffrages":0},{"liste":{"id":110,"noDepot":10},"suffrages":0},{"liste":{"id":111,"noDepot":11},"suffrages":0},{"liste":{"id":112,"noDepot":12},"suffrages":0},{"liste":{"id":113,"noDepot":13},"suffrages":0}]},{"local":{"id":16,"nom":"Vieusseux"},"suffrages":4,"compacts":1,"snl":0,"biffes":0,"suffrageModifies":[{"liste":{"id":101,"noDepot":1},"suffrages":0},{"liste":{"id":102,"noDepot":2},"suffrages":0},{"liste":{"id":103,"noDepot":3},"suffrages":0},{"liste":{"id":104,"noDepot":4},"suffrages":2},{"liste":{"id":105,"noDepot":5},"suffrages":0},{"liste":{"id":106,"noDepot":6},"suffrages":0},{"liste":{"id":107,"noDepot":7},"suffrages":1},{"liste":{"id":108,"noDepot":8},"suffrages":0},{"liste":{"id":109,"noDepot":9},"suffrages":0},{"liste":{"id":110,"noDepot":10},"suffrages":0},{"liste":{"id":111,"noDepot":11},"suffrages":0},{"liste":{"id":112,"noDepot":12},"suffrages":0},{"liste":{"id":113,"noDepot":13},"suffrages":0}]},{"local":{"id":17,"nom":"Champel"},"suffrages":0,"compacts":0,"snl":0,"biffes":0,"suffrageModifies":[{"liste":{"id":101,"noDepot":1},"suffrages":0},{"liste":{"id":102,"noDepot":2},"suffrages":0},{"liste":{"id":103,"noDepot":3},"suffrages":0},{"liste":{"id":104,"noDepot":4},"suffrages":0},{"liste":{"id":105,"noDepot":5},"suffrages":0},{"liste":{"id":106,"noDepot":6},"suffrages":0},{"liste":{"id":107,"noDepot":7},"suffrages":0},{"liste":{"id":108,"noDepot":8},"suffrages":0},{"liste":{"id":109,"noDepot":9},"suffrages":0},{"liste":{"id":110,"noDepot":10},"suffrages":0},{"liste":{"id":111,"noDepot":11},"suffrages":0},{"liste":{"id":112,"noDepot":12},"suffrages":0},{"liste":{"id":113,"noDepot":13},"suffrages":0}]}]},{"commune":{"id":22,"nom":"Genthod"},"suffrages":1,"compacts":0,"snl":0,"biffes":0,"suffrageModifies":[{"liste":{"id":101,"noDepot":1},"suffrages":0},{"liste":{"id":102,"noDepot":2},"suffrages":0},{"liste":{"id":103,"noDepot":3},"suffrages":0},{"liste":{"id":104,"noDepot":4},"suffrages":1},{"liste":{"id":105,"noDepot":5},"suffrages":0},{"liste":{"id":106,"noDepot":6},"suffrages":0},{"liste":{"id":107,"noDepot":7},"suffrages":0},{"liste":{"id":108,"noDepot":8},"suffrages":0},{"liste":{"id":109,"noDepot":9},"suffrages":0},{"liste":{"id":110,"noDepot":10},"suffrages":0},{"liste":{"id":111,"noDepot":11},"suffrages":0},{"liste":{"id":112,"noDepot":12},"suffrages":0},{"liste":{"id":113,"noDepot":13},"suffrages":0}],"resultatParLocaux":[]},{"commune":{"id":23,"nom":"Grand-Saconnex"},"suffrages":2,"compacts":2,"snl":0,"biffes":0,"suffrageModifies":[{"liste":{"id":101,"noDepot":1},"suffrages":0},{"liste":{"id":102,"noDepot":2},"suffrages":0},{"liste":{"id":103,"noDepot":3},"suffrages":0},{"liste":{"id":104,"noDepot":4},"suffrages":0},{"liste":{"id":105,"noDepot":5},"suffrages":0},{"liste":{"id":106,"noDepot":6},"suffrages":0},{"liste":{"id":107,"noDepot":7},"suffrages":0},{"liste":{"id":108,"noDepot":8},"suffrages":0},{"liste":{"id":109,"noDepot":9},"suffrages":0},{"liste":{"id":110,"noDepot":10},"suffrages":0},{"liste":{"id":111,"noDepot":11},"suffrages":0},{"liste":{"id":112,"noDepot":12},"suffrages":0},{"liste":{"id":113,"noDepot":13},"suffrages":0}],"resultatParLocaux":[]},{"commune":{"id":24,"nom":"Gy"},"suffrages":2,"compacts":1,"snl":0,"biffes":1,"suffrageModifies":[{"liste":{"id":101,"noDepot":1},"suffrages":0},{"liste":{"id":102,"noDepot":2},"suffrages":0},{"liste":{"id":103,"noDepot":3},"suffrages":0},{"liste":{"id":104,"noDepot":4},"suffrages":1},{"liste":{"id":105,"noDepot":5},"suffrages":0},{"liste":{"id":106,"noDepot":6},"suffrages":0},{"liste":{"id":107,"noDepot":7},"suffrages":0},{"liste":{"id":108,"noDepot":8},"suffrages":0},{"liste":{"id":109,"noDepot":9},"suffrages":0},{"liste":{"id":110,"noDepot":10},"suffrages":0},{"liste":{"id":111,"noDepot":11},"suffrages":0},{"liste":{"id":112,"noDepot":12},"suffrages":0},{"liste":{"id":113,"noDepot":13},"suffrages":0}],"resultatParLocaux":[]},{"commune":{"id":25,"nom":"Hermance"},"suffrages":2,"compacts":1,"snl":0,"biffes":0,"suffrageModifies":[{"liste":{"id":101,"noDepot":1},"suffrages":0},{"liste":{"id":102,"noDepot":2},"suffrages":0},{"liste":{"id":103,"noDepot":3},"suffrages":0},{"liste":{"id":104,"noDepot":4},"suffrages":1},{"liste":{"id":105,"noDepot":5},"suffrages":0},{"liste":{"id":106,"noDepot":6},"suffrages":0},{"liste":{"id":107,"noDepot":7},"suffrages":0},{"liste":{"id":108,"noDepot":8},"suffrages":0},{"liste":{"id":109,"noDepot":9},"suffrages":0},{"liste":{"id":110,"noDepot":10},"suffrages":0},{"liste":{"id":111,"noDepot":11},"suffrages":0},{"liste":{"id":112,"noDepot":12},"suffrages":0},{"liste":{"id":113,"noDepot":13},"suffrages":0}],"resultatParLocaux":[]},{"commune":{"id":26,"nom":"Jussy"},"suffrages":3,"compacts":2,"snl":0,"biffes":0,"suffrageModifies":[{"liste":{"id":101,"noDepot":1},"suffrages":0},{"liste":{"id":102,"noDepot":2},"suffrages":0},{"liste":{"id":103,"noDepot":3},"suffrages":0},{"liste":{"id":104,"noDepot":4},"suffrages":1},{"liste":{"id":105,"noDepot":5},"suffrages":0},{"liste":{"id":106,"noDepot":6},"suffrages":0},{"liste":{"id":107,"noDepot":7},"suffrages":0},{"liste":{"id":108,"noDepot":8},"suffrages":0},{"liste":{"id":109,"noDepot":9},"suffrages":0},{"liste":{"id":110,"noDepot":10},"suffrages":0},{"liste":{"id":111,"noDepot":11},"suffrages":0},{"liste":{"id":112,"noDepot":12},"suffrages":0},{"liste":{"id":113,"noDepot":13},"suffrages":0}],"resultatParLocaux":[]},{"commune":{"id":27,"nom":"Laconnex"},"suffrages":2,"compacts":1,"snl":0,"biffes":0,"suffrageModifies":[{"liste":{"id":101,"noDepot":1},"suffrages":0},{"liste":{"id":102,"noDepot":2},"suffrages":0},{"liste":{"id":103,"noDepot":3},"suffrages":1},{"liste":{"id":104,"noDepot":4},"suffrages":0},{"liste":{"id":105,"noDepot":5},"suffrages":0},{"liste":{"id":106,"noDepot":6},"suffrages":0},{"liste":{"id":107,"noDepot":7},"suffrages":0},{"liste":{"id":108,"noDepot":8},"suffrages":0},{"liste":{"id":109,"noDepot":9},"suffrages":0},{"liste":{"id":110,"noDepot":10},"suffrages":0},{"liste":{"id":111,"noDepot":11},"suffrages":0},{"liste":{"id":112,"noDepot":12},"suffrages":0},{"liste":{"id":113,"noDepot":13},"suffrages":0}],"resultatParLocaux":[]},{"commune":{"id":28,"nom":"Lancy"},"suffrages":6,"compacts":2,"snl":0,"biffes":0,"suffrageModifies":[{"liste":{"id":101,"noDepot":1},"suffrages":0},{"liste":{"id":102,"noDepot":2},"suffrages":0},{"liste":{"id":103,"noDepot":3},"suffrages":1},{"liste":{"id":104,"noDepot":4},"suffrages":3},{"liste":{"id":105,"noDepot":5},"suffrages":0},{"liste":{"id":106,"noDepot":6},"suffrages":0},{"liste":{"id":107,"noDepot":7},"suffrages":0},{"liste":{"id":108,"noDepot":8},"suffrages":0},{"liste":{"id":109,"noDepot":9},"suffrages":0},{"liste":{"id":110,"noDepot":10},"suffrages":0},{"liste":{"id":111,"noDepot":11},"suffrages":0},{"liste":{"id":112,"noDepot":12},"suffrages":0},{"liste":{"id":113,"noDepot":13},"suffrages":0}],"resultatParLocaux":[{"local":{"id":1,"nom":"Grand-Lancy"},"suffrages":3,"compacts":2,"snl":0,"biffes":0,"suffrageModifies":[{"liste":{"id":101,"noDepot":1},"suffrages":0},{"liste":{"id":102,"noDepot":2},"suffrages":0},{"liste":{"id":103,"noDepot":3},"suffrages":0},{"liste":{"id":104,"noDepot":4},"suffrages":1},{"liste":{"id":105,"noDepot":5},"suffrages":0},{"liste":{"id":106,"noDepot":6},"suffrages":0},{"liste":{"id":107,"noDepot":7},"suffrages":0},{"liste":{"id":108,"noDepot":8},"suffrages":0},{"liste":{"id":109,"noDepot":9},"suffrages":0},{"liste":{"id":110,"noDepot":10},"suffrages":0},{"liste":{"id":111,"noDepot":11},"suffrages":0},{"liste":{"id":112,"noDepot":12},"suffrages":0},{"liste":{"id":113,"noDepot":13},"suffrages":0}]},{"local":{"id":2,"nom":"Petit-Lancy"},"suffrages":3,"compacts":0,"snl":0,"biffes":0,"suffrageModifies":[{"liste":{"id":101,"noDepot":1},"suffrages":0},{"liste":{"id":102,"noDepot":2},"suffrages":0},{"liste":{"id":103,"noDepot":3},"suffrages":1},{"liste":{"id":104,"noDepot":4},"suffrages":2},{"liste":{"id":105,"noDepot":5},"suffrages":0},{"liste":{"id":106,"noDepot":6},"suffrages":0},{"liste":{"id":107,"noDepot":7},"suffrages":0},{"liste":{"id":108,"noDepot":8},"suffrages":0},{"liste":{"id":109,"noDepot":9},"suffrages":0},{"liste":{"id":110,"noDepot":10},"suffrages":0},{"liste":{"id":111,"noDepot":11},"suffrages":0},{"liste":{"id":112,"noDepot":12},"suffrages":0},{"liste":{"id":113,"noDepot":13},"suffrages":0}]}]},{"commune":{"id":29,"nom":"Meinier"},"suffrages":3,"compacts":1,"snl":0,"biffes":0,"suffrageModifies":[{"liste":{"id":101,"noDepot":1},"suffrages":0},{"liste":{"id":102,"noDepot":2},"suffrages":0},{"liste":{"id":103,"noDepot":3},"suffrages":0},{"liste":{"id":104,"noDepot":4},"suffrages":2},{"liste":{"id":105,"noDepot":5},"suffrages":0},{"liste":{"id":106,"noDepot":6},"suffrages":0},{"liste":{"id":107,"noDepot":7},"suffrages":0},{"liste":{"id":108,"noDepot":8},"suffrages":0},{"liste":{"id":109,"noDepot":9},"suffrages":0},{"liste":{"id":110,"noDepot":10},"suffrages":0},{"liste":{"id":111,"noDepot":11},"suffrages":0},{"liste":{"id":112,"noDepot":12},"suffrages":0},{"liste":{"id":113,"noDepot":13},"suffrages":0}],"resultatParLocaux":[]},{"commune":{"id":30,"nom":"Meyrin"},"suffrages":0,"compacts":0,"snl":0,"biffes":0,"suffrageModifies":[{"liste":{"id":101,"noDepot":1},"suffrages":0},{"liste":{"id":102,"noDepot":2},"suffrages":0},{"liste":{"id":103,"noDepot":3},"suffrages":0},{"liste":{"id":104,"noDepot":4},"suffrages":0},{"liste":{"id":105,"noDepot":5},"suffrages":0},{"liste":{"id":106,"noDepot":6},"suffrages":0},{"liste":{"id":107,"noDepot":7},"suffrages":0},{"liste":{"id":108,"noDepot":8},"suffrages":0},{"liste":{"id":109,"noDepot":9},"suffrages":0},{"liste":{"id":110,"noDepot":10},"suffrages":0},{"liste":{"id":111,"noDepot":11},"suffrages":0},{"liste":{"id":112,"noDepot":12},"suffrages":0},{"liste":{"id":113,"noDepot":13},"suffrages":0}],"resultatParLocaux":[]},{"commune":{"id":31,"nom":"Onex"},"suffrages":2,"compacts":1,"snl":0,"biffes":0,"suffrageModifies":[{"liste":{"id":101,"noDepot":1},"suffrages":0},{"liste":{"id":102,"noDepot":2},"suffrages":0},{"liste":{"id":103,"noDepot":3},"suffrages":0},{"liste":{"id":104,"noDepot":4},"suffrages":0},{"liste":{"id":105,"noDepot":5},"suffrages":0},{"liste":{"id":106,"noDepot":6},"suffrages":0},{"liste":{"id":107,"noDepot":7},"suffrages":1},{"liste":{"id":108,"noDepot":8},"suffrages":0},{"liste":{"id":109,"noDepot":9},"suffrages":0},{"liste":{"id":110,"noDepot":10},"suffrages":0},{"liste":{"id":111,"noDepot":11},"suffrages":0},{"liste":{"id":112,"noDepot":12},"suffrages":0},{"liste":{"id":113,"noDepot":13},"suffrages":0}],"resultatParLocaux":[]},{"commune":{"id":32,"nom":"Perly-Certoux"},"suffrages":3,"compacts":0,"snl":0,"biffes":1,"suffrageModifies":[{"liste":{"id":101,"noDepot":1},"suffrages":0},{"liste":{"id":102,"noDepot":2},"suffrages":0},{"liste":{"id":103,"noDepot":3},"suffrages":0},{"liste":{"id":104,"noDepot":4},"suffrages":3},{"liste":{"id":105,"noDepot":5},"suffrages":0},{"liste":{"id":106,"noDepot":6},"suffrages":0},{"liste":{"id":107,"noDepot":7},"suffrages":0},{"liste":{"id":108,"noDepot":8},"suffrages":0},{"liste":{"id":109,"noDepot":9},"suffrages":0},{"liste":{"id":110,"noDepot":10},"suffrages":0},{"liste":{"id":111,"noDepot":11},"suffrages":0},{"liste":{"id":112,"noDepot":12},"suffrages":0},{"liste":{"id":113,"noDepot":13},"suffrages":0}],"resultatParLocaux":[]},{"commune":{"id":33,"nom":"Plan-les-Ouates"},"suffrages":3,"compacts":1,"snl":0,"biffes":0,"suffrageModifies":[{"liste":{"id":101,"noDepot":1},"suffrages":0},{"liste":{"id":102,"noDepot":2},"suffrages":0},{"liste":{"id":103,"noDepot":3},"suffrages":0},{"liste":{"id":104,"noDepot":4},"suffrages":1},{"liste":{"id":105,"noDepot":5},"suffrages":0},{"liste":{"id":106,"noDepot":6},"suffrages":0},{"liste":{"id":107,"noDepot":7},"suffrages":1},{"liste":{"id":108,"noDepot":8},"suffrages":0},{"liste":{"id":109,"noDepot":9},"suffrages":0},{"liste":{"id":110,"noDepot":10},"suffrages":0},{"liste":{"id":111,"noDepot":11},"suffrages":0},{"liste":{"id":112,"noDepot":12},"suffrages":0},{"liste":{"id":113,"noDepot":13},"suffrages":0}],"resultatParLocaux":[]},{"commune":{"id":34,"nom":"Pregny-Chambésy"},"suffrages":3,"compacts":0,"snl":0,"biffes":0,"suffrageModifies":[{"liste":{"id":101,"noDepot":1},"suffrages":0},{"liste":{"id":102,"noDepot":2},"suffrages":0},{"liste":{"id":103,"noDepot":3},"suffrages":0},{"liste":{"id":104,"noDepot":4},"suffrages":2},{"liste":{"id":105,"noDepot":5},"suffrages":0},{"liste":{"id":106,"noDepot":6},"suffrages":0},{"liste":{"id":107,"noDepot":7},"suffrages":0},{"liste":{"id":108,"noDepot":8},"suffrages":0},{"liste":{"id":109,"noDepot":9},"suffrages":0},{"liste":{"id":110,"noDepot":10},"suffrages":0},{"liste":{"id":111,"noDepot":11},"suffrages":0},{"liste":{"id":112,"noDepot":12},"suffrages":1},{"liste":{"id":113,"noDepot":13},"suffrages":0}],"resultatParLocaux":[]},{"commune":{"id":35,"nom":"Presinge"},"suffrages":2,"compacts":1,"snl":0,"biffes":0,"suffrageModifies":[{"liste":{"id":101,"noDepot":1},"suffrages":0},{"liste":{"id":102,"noDepot":2},"suffrages":0},{"liste":{"id":103,"noDepot":3},"suffrages":0},{"liste":{"id":104,"noDepot":4},"suffrages":0},{"liste":{"id":105,"noDepot":5},"suffrages":0},{"liste":{"id":106,"noDepot":6},"suffrages":0},{"liste":{"id":107,"noDepot":7},"suffrages":0},{"liste":{"id":108,"noDepot":8},"suffrages":0},{"liste":{"id":109,"noDepot":9},"suffrages":1},{"liste":{"id":110,"noDepot":10},"suffrages":0},{"liste":{"id":111,"noDepot":11},"suffrages":0},{"liste":{"id":112,"noDepot":12},"suffrages":0},{"liste":{"id":113,"noDepot":13},"suffrages":0}],"resultatParLocaux":[]},{"commune":{"id":36,"nom":"Puplinge"},"suffrages":1,"compacts":0,"snl":0,"biffes":0,"suffrageModifies":[{"liste":{"id":101,"noDepot":1},"suffrages":0},{"liste":{"id":102,"noDepot":2},"suffrages":0},{"liste":{"id":103,"noDepot":3},"suffrages":0},{"liste":{"id":104,"noDepot":4},"suffrages":1},{"liste":{"id":105,"noDepot":5},"suffrages":0},{"liste":{"id":106,"noDepot":6},"suffrages":0},{"liste":{"id":107,"noDepot":7},"suffrages":0},{"liste":{"id":108,"noDepot":8},"suffrages":0},{"liste":{"id":109,"noDepot":9},"suffrages":0},{"liste":{"id":110,"noDepot":10},"suffrages":0},{"liste":{"id":111,"noDepot":11},"suffrages":0},{"liste":{"id":112,"noDepot":12},"suffrages":0},{"liste":{"id":113,"noDepot":13},"suffrages":0}],"resultatParLocaux":[]},{"commune":{"id":37,"nom":"Russin"},"suffrages":2,"compacts":1,"snl":0,"biffes":0,"suffrageModifies":[{"liste":{"id":101,"noDepot":1},"suffrages":0},{"liste":{"id":102,"noDepot":2},"suffrages":0},{"liste":{"id":103,"noDepot":3},"suffrages":0},{"liste":{"id":104,"noDepot":4},"suffrages":1},{"liste":{"id":105,"noDepot":5},"suffrages":0},{"liste":{"id":106,"noDepot":6},"suffrages":0},{"liste":{"id":107,"noDepot":7},"suffrages":0},{"liste":{"id":108,"noDepot":8},"suffrages":0},{"liste":{"id":109,"noDepot":9},"suffrages":0},{"liste":{"id":110,"noDepot":10},"suffrages":0},{"liste":{"id":111,"noDepot":11},"suffrages":0},{"liste":{"id":112,"noDepot":12},"suffrages":0},{"liste":{"id":113,"noDepot":13},"suffrages":0}],"resultatParLocaux":[]},{"commune":{"id":38,"nom":"Satigny"},"suffrages":0,"compacts":0,"snl":0,"biffes":0,"suffrageModifies":[{"liste":{"id":101,"noDepot":1},"suffrages":0},{"liste":{"id":102,"noDepot":2},"suffrages":0},{"liste":{"id":103,"noDepot":3},"suffrages":0},{"liste":{"id":104,"noDepot":4},"suffrages":0},{"liste":{"id":105,"noDepot":5},"suffrages":0},{"liste":{"id":106,"noDepot":6},"suffrages":0},{"liste":{"id":107,"noDepot":7},"suffrages":0},{"liste":{"id":108,"noDepot":8},"suffrages":0},{"liste":{"id":109,"noDepot":9},"suffrages":0},{"liste":{"id":110,"noDepot":10},"suffrages":0},{"liste":{"id":111,"noDepot":11},"suffrages":0},{"liste":{"id":112,"noDepot":12},"suffrages":0},{"liste":{"id":113,"noDepot":13},"suffrages":0}],"resultatParLocaux":[]},{"commune":{"id":39,"nom":"Soral"},"suffrages":1,"compacts":0,"snl":0,"biffes":0,"suffrageModifies":[{"liste":{"id":101,"noDepot":1},"suffrages":0},{"liste":{"id":102,"noDepot":2},"suffrages":0},{"liste":{"id":103,"noDepot":3},"suffrages":0},{"liste":{"id":104,"noDepot":4},"suffrages":0},{"liste":{"id":105,"noDepot":5},"suffrages":1},{"liste":{"id":106,"noDepot":6},"suffrages":0},{"liste":{"id":107,"noDepot":7},"suffrages":0},{"liste":{"id":108,"noDepot":8},"suffrages":0},{"liste":{"id":109,"noDepot":9},"suffrages":0},{"liste":{"id":110,"noDepot":10},"suffrages":0},{"liste":{"id":111,"noDepot":11},"suffrages":0},{"liste":{"id":112,"noDepot":12},"suffrages":0},{"liste":{"id":113,"noDepot":13},"suffrages":0}],"resultatParLocaux":[]},{"commune":{"id":40,"nom":"Thônex"},"suffrages":1,"compacts":0,"snl":0,"biffes":0,"suffrageModifies":[{"liste":{"id":101,"noDepot":1},"suffrages":0},{"liste":{"id":102,"noDepot":2},"suffrages":0},{"liste":{"id":103,"noDepot":3},"suffrages":0},{"liste":{"id":104,"noDepot":4},"suffrages":0},{"liste":{"id":105,"noDepot":5},"suffrages":0},{"liste":{"id":106,"noDepot":6},"suffrages":1},{"liste":{"id":107,"noDepot":7},"suffrages":0},{"liste":{"id":108,"noDepot":8},"suffrages":0},{"liste":{"id":109,"noDepot":9},"suffrages":0},{"liste":{"id":110,"noDepot":10},"suffrages":0},{"liste":{"id":111,"noDepot":11},"suffrages":0},{"liste":{"id":112,"noDepot":12},"suffrages":0},{"liste":{"id":113,"noDepot":13},"suffrages":0}],"resultatParLocaux":[]},{"commune":{"id":41,"nom":"Troinex"},"suffrages":4,"compacts":3,"snl":0,"biffes":0,"suffrageModifies":[{"liste":{"id":101,"noDepot":1},"suffrages":0},{"liste":{"id":102,"noDepot":2},"suffrages":0},{"liste":{"id":103,"noDepot":3},"suffrages":0},{"liste":{"id":104,"noDepot":4},"suffrages":1},{"liste":{"id":105,"noDepot":5},"suffrages":0},{"liste":{"id":106,"noDepot":6},"suffrages":0},{"liste":{"id":107,"noDepot":7},"suffrages":0},{"liste":{"id":108,"noDepot":8},"suffrages":0},{"liste":{"id":109,"noDepot":9},"suffrages":0},{"liste":{"id":110,"noDepot":10},"suffrages":0},{"liste":{"id":111,"noDepot":11},"suffrages":0},{"liste":{"id":112,"noDepot":12},"suffrages":0},{"liste":{"id":113,"noDepot":13},"suffrages":0}],"resultatParLocaux":[]},{"commune":{"id":42,"nom":"Vandoeuvres"},"suffrages":2,"compacts":0,"snl":0,"biffes":0,"suffrageModifies":[{"liste":{"id":101,"noDepot":1},"suffrages":0},{"liste":{"id":102,"noDepot":2},"suffrages":0},{"liste":{"id":103,"noDepot":3},"suffrages":0},{"liste":{"id":104,"noDepot":4},"suffrages":2},{"liste":{"id":105,"noDepot":5},"suffrages":0},{"liste":{"id":106,"noDepot":6},"suffrages":0},{"liste":{"id":107,"noDepot":7},"suffrages":0},{"liste":{"id":108,"noDepot":8},"suffrages":0},{"liste":{"id":109,"noDepot":9},"suffrages":0},{"liste":{"id":110,"noDepot":10},"suffrages":0},{"liste":{"id":111,"noDepot":11},"suffrages":0},{"liste":{"id":112,"noDepot":12},"suffrages":0},{"liste":{"id":113,"noDepot":13},"suffrages":0}],"resultatParLocaux":[]},{"commune":{"id":43,"nom":"Vernier"},"suffrages":4,"compacts":3,"snl":0,"biffes":0,"suffrageModifies":[{"liste":{"id":101,"noDepot":1},"suffrages":0},{"liste":{"id":102,"noDepot":2},"suffrages":0},{"liste":{"id":103,"noDepot":3},"suffrages":0},{"liste":{"id":104,"noDepot":4},"suffrages":1},{"liste":{"id":105,"noDepot":5},"suffrages":0},{"liste":{"id":106,"noDepot":6},"suffrages":0},{"liste":{"id":107,"noDepot":7},"suffrages":0},{"liste":{"id":108,"noDepot":8},"suffrages":0},{"liste":{"id":109,"noDepot":9},"suffrages":0},{"liste":{"id":110,"noDepot":10},"suffrages":0},{"liste":{"id":111,"noDepot":11},"suffrages":0},{"liste":{"id":112,"noDepot":12},"suffrages":0},{"liste":{"id":113,"noDepot":13},"suffrages":0}],"resultatParLocaux":[{"local":{"id":1,"nom":"Vernier village"},"suffrages":1,"compacts":0,"snl":0,"biffes":0,"suffrageModifies":[{"liste":{"id":101,"noDepot":1},"suffrages":0},{"liste":{"id":102,"noDepot":2},"suffrages":0},{"liste":{"id":103,"noDepot":3},"suffrages":0},{"liste":{"id":104,"noDepot":4},"suffrages":1},{"liste":{"id":105,"noDepot":5},"suffrages":0},{"liste":{"id":106,"noDepot":6},"suffrages":0},{"liste":{"id":107,"noDepot":7},"suffrages":0},{"liste":{"id":108,"noDepot":8},"suffrages":0},{"liste":{"id":109,"noDepot":9},"suffrages":0},{"liste":{"id":110,"noDepot":10},"suffrages":0},{"liste":{"id":111,"noDepot":11},"suffrages":0},{"liste":{"id":112,"noDepot":12},"suffrages":0},{"liste":{"id":113,"noDepot":13},"suffrages":0}]},{"local":{"id":2,"nom":"Châtelaine"},"suffrages":0,"compacts":0,"snl":0,"biffes":0,"suffrageModifies":[{"liste":{"id":101,"noDepot":1},"suffrages":0},{"liste":{"id":102,"noDepot":2},"suffrages":0},{"liste":{"id":103,"noDepot":3},"suffrages":0},{"liste":{"id":104,"noDepot":4},"suffrages":0},{"liste":{"id":105,"noDepot":5},"suffrages":0},{"liste":{"id":106,"noDepot":6},"suffrages":0},{"liste":{"id":107,"noDepot":7},"suffrages":0},{"liste":{"id":108,"noDepot":8},"suffrages":0},{"liste":{"id":109,"noDepot":9},"suffrages":0},{"liste":{"id":110,"noDepot":10},"suffrages":0},{"liste":{"id":111,"noDepot":11},"suffrages":0},{"liste":{"id":112,"noDepot":12},"suffrages":0},{"liste":{"id":113,"noDepot":13},"suffrages":0}]},{"local":{"id":3,"nom":"Aïre-Le Lignon"},"suffrages":0,"compacts":0,"snl":0,"biffes":0,"suffrageModifies":[{"liste":{"id":101,"noDepot":1},"suffrages":0},{"liste":{"id":102,"noDepot":2},"suffrages":0},{"liste":{"id":103,"noDepot":3},"suffrages":0},{"liste":{"id":104,"noDepot":4},"suffrages":0},{"liste":{"id":105,"noDepot":5},"suffrages":0},{"liste":{"id":106,"noDepot":6},"suffrages":0},{"liste":{"id":107,"noDepot":7},"suffrages":0},{"liste":{"id":108,"noDepot":8},"suffrages":0},{"liste":{"id":109,"noDepot":9},"suffrages":0},{"liste":{"id":110,"noDepot":10},"suffrages":0},{"liste":{"id":111,"noDepot":11},"suffrages":0},{"liste":{"id":112,"noDepot":12},"suffrages":0},{"liste":{"id":113,"noDepot":13},"suffrages":0}]},{"local":{"id":4,"nom":"Les Avanchets"},"suffrages":3,"compacts":3,"snl":0,"biffes":0,"suffrageModifies":[{"liste":{"id":101,"noDepot":1},"suffrages":0},{"liste":{"id":102,"noDepot":2},"suffrages":0},{"liste":{"id":103,"noDepot":3},"suffrages":0},{"liste":{"id":104,"noDepot":4},"suffrages":0},{"liste":{"id":105,"noDepot":5},"suffrages":0},{"liste":{"id":106,"noDepot":6},"suffrages":0},{"liste":{"id":107,"noDepot":7},"suffrages":0},{"liste":{"id":108,"noDepot":8},"suffrages":0},{"liste":{"id":109,"noDepot":9},"suffrages":0},{"liste":{"id":110,"noDepot":10},"suffrages":0},{"liste":{"id":111,"noDepot":11},"suffrages":0},{"liste":{"id":112,"noDepot":12},"suffrages":0},{"liste":{"id":113,"noDepot":13},"suffrages":0}]}]},{"commune":{"id":44,"nom":"Versoix"},"suffrages":6,"compacts":2,"snl":0,"biffes":0,"suffrageModifies":[{"liste":{"id":101,"noDepot":1},"suffrages":0},{"liste":{"id":102,"noDepot":2},"suffrages":0},{"liste":{"id":103,"noDepot":3},"suffrages":0},{"liste":{"id":104,"noDepot":4},"suffrages":4},{"liste":{"id":105,"noDepot":5},"suffrages":0},{"liste":{"id":106,"noDepot":6},"suffrages":0},{"liste":{"id":107,"noDepot":7},"suffrages":0},{"liste":{"id":108,"noDepot":8},"suffrages":0},{"liste":{"id":109,"noDepot":9},"suffrages":0},{"liste":{"id":110,"noDepot":10},"suffrages":0},{"liste":{"id":111,"noDepot":11},"suffrages":0},{"liste":{"id":112,"noDepot":12},"suffrages":0},{"liste":{"id":113,"noDepot":13},"suffrages":0}],"resultatParLocaux":[]},{"commune":{"id":45,"nom":"Veyrier"},"suffrages":3,"compacts":0,"snl":0,"biffes":0,"suffrageModifies":[{"liste":{"id":101,"noDepot":1},"suffrages":0},{"liste":{"id":102,"noDepot":2},"suffrages":0},{"liste":{"id":103,"noDepot":3},"suffrages":0},{"liste":{"id":104,"noDepot":4},"suffrages":2},{"liste":{"id":105,"noDepot":5},"suffrages":0},{"liste":{"id":106,"noDepot":6},"suffrages":0},{"liste":{"id":107,"noDepot":7},"suffrages":0},{"liste":{"id":108,"noDepot":8},"suffrages":1},{"liste":{"id":109,"noDepot":9},"suffrages":0},{"liste":{"id":110,"noDepot":10},"suffrages":0},{"liste":{"id":111,"noDepot":11},"suffrages":0},{"liste":{"id":112,"noDepot":12},"suffrages":0},{"liste":{"id":113,"noDepot":13},"suffrages":0}],"resultatParLocaux":[]},{"commune":{"id":46,"nom":"Suisses de l'étranger"},"suffrages":2,"compacts":1,"snl":0,"biffes":0,"suffrageModifies":[{"liste":{"id":101,"noDepot":1},"suffrages":0},{"liste":{"id":102,"noDepot":2},"suffrages":0},{"liste":{"id":103,"noDepot":3},"suffrages":0},{"liste":{"id":104,"noDepot":4},"suffrages":1},{"liste":{"id":105,"noDepot":5},"suffrages":0},{"liste":{"id":106,"noDepot":6},"suffrages":0},{"liste":{"id":107,"noDepot":7},"suffrages":0},{"liste":{"id":108,"noDepot":8},"suffrages":0},{"liste":{"id":109,"noDepot":9},"suffrages":0},{"liste":{"id":110,"noDepot":10},"suffrages":0},{"liste":{"id":111,"noDepot":11},"suffrages":0},{"liste":{"id":112,"noDepot":12},"suffrages":0},{"liste":{"id":113,"noDepot":13},"suffrages":0}],"resultatParLocaux":[]}]}