{
  "name" : "ResultParticipation",
  "description" : "Results of the election (CE or GC) at a Paricipation level",
  "intentParameters" : [ {
    "name" : "Commune",
    "required" : true,
    "entity" : "Commune"
  }, {
    "name" : "LocalDeVote",
    "required" : true,
    "entity" : "LocalDeVote"
  }, {
    "name" : "ResultTypesList of results types that can be provided",
    "required" : true,
    "entity" : "ResultTypes"
  } ],
  "exampleData" : [ {
    "sentence" : "what was the participation rate",
    "exampleEntities" : [ ]
  }, {
    "sentence" : "what was the participation level",
    "exampleEntities" : [ ]
  }, {
    "sentence" : "What is the participation rate?",
    "exampleEntities" : [ ]
  }, {
    "sentence" : "How many people voted?",
    "exampleEntities" : [ ]
  }, {
    "sentence" : "how many people voted",
    "exampleEntities" : [ ]
  } ]
}