{
  "name" : "ResultLocal",
  "description" : "Results of the election (CE or GC) at a Local level\n\nCANNOT DO THIS WITH CURRENT JSON BECAUSE NULL",
  "intentParameters" : [ {
    "name" : "LocalDeVote",
    "required" : true,
    "entity" : "LocalDeVote"
  }, {
    "name" : "ResultTypesList of results types that can be provided",
    "required" : true,
    "entity" : "ResultTypes"
  } ],
  "exampleData" : [ {
    "sentence" : "results by local",
    "exampleEntities" : [ ]
  }, {
    "sentence" : "results in Avusy local",
    "exampleEntities" : [ ]
  }, {
    "sentence" : "which list did best in Vernier",
    "exampleEntities" : [ ]
  }, {
    "sentence" : "which party won in Champel",
    "exampleEntities" : [ ]
  }, {
    "sentence" : "what were the results for Agniere",
    "exampleEntities" : [ ]
  }, {
    "sentence" : "who was elected in Chene Bougeries",
    "exampleEntities" : [ ]
  } ]
}