{
  "name" : "Listes_CE",
  "description" : "Political lists for the CE elections",
  "type" : "ENUMVALUES",
  "enumValues" : [ {
    "canonicalName" : "LES SOCIALISTES",
    "synonyms" : [ "les", "socialistes", "soc", "1", "them", "Socialists", "soc", "1" ]
  }, {
    "canonicalName" : "LES VERTS",
    "synonyms" : [ "les", "verts", "vert", "2", "the", "green", "green", "2" ]
  }, {
    "canonicalName" : "ENSEMBLE À GAUCHE",
    "synonyms" : [ "ensemble", "a", "gauche", "eag", "3", "Overall", "a", "Left", "eag", "3" ]
  }, {
    "canonicalName" : "MCG",
    "synonyms" : [ "mcg", "mouvement", "citoyens", "genevois", "mcg", "4", "mcg", "movement", "Citizens", "Geneva", "mcg", "4" ]
  }, {
    "canonicalName" : "PLR - PDC - ENTENTE",
    "synonyms" : [ "plr", "pdc", "entente", "ent", "5", "PLR", "CDP", "Agreement", "ent", "5" ]
  }, {
    "canonicalName" : "RIEN PAS GRAND CHOSE",
    "synonyms" : [ "de", "rien", "pour", "arriver", "a", "pas", "grand", "chose", "rien", "6", "of", "nothing", "for", "reach", "a", "not", "tall", "thing", "nothing", "6" ]
  }, {
    "canonicalName" : "SANTÉ",
    "synonyms" : [ "sante", "san", "7", "Health", "san", "7" ]
  }, {
    "canonicalName" : "UDC",
    "synonyms" : [ "udc", "udc", "8", "udc", "udc", "8" ]
  }, {
    "canonicalName" : "PROSPÉRITÉ MAÎTRISÉE",
    "synonyms" : [ "prosperite", "maitrisee", "prom", "9", "Prosperity", "CONTROLLED", "Prom", "9" ]
  }, {
    "canonicalName" : "LA LISTE POUR GENÈVE",
    "synonyms" : [ "la", "liste", "pour", "geneve", "lpg", "2", "the", "list", "for", "geneva", "lpg", "2" ]
  }, {
    "canonicalName" : "GENÈVE EN MARCHE",
    "synonyms" : [ "geneve", "en", "marche", "gema", "211", "Geneva", "to", "start", "gema", "211" ]
  }, {
    "canonicalName" : "PBD GENÈVE",
    "synonyms" : [ "pbd", "geneve", "le", "juste", "milieu", "pbd", "212", "pbd", "geneva", "the", "right", "medium", "PBD", "212" ]
  }, {
    "canonicalName" : "VERT'LIBÉRAUX",
    "synonyms" : [ "vert_liberaux", "verl", "213", "vert_liberaux", "verl", "213" ]
  } ],
  "namedEntityRuleParams" : [ ]
}