{
  "name" : "Candidat_CE_GC",
  "type" : "ENUMVALUES",
  "enumValues" : [ {
    "canonicalName" : "WENGER Saliha",
    "synonyms" : [ "Wenger", "Saliha" ]
  }, {
    "canonicalName" : "HALLER Jocelyne",
    "synonyms" : [ "Haller", "Jocelyne" ]
  }, {
    "canonicalName" : "BURGERMEISTER Jean",
    "synonyms" : [ "Burgermeister", "Jean" ]
  }, {
    "canonicalName" : "HODGERS Antonio",
    "synonyms" : [ "Hodgers", "Antonio" ]
  }, {
    "canonicalName" : "DE CHASTONAY Marjorie",
    "synonyms" : [ "De", "Chastonay", "Marjorie" ]
  }, {
    "canonicalName" : "ROCHAT Yvan",
    "synonyms" : [ "Rochat", "Yvan" ]
  }, {
    "canonicalName" : "EMERY-TORRACINTA Anne",
    "synonyms" : [ "Emery Torracinta", "Anne" ]
  }, {
    "canonicalName" : "APOTHÉLOZ Thierry",
    "synonyms" : [ "Apotheloz", "Thierry" ]
  }, {
    "canonicalName" : "SALERNO Sandrine",
    "synonyms" : [ "Salerno", "Sandrine" ]
  }, {
    "canonicalName" : "MAUDET Pierre",
    "synonyms" : [ "Maudet", "Pierre" ]
  }, {
    "canonicalName" : "FONTANET Nathalie",
    "synonyms" : [ "Fontanet", "Nathalie" ]
  }, {
    "canonicalName" : "DE SENARCLENS Alexandre",
    "synonyms" : [ "De", "Senarclens", "Alexandre" ]
  }, {
    "canonicalName" : "BARTHASSAT Luc",
    "synonyms" : [ "Barthassat", "Luc" ]
  }, {
    "canonicalName" : "DAL BUSCO Serge",
    "synonyms" : [ "Dal", "Busco", "Serge" ]
  }, {
    "canonicalName" : "NIDEGGER Yves",
    "synonyms" : [ "Nidegger", "Yves" ]
  }, {
    "canonicalName" : "BLÄSI Thomas",
    "synonyms" : [ "Blasi", "Thomas" ]
  }, {
    "canonicalName" : "FLOREY Stéphane",
    "synonyms" : [ "Florey", "Stephane" ]
  }, {
    "canonicalName" : "ORSINI Magali",
    "synonyms" : [ "Orsini", "Magali" ]
  }, {
    "canonicalName" : "GAUTHIER Pierre",
    "synonyms" : [ "Gauthier", "Pierre" ]
  }, {
    "canonicalName" : "STAUFFER Eric",
    "synonyms" : [ "Stauffer", "Eric" ]
  }, {
    "canonicalName" : "ZACHARIAS Ronald",
    "synonyms" : [ "Zacharias", "Ronald" ]
  }, {
    "canonicalName" : "VIDONNE Thierry",
    "synonyms" : [ "Vidonne", "Thierry" ]
  }, {
    "canonicalName" : "LEITNER André",
    "synonyms" : [ "Leitner", "Andre" ]
  }, {
    "canonicalName" : "POGGIA Mauro",
    "synonyms" : [ "Poggia", "Mauro" ]
  }, {
    "canonicalName" : "ROCH Ana Belen",
    "synonyms" : [ "Roch", "Ana", "Belen" ]
  }, {
    "canonicalName" : "SORMANNI Daniel",
    "synonyms" : [ "Sormanni", "Daniel" ]
  }, {
    "canonicalName" : "FONTANA Jérôme",
    "synonyms" : [ "Fontana", "Jerome" ]
  } ],
  "namedEntityRuleParams" : [ ]
}