{
  "name" : "Candidat_GC",
  "type" : "ENUMVALUES",
  "enumValues" : [ {
    "canonicalName" : "PAGANI Rémy",
    "synonyms" : [ "Pagani", "Remy" ]
  }, {
    "canonicalName" : "ZAUGG Christian",
    "synonyms" : [ "Zaugg", "Christian" ]
  }, {
    "canonicalName" : "ENILINE Alexander",
    "synonyms" : [ "Eniline", "Alexander" ]
  }, {
    "canonicalName" : "CRUCHON Pablo",
    "synonyms" : [ "Cruchon", "Pablo" ]
  }, {
    "canonicalName" : "VALENTINO Stéphanie",
    "synonyms" : [ "Valentino", "Stephanie" ]
  }, {
    "canonicalName" : "ECUYER Hélène",
    "synonyms" : [ "Ecuyer", "Helene" ]
  }, {
    "canonicalName" : "ISSOM David-Zacharie",
    "synonyms" : [ "Issom", "David Zacharie" ]
  }, {
    "canonicalName" : "OSSMANN Sekna",
    "synonyms" : [ "Ossmann", "Sekna" ]
  }, {
    "canonicalName" : "NYFFELER BATOU Françoise",
    "synonyms" : [ "Nyffeler", "Batou", "Françoise" ]
  }, {
    "canonicalName" : "JANUZI Bashkim",
    "synonyms" : [ "Januzi", "Bashkim" ]
  }, {
    "canonicalName" : "ECUYER Sébastien",
    "synonyms" : [ "Ecuyer", "Sebastien" ]
  }, {
    "canonicalName" : "OVETT BONDI Davinia",
    "synonyms" : [ "Ovett", "Bondi", "Davinia" ]
  }, {
    "canonicalName" : "JIMENEZ Jean-Daniel",
    "synonyms" : [ "Jimenez", "Jean Daniel" ]
  }, {
    "canonicalName" : "ECUYER Annick",
    "synonyms" : [ "Ecuyer", "Annick" ]
  }, {
    "canonicalName" : "PERADOTTO Julie",
    "synonyms" : [ "Peradotto", "Julie" ]
  }, {
    "canonicalName" : "MANRÍQUEZ Matías",
    "synonyms" : [ "Manríquez", "Matías" ]
  }, {
    "canonicalName" : "ZEHFUS Yves",
    "synonyms" : [ "Zehfus", "Yves" ]
  }, {
    "canonicalName" : "ZAUGG Daniel",
    "synonyms" : [ "Zaugg", "Daniel" ]
  }, {
    "canonicalName" : "PEREZ Maria",
    "synonyms" : [ "Perez", "Maria" ]
  }, {
    "canonicalName" : "SCHNEBLI Tobias",
    "synonyms" : [ "Schnebli", "Tobias" ]
  }, {
    "canonicalName" : "MISSOH DZIKUNOO Massan",
    "synonyms" : [ "Missoh", "Dzikunoo", "Massan" ]
  }, {
    "canonicalName" : "MARTENOT Aude",
    "synonyms" : [ "Martenot", "Aude" ]
  }, {
    "canonicalName" : "VANEK Pierre",
    "synonyms" : [ "Vanek", "Pierre" ]
  }, {
    "canonicalName" : "CLEMENT Patrice",
    "synonyms" : [ "Clement", "Patrice" ]
  }, {
    "canonicalName" : "PREZIOSO BATOU Stefania",
    "synonyms" : [ "Prezioso", "Batou", "Stefania" ]
  }, {
    "canonicalName" : "ESAKI KABEYA Elisabeth",
    "synonyms" : [ "Esaki", "Kabeya", "Elisabeth" ]
  }, {
    "canonicalName" : "LANGFORD Pia",
    "synonyms" : [ "Langford", "Pia" ]
  }, {
    "canonicalName" : "VINCENT Michel",
    "synonyms" : [ "Vincent", "Michel" ]
  }, {
    "canonicalName" : "RUMPCZYK Delphine",
    "synonyms" : [ "Rumpczyk", "Delphine" ]
  }, {
    "canonicalName" : "SALM DARBOE Karijn",
    "synonyms" : [ "Salm", "Darboe", "Karijn" ]
  }, {
    "canonicalName" : "ANDENMATTEN David",
    "synonyms" : [ "Andenmatten", "David" ]
  }, {
    "canonicalName" : "SCHMID Audrey",
    "synonyms" : [ "Schmid", "Audrey" ]
  }, {
    "canonicalName" : "GUEVARA Francisco",
    "synonyms" : [ "Guevara", "Francisco" ]
  }, {
    "canonicalName" : "BATOU Jean",
    "synonyms" : [ "Batou", "Jean" ]
  }, {
    "canonicalName" : "STEBLER GUENAT Henriette",
    "synonyms" : [ "Stebler", "Guenat", "Henriette" ]
  }, {
    "canonicalName" : "EDJEOU Corinne",
    "synonyms" : [ "Edjeou", "Corinne" ]
  }, {
    "canonicalName" : "ZAUGG Cecilia",
    "synonyms" : [ "Zaugg", "Cecilia" ]
  }, {
    "canonicalName" : "BAUD Olivier",
    "synonyms" : [ "Baud", "Olivier" ]
  }, {
    "canonicalName" : "ZBINDEN Livia",
    "synonyms" : [ "Zbinden", "Livia" ]
  }, {
    "canonicalName" : "ROSSEL Pascal",
    "synonyms" : [ "Rossel", "Pascal" ]
  }, {
    "canonicalName" : "BAYENET Pierre",
    "synonyms" : [ "Bayenet", "Pierre" ]
  }, {
    "canonicalName" : "BAILAT Ariane",
    "synonyms" : [ "Bailat", "Ariane" ]
  }, {
    "canonicalName" : "MAILLEFER Denise",
    "synonyms" : [ "Maillefer", "Denise" ]
  }, {
    "canonicalName" : "MEIERHOFER MANYAGOUA BOUMTCHÉ Charlotte",
    "synonyms" : [ "Meierhofer", "Manyagoua", "Boumtche", "Charlotte" ]
  }, {
    "canonicalName" : "BLANCHET Marjo",
    "synonyms" : [ "Blanchet", "Marjo" ]
  }, {
    "canonicalName" : "MARTI Werner",
    "synonyms" : [ "Marti", "Werner" ]
  }, {
    "canonicalName" : "KHAOUCHI Corinne",
    "synonyms" : [ "Khaouchi", "Corinne" ]
  }, {
    "canonicalName" : "BOLAY ROBIN Stéphanie",
    "synonyms" : [ "Bolay", "Robin", "Stephanie" ]
  }, {
    "canonicalName" : "BLANCO Luis",
    "synonyms" : [ "Blanco", "Luis" ]
  }, {
    "canonicalName" : "MAMIN François",
    "synonyms" : [ "Mamin", "François" ]
  }, {
    "canonicalName" : "DE MELO MARCELINO Amélia",
    "synonyms" : [ "De", "Melo", "Marcelino", "Amelia" ]
  }, {
    "canonicalName" : "BOUZID Mohamed",
    "synonyms" : [ "Bouzid", "Mohamed" ]
  }, {
    "canonicalName" : "BOUJEMAA Sanae",
    "synonyms" : [ "Boujemaa", "Sanae" ]
  }, {
    "canonicalName" : "GALLAND Eduardo",
    "synonyms" : [ "Galland", "Eduardo" ]
  }, {
    "canonicalName" : "JELK Andrée",
    "synonyms" : [ "Jelk", "Andree" ]
  }, {
    "canonicalName" : "CASTRO Gloria",
    "synonyms" : [ "Castro", "Gloria" ]
  }, {
    "canonicalName" : "CAMELO Alfredo",
    "synonyms" : [ "Camelo", "Alfredo" ]
  }, {
    "canonicalName" : "NOETZLIN Simon",
    "synonyms" : [ "Noetzlin", "Simon" ]
  }, {
    "canonicalName" : "DURAKU Fitore",
    "synonyms" : [ "Duraku", "Fitore" ]
  }, {
    "canonicalName" : "DURAKU Edon",
    "synonyms" : [ "Duraku", "Edon" ]
  }, {
    "canonicalName" : "FERREIRA Elisabeth",
    "synonyms" : [ "Ferreira", "Elisabeth" ]
  }, {
    "canonicalName" : "CHRISTINAT Jean-David",
    "synonyms" : [ "Christinat", "Jean David" ]
  }, {
    "canonicalName" : "GERARDO FÉLIZ GRUBI Ynes",
    "synonyms" : [ "Gerardo", "Feliz", "Grubi", "Ynes" ]
  }, {
    "canonicalName" : "CARLO Xavier",
    "synonyms" : [ "Carlo", "Xavier" ]
  }, {
    "canonicalName" : "SAHIN Gazi",
    "synonyms" : [ "Sahin", "Gazi" ]
  }, {
    "canonicalName" : "PERLER Frédérique",
    "synonyms" : [ "Perler", "Frederique" ]
  }, {
    "canonicalName" : "BUSCHBECK Mathias",
    "synonyms" : [ "Buschbeck", "Mathias" ]
  }, {
    "canonicalName" : "LEFORT François",
    "synonyms" : [ "Lefort", "François" ]
  }, {
    "canonicalName" : "LEONELLI Katia",
    "synonyms" : [ "Leonelli", "Katia" ]
  }, {
    "canonicalName" : "MACCHIAVELLI Marta",
    "synonyms" : [ "Macchiavelli", "Marta" ]
  }, {
    "canonicalName" : "MAKOSSO William",
    "synonyms" : [ "Makosso", "William" ]
  }, {
    "canonicalName" : "MARTIN David",
    "synonyms" : [ "Martin", "David" ]
  }, {
    "canonicalName" : "MÜLLER SONTAG Corinne",
    "synonyms" : [ "Muller", "Sontag", "Corinne" ]
  }, {
    "canonicalName" : "NICOLET-DIT-FELIX Julien",
    "synonyms" : [ "Nicolet Dit Felix", "Julien" ]
  }, {
    "canonicalName" : "NOËL Philippe",
    "synonyms" : [ "Noël", "Philippe" ]
  }, {
    "canonicalName" : "ORIOLO Alessandra",
    "synonyms" : [ "Oriolo", "Alessandra" ]
  }, {
    "canonicalName" : "OZTÜRK Dilara",
    "synonyms" : [ "Ozturk", "Dilara" ]
  }, {
    "canonicalName" : "PASQUIER Isabelle",
    "synonyms" : [ "Pasquier", "Isabelle" ]
  }, {
    "canonicalName" : "POGET Philippe",
    "synonyms" : [ "Poget", "Philippe" ]
  }, {
    "canonicalName" : "QUIJANO GARCIA Maria",
    "synonyms" : [ "Quijano", "Garcia", "Maria" ]
  }, {
    "canonicalName" : "RODRIGUEZ Mario",
    "synonyms" : [ "Rodriguez", "Mario" ]
  }, {
    "canonicalName" : "ROGG Catharina",
    "synonyms" : [ "Rogg", "Catharina" ]
  }, {
    "canonicalName" : "ROSSIAUD Jean",
    "synonyms" : [ "Rossiaud", "Jean" ]
  }, {
    "canonicalName" : "SAA BAUD Yubitza",
    "synonyms" : [ "Saa", "Baud", "Yubitza" ]
  }, {
    "canonicalName" : "SCHALK Antoine",
    "synonyms" : [ "Schalk", "Antoine" ]
  }, {
    "canonicalName" : "SCHAUFELBERGER Esther",
    "synonyms" : [ "Schaufelberger", "Esther" ]
  }, {
    "canonicalName" : "SORDET Adrienne",
    "synonyms" : [ "Sordet", "Adrienne" ]
  }, {
    "canonicalName" : "TALEGHANI Majid",
    "synonyms" : [ "Taleghani", "Majid" ]
  }, {
    "canonicalName" : "TCHAMKERTEN Jolanka",
    "synonyms" : [ "Tchamkerten", "Jolanka" ]
  }, {
    "canonicalName" : "TIGUEMOUNINE Sabine",
    "synonyms" : [ "Tiguemounine", "Sabine" ]
  }, {
    "canonicalName" : "TINGUELY Dominique",
    "synonyms" : [ "Tinguely", "Dominique" ]
  }, {
    "canonicalName" : "TSCHUDI Paloma",
    "synonyms" : [ "Tschudi", "Paloma" ]
  }, {
    "canonicalName" : "VAN WOERDEN Wendy",
    "synonyms" : [ "Van", "Woerden", "Wendy" ]
  }, {
    "canonicalName" : "VEIGA ARIAS Damian",
    "synonyms" : [ "Veiga", "Arias", "Damian" ]
  }, {
    "canonicalName" : "WISARD PRADO Leyma",
    "synonyms" : [ "Wisard", "Prado", "Leyma" ]
  }, {
    "canonicalName" : "YUNUS EBENER Mariam",
    "synonyms" : [ "Yunus", "Ebener", "Mariam" ]
  }, {
    "canonicalName" : "AMATO Maurice",
    "synonyms" : [ "Amato", "Maurice" ]
  }, {
    "canonicalName" : "AMSELLEM Benedicte",
    "synonyms" : [ "Amsellem", "Benedicte" ]
  }, {
    "canonicalName" : "ARDIZZONE Ivan",
    "synonyms" : [ "Ardizzone", "Ivan" ]
  }, {
    "canonicalName" : "AZZABI Omar",
    "synonyms" : [ "Azzabi", "Omar" ]
  }, {
    "canonicalName" : "BÄNZIGER Ruth",
    "synonyms" : [ "Banziger", "Ruth" ]
  }, {
    "canonicalName" : "BARCIELA VILLAR Ana",
    "synonyms" : [ "Barciela", "Villar", "Ana" ]
  }, {
    "canonicalName" : "BAVAREL Christian",
    "synonyms" : [ "Bavarel", "Christian" ]
  }, {
    "canonicalName" : "BOCCARD Damien",
    "synonyms" : [ "Boccard", "Damien" ]
  }, {
    "canonicalName" : "BONNY Didier",
    "synonyms" : [ "Bonny", "Didier" ]
  }, {
    "canonicalName" : "BONVIN BONFANTI Anne",
    "synonyms" : [ "Bonvin", "Bonfanti", "Anne" ]
  }, {
    "canonicalName" : "BUCHER Denis",
    "synonyms" : [ "Bucher", "Denis" ]
  }, {
    "canonicalName" : "BUENZOD Christian",
    "synonyms" : [ "Buenzod", "Christian" ]
  }, {
    "canonicalName" : "BUI Aurore",
    "synonyms" : [ "Bui", "Aurore" ]
  }, {
    "canonicalName" : "CABITZA Marina",
    "synonyms" : [ "Cabitza", "Marina" ]
  }, {
    "canonicalName" : "CALAME Boris",
    "synonyms" : [ "Calame", "Boris" ]
  }, {
    "canonicalName" : "CALAME Fabrice",
    "synonyms" : [ "Calame", "Fabrice" ]
  }, {
    "canonicalName" : "CHAUDIEU Anne",
    "synonyms" : [ "Chaudieu", "Anne" ]
  }, {
    "canonicalName" : "CONCHA Celtia",
    "synonyms" : [ "Concha", "Celtia" ]
  }, {
    "canonicalName" : "CORPATAUX Laurence",
    "synonyms" : [ "Corpataux", "Laurence" ]
  }, {
    "canonicalName" : "DALPHIN Marc",
    "synonyms" : [ "Dalphin", "Marc" ]
  }, {
    "canonicalName" : "DE FELICE Nicolas",
    "synonyms" : [ "De", "Felice", "Nicolas" ]
  }, {
    "canonicalName" : "DE MAIO Sara",
    "synonyms" : [ "De", "Maio", "Sara" ]
  }, {
    "canonicalName" : "DE MATTEIS Yves",
    "synonyms" : [ "De", "Matteis", "Yves" ]
  }, {
    "canonicalName" : "DE ROUGEMONT Philippe",
    "synonyms" : [ "De", "Rougemont", "Philippe" ]
  }, {
    "canonicalName" : "DESBIOLLES Sophie",
    "synonyms" : [ "Desbiolles", "Sophie" ]
  }, {
    "canonicalName" : "DESCOMBES Isabelle",
    "synonyms" : [ "Descombes", "Isabelle" ]
  }, {
    "canonicalName" : "DUJOUX Valentin",
    "synonyms" : [ "Dujoux", "Valentin" ]
  }, {
    "canonicalName" : "DUPUIS Renaud",
    "synonyms" : [ "Dupuis", "Renaud" ]
  }, {
    "canonicalName" : "EBENER Christophe",
    "synonyms" : [ "Ebener", "Christophe" ]
  }, {
    "canonicalName" : "ECKERT Pierre",
    "synonyms" : [ "Eckert", "Pierre" ]
  }, {
    "canonicalName" : "FISCHER Fabienne",
    "synonyms" : [ "Fischer", "Fabienne" ]
  }, {
    "canonicalName" : "FREYMOND Pascal",
    "synonyms" : [ "Freymond", "Pascal" ]
  }, {
    "canonicalName" : "GEOFFROY Elias",
    "synonyms" : [ "Geoffroy", "Elias" ]
  }, {
    "canonicalName" : "GOMEZ Alfonso",
    "synonyms" : [ "Gomez", "Alfonso" ]
  }, {
    "canonicalName" : "HAAS François",
    "synonyms" : [ "Haas", "François" ]
  }, {
    "canonicalName" : "HARTMANN Esther",
    "synonyms" : [ "Hartmann", "Esther" ]
  }, {
    "canonicalName" : "HEBERLEIN SIMONETT Claudia",
    "synonyms" : [ "Heberlein", "Simonett", "Claudia" ]
  }, {
    "canonicalName" : "HERREN Yves",
    "synonyms" : [ "Herren", "Yves" ]
  }, {
    "canonicalName" : "KHAMIS VANNINI Uzma",
    "synonyms" : [ "Khamis", "Vannini", "Uzma" ]
  }, {
    "canonicalName" : "KLOPFENSTEIN BROGGINI Delphine",
    "synonyms" : [ "Klopfenstein", "Broggini", "Delphine" ]
  }, {
    "canonicalName" : "KÜNDIG Ralph",
    "synonyms" : [ "Kundig", "Ralph" ]
  }, {
    "canonicalName" : "LATOUR Sabine",
    "synonyms" : [ "Latour", "Sabine" ]
  }, {
    "canonicalName" : "DE SAINTE-MARIE Romain",
    "synonyms" : [ "De", "Sainte Marie", "Romain" ]
  }, {
    "canonicalName" : "KAST Carole-Anne",
    "synonyms" : [ "Kast", "Carole Anne" ]
  }, {
    "canonicalName" : "WENGER Thomas",
    "synonyms" : [ "Wenger", "Thomas" ]
  }, {
    "canonicalName" : "MARTI Caroline",
    "synonyms" : [ "Marti", "Caroline" ]
  }, {
    "canonicalName" : "BANDLER Marko",
    "synonyms" : [ "Bandler", "Marko" ]
  }, {
    "canonicalName" : "MOYARD MIZRAHI Salima",
    "synonyms" : [ "Moyard", "Mizrahi", "Salima" ]
  }, {
    "canonicalName" : "DANDRÈS Christian",
    "synonyms" : [ "Dandres", "Christian" ]
  }, {
    "canonicalName" : "VERISSIMO DE FREITAS Helena",
    "synonyms" : [ "Verissimo", "De", "Freitas", "Helena" ]
  }, {
    "canonicalName" : "CARASSO Grégoire",
    "synonyms" : [ "Carasso", "Gregoire" ]
  }, {
    "canonicalName" : "SOBANEK Marion",
    "synonyms" : [ "Sobanek", "Marion" ]
  }, {
    "canonicalName" : "THÉVOZ Sylvain",
    "synonyms" : [ "Thevoz", "Sylvain" ]
  }, {
    "canonicalName" : "CONTI Jennifer",
    "synonyms" : [ "Conti", "Jennifer" ]
  }, {
    "canonicalName" : "STAUB Martin",
    "synonyms" : [ "Staub", "Martin" ]
  }, {
    "canonicalName" : "VALIQUER GRECUCCIO Nicole",
    "synonyms" : [ "Valiquer", "Grecuccio", "Nicole" ]
  }, {
    "canonicalName" : "RIELLE Jean Charles",
    "synonyms" : [ "Rielle", "Jean", "Charles" ]
  }, {
    "canonicalName" : "GAVILANES Amanda",
    "synonyms" : [ "Gavilanes", "Amanda" ]
  }, {
    "canonicalName" : "MIZRAHI Cyril",
    "synonyms" : [ "Mizrahi", "Cyril" ]
  }, {
    "canonicalName" : "CASARES Maria Jesus",
    "synonyms" : [ "Casares", "Maria", "Jesus" ]
  }, {
    "canonicalName" : "POMATTO Michel",
    "synonyms" : [ "Pomatto", "Michel" ]
  }, {
    "canonicalName" : "STRASSER Léna",
    "synonyms" : [ "Strasser", "Lena" ]
  }, {
    "canonicalName" : "KOKOT Guilhem",
    "synonyms" : [ "Kokot", "Guilhem" ]
  }, {
    "canonicalName" : "ROMANO Maria",
    "synonyms" : [ "Romano", "Maria" ]
  }, {
    "canonicalName" : "MUSSA Ahmed",
    "synonyms" : [ "Mussa", "Ahmed" ]
  }, {
    "canonicalName" : "OSMANI Xhevrie",
    "synonyms" : [ "Osmani", "Xhevrie" ]
  }, {
    "canonicalName" : "ESTEBAN Diego",
    "synonyms" : [ "Esteban", "Diego" ]
  }, {
    "canonicalName" : "BAILLON Glenna",
    "synonyms" : [ "Baillon", "Glenna" ]
  }, {
    "canonicalName" : "EYA NCHAMA Cruz Melchor",
    "synonyms" : [ "Eya", "Nchama", "Cruz", "Melchor" ]
  }, {
    "canonicalName" : "BRANDRUP Gladys",
    "synonyms" : [ "Brandrup", "Gladys" ]
  }, {
    "canonicalName" : "CHIARADONNA Denis",
    "synonyms" : [ "Chiaradonna", "Denis" ]
  }, {
    "canonicalName" : "LÜTHI Badia",
    "synonyms" : [ "Luthi", "Badia" ]
  }, {
    "canonicalName" : "CLEMENCE Nicolas",
    "synonyms" : [ "Clemence", "Nicolas" ]
  }, {
    "canonicalName" : "VATRE Patricia",
    "synonyms" : [ "Vatre", "Patricia" ]
  }, {
    "canonicalName" : "ZIMMERMANN Michel",
    "synonyms" : [ "Zimmermann", "Michel" ]
  }, {
    "canonicalName" : "VIRET Dora",
    "synonyms" : [ "Viret", "Dora" ]
  }, {
    "canonicalName" : "VELASCO Alberto",
    "synonyms" : [ "Velasco", "Alberto" ]
  }, {
    "canonicalName" : "FABRE Michel",
    "synonyms" : [ "Fabre", "Michel" ]
  }, {
    "canonicalName" : "DE BATTISTA Regis",
    "synonyms" : [ "De", "Battista", "Regis" ]
  }, {
    "canonicalName" : "DEONNA Emmanuel",
    "synonyms" : [ "Deonna", "Emmanuel" ]
  }, {
    "canonicalName" : "TOMBOLA Jean-Pierre",
    "synonyms" : [ "Tombola", "Jean Pierre" ]
  }, {
    "canonicalName" : "KEEL Theo",
    "synonyms" : [ "Keel", "Theo" ]
  }, {
    "canonicalName" : "LAPALUD Patrick",
    "synonyms" : [ "Lapalud", "Patrick" ]
  }, {
    "canonicalName" : "BARRY Thierno",
    "synonyms" : [ "Barry", "Thierno" ]
  }, {
    "canonicalName" : "HALIMI Hysri",
    "synonyms" : [ "Halimi", "Hysri" ]
  }, {
    "canonicalName" : "GAJARDO MUNOZ Jorge",
    "synonyms" : [ "Gajardo", "Munoz", "Jorge" ]
  }, {
    "canonicalName" : "ALONSO UNICA Manuel",
    "synonyms" : [ "Alonso", "Unica", "Manuel" ]
  }, {
    "canonicalName" : "BALDINI Frédéric",
    "synonyms" : [ "Baldini", "Frederic" ]
  }, {
    "canonicalName" : "BRUCHEZ Thomas",
    "synonyms" : [ "Bruchez", "Thomas" ]
  }, {
    "canonicalName" : "BENDA Benjamin",
    "synonyms" : [ "Benda", "Benjamin" ]
  }, {
    "canonicalName" : "BURKHARD Roland",
    "synonyms" : [ "Burkhard", "Roland" ]
  }, {
    "canonicalName" : "BOSSHARD Pierre Yves",
    "synonyms" : [ "Bosshard", "Pierre", "Yves" ]
  }, {
    "canonicalName" : "KURTESHI Ismet",
    "synonyms" : [ "Kurteshi", "Ismet" ]
  }, {
    "canonicalName" : "DE MONTMOLLIN Simone",
    "synonyms" : [ "De", "Montmollin", "Simone" ]
  }, {
    "canonicalName" : "MOREL Philippe",
    "synonyms" : [ "Morel", "Philippe" ]
  }, {
    "canonicalName" : "PUTALLAZ Jean",
    "synonyms" : [ "Putallaz", "Jean" ]
  }, {
    "canonicalName" : "SAUDAN Patrick",
    "synonyms" : [ "Saudan", "Patrick" ]
  }, {
    "canonicalName" : "SELLEGER Charles",
    "synonyms" : [ "Selleger", "Charles" ]
  }, {
    "canonicalName" : "UEHLINGER Pascal",
    "synonyms" : [ "Uehlinger", "Pascal" ]
  }, {
    "canonicalName" : "VUILLOD Georges",
    "synonyms" : [ "Vuillod", "Georges" ]
  }, {
    "canonicalName" : "WICKY Raymond",
    "synonyms" : [ "Wicky", "Raymond" ]
  }, {
    "canonicalName" : "ZUBER Céline",
    "synonyms" : [ "Zuber", "Celine" ]
  }, {
    "canonicalName" : "ZWEIFEL Yvan",
    "synonyms" : [ "Zweifel", "Yvan" ]
  }, {
    "canonicalName" : "AELLEN Cyril",
    "synonyms" : [ "Aellen", "Cyril" ]
  }, {
    "canonicalName" : "ALDER Murat Julian",
    "synonyms" : [ "Alder", "Murat", "Julian" ]
  }, {
    "canonicalName" : "BARBEY Alexis",
    "synonyms" : [ "Barbey", "Alexis" ]
  }, {
    "canonicalName" : "BARDE Antoine",
    "synonyms" : [ "Barde", "Antoine" ]
  }, {
    "canonicalName" : "BÉNÉ Jacques",
    "synonyms" : [ "Bene", "Jacques" ]
  }, {
    "canonicalName" : "DE CANDOLLE Beatriz",
    "synonyms" : [ "De", "Candolle", "Beatriz" ]
  }, {
    "canonicalName" : "CONNE Pierre",
    "synonyms" : [ "Conne", "Pierre" ]
  }, {
    "canonicalName" : "CUENDET Edouard",
    "synonyms" : [ "Cuendet", "Edouard" ]
  }, {
    "canonicalName" : "HARDYN Nathalie",
    "synonyms" : [ "Hardyn", "Nathalie" ]
  }, {
    "canonicalName" : "HILTPOLD Serge",
    "synonyms" : [ "Hiltpold", "Serge" ]
  }, {
    "canonicalName" : "MALEK-ASGHAR Patrick",
    "synonyms" : [ "Malek Asghar", "Patrick" ]
  }, {
    "canonicalName" : "MONBARON Fabienne",
    "synonyms" : [ "Monbaron", "Fabienne" ]
  }, {
    "canonicalName" : "MORAND Louise",
    "synonyms" : [ "Morand", "Louise" ]
  }, {
    "canonicalName" : "NICOLLIER Pierre",
    "synonyms" : [ "Nicollier", "Pierre" ]
  }, {
    "canonicalName" : "OPPLIGER Danielle",
    "synonyms" : [ "Oppliger", "Danielle" ]
  }, {
    "canonicalName" : "ORSINI Antoine",
    "synonyms" : [ "Orsini", "Antoine" ]
  }, {
    "canonicalName" : "PASQUIER Jean-Pierre",
    "synonyms" : [ "Pasquier", "Jean Pierre" ]
  }, {
    "canonicalName" : "PATEK Serge",
    "synonyms" : [ "Patek", "Serge" ]
  }, {
    "canonicalName" : "DE PLANTA Francine",
    "synonyms" : [ "De", "Planta", "Francine" ]
  }, {
    "canonicalName" : "RANA ZOLANA Ginior",
    "synonyms" : [ "Rana", "Zolana", "Ginior" ]
  }, {
    "canonicalName" : "RIGOTTI Maria",
    "synonyms" : [ "Rigotti", "Maria" ]
  }, {
    "canonicalName" : "ROULLET Michèle",
    "synonyms" : [ "Roullet", "Michele" ]
  }, {
    "canonicalName" : "SCHALLER Vincent",
    "synonyms" : [ "Schaller", "Vincent" ]
  }, {
    "canonicalName" : "SCHNEEBELI Roland-Daniel",
    "synonyms" : [ "Schneebeli", "Roland Daniel" ]
  }, {
    "canonicalName" : "SENGLET Christophe",
    "synonyms" : [ "Senglet", "Christophe" ]
  }, {
    "canonicalName" : "SERRANO Philippe",
    "synonyms" : [ "Serrano", "Philippe" ]
  }, {
    "canonicalName" : "SOMMER Monika",
    "synonyms" : [ "Sommer", "Monika" ]
  }, {
    "canonicalName" : "STEINER Matthieu",
    "synonyms" : [ "Steiner", "Matthieu" ]
  }, {
    "canonicalName" : "SUBILIA Vincent",
    "synonyms" : [ "Subilia", "Vincent" ]
  }, {
    "canonicalName" : "TABOADA Francisco",
    "synonyms" : [ "Taboada", "Francisco" ]
  }, {
    "canonicalName" : "TSCHOPP Laurent",
    "synonyms" : [ "Tschopp", "Laurent" ]
  }, {
    "canonicalName" : "WAVRE Rolin",
    "synonyms" : [ "Wavre", "Rolin" ]
  }, {
    "canonicalName" : "WICKI Guy",
    "synonyms" : [ "Wicki", "Guy" ]
  }, {
    "canonicalName" : "WOLFISBERG François",
    "synonyms" : [ "Wolfisberg", "François" ]
  }, {
    "canonicalName" : "AGRAMUNT Gian-Reto",
    "synonyms" : [ "Agramunt", "Gian Reto" ]
  }, {
    "canonicalName" : "APOTHÉLOZ Jacques",
    "synonyms" : [ "Apotheloz", "Jacques" ]
  }, {
    "canonicalName" : "AUBERT Nicolas",
    "synonyms" : [ "Aubert", "Nicolas" ]
  }, {
    "canonicalName" : "BARBIER-MUELLER Diane",
    "synonyms" : [ "Barbier Mueller", "Diane" ]
  }, {
    "canonicalName" : "BELLINGERI Stefano Vito",
    "synonyms" : [ "Bellingeri", "Stefano", "Vito" ]
  }, {
    "canonicalName" : "BERSIER Julie",
    "synonyms" : [ "Bersier", "Julie" ]
  }, {
    "canonicalName" : "BLANCH Richard-Pascal",
    "synonyms" : [ "Blanch", "Richard Pascal" ]
  }, {
    "canonicalName" : "BÖHLER Frances",
    "synonyms" : [ "Bohler", "Frances" ]
  }, {
    "canonicalName" : "BOUVIER Christine",
    "synonyms" : [ "Bouvier", "Christine" ]
  }, {
    "canonicalName" : "BRANDT Simon",
    "synonyms" : [ "Brandt", "Simon" ]
  }, {
    "canonicalName" : "BRON Gilles-Olivier",
    "synonyms" : [ "Bron", "Gilles Olivier" ]
  }, {
    "canonicalName" : "BRUNEL Mayori",
    "synonyms" : [ "Brunel", "Mayori" ]
  }, {
    "canonicalName" : "BURRI Rémy",
    "synonyms" : [ "Burri", "Remy" ]
  }, {
    "canonicalName" : "CORNU Renate",
    "synonyms" : [ "Cornu", "Renate" ]
  }, {
    "canonicalName" : "CREFFIELD Conrad",
    "synonyms" : [ "Creffield", "Conrad" ]
  }, {
    "canonicalName" : "DAHER Vincent",
    "synonyms" : [ "Daher", "Vincent" ]
  }, {
    "canonicalName" : "DÉROBERT Thierry",
    "synonyms" : [ "Derobert", "Thierry" ]
  }, {
    "canonicalName" : "DESFAYES Natacha",
    "synonyms" : [ "Desfayes", "Natacha" ]
  }, {
    "canonicalName" : "DOUZALS Jacques",
    "synonyms" : [ "Douzals", "Jacques" ]
  }, {
    "canonicalName" : "FISS Joëlle",
    "synonyms" : [ "Fiss", "Joëlle" ]
  }, {
    "canonicalName" : "GENECAND Adrien",
    "synonyms" : [ "Genecand", "Adrien" ]
  }, {
    "canonicalName" : "GIACOBINO Donata",
    "synonyms" : [ "Giacobino", "Donata" ]
  }, {
    "canonicalName" : "GRAND Eric",
    "synonyms" : [ "Grand", "Eric" ]
  }, {
    "canonicalName" : "GROGNUZ Fabien",
    "synonyms" : [ "Grognuz", "Fabien" ]
  }, {
    "canonicalName" : "JAY Sylvie",
    "synonyms" : [ "Jay", "Sylvie" ]
  }, {
    "canonicalName" : "JUD Philippe",
    "synonyms" : [ "Jud", "Philippe" ]
  }, {
    "canonicalName" : "KÄMPFEN Véronique",
    "synonyms" : [ "Kampfen", "Veronique" ]
  }, {
    "canonicalName" : "LÄMMEL Valérie",
    "synonyms" : [ "Lammel", "Valerie" ]
  }, {
    "canonicalName" : "LEISER Jean-Marc",
    "synonyms" : [ "Leiser", "Jean Marc" ]
  }, {
    "canonicalName" : "LOCHER Jean",
    "synonyms" : [ "Locher", "Jean" ]
  }, {
    "canonicalName" : "LUZZATTO Christine",
    "synonyms" : [ "Luzzatto", "Christine" ]
  }, {
    "canonicalName" : "MESSERLI Marie-Claire",
    "synonyms" : [ "Messerli", "Marie Claire" ]
  }, {
    "canonicalName" : "MEYER Philippe",
    "synonyms" : [ "Meyer", "Philippe" ]
  }, {
    "canonicalName" : "BUCHS Bertrand",
    "synonyms" : [ "Buchs", "Bertrand" ]
  }, {
    "canonicalName" : "AEBI Benjamin",
    "synonyms" : [ "Aebi", "Benjamin" ]
  }, {
    "canonicalName" : "ANGELOZZI Philippe",
    "synonyms" : [ "Angelozzi", "Philippe" ]
  }, {
    "canonicalName" : "VON ARX-VERNON Anne-Marie",
    "synonyms" : [ "Von", "Arx Vernon", "Anne Marie" ]
  }, {
    "canonicalName" : "BACHMANN Delphine",
    "synonyms" : [ "Bachmann", "Delphine" ]
  }, {
    "canonicalName" : "BIDAUX Patricia",
    "synonyms" : [ "Bidaux", "Patricia" ]
  }, {
    "canonicalName" : "BLONDIN Jacques",
    "synonyms" : [ "Blondin", "Jacques" ]
  }, {
    "canonicalName" : "BOCQUET Claude",
    "synonyms" : [ "Bocquet", "Claude" ]
  }, {
    "canonicalName" : "BOURBALA Djamel",
    "synonyms" : [ "Bourbala", "Djamel" ]
  }, {
    "canonicalName" : "BOUVIER Jérémy",
    "synonyms" : [ "Bouvier", "Jeremy" ]
  }, {
    "canonicalName" : "BUGNION Jean-Michel",
    "synonyms" : [ "Bugnion", "Jean Michel" ]
  }, {
    "canonicalName" : "CASUTT Martine",
    "synonyms" : [ "Casutt", "Martine" ]
  }, {
    "canonicalName" : "CERUTTI Olivier",
    "synonyms" : [ "Cerutti", "Olivier" ]
  }, {
    "canonicalName" : "CHAKER MANGEAT Alia",
    "synonyms" : [ "Chaker", "Mangeat", "Alia" ]
  }, {
    "canonicalName" : "CHEVALIER Alexandre",
    "synonyms" : [ "Chevalier", "Alexandre" ]
  }, {
    "canonicalName" : "DECREY Christophe",
    "synonyms" : [ "Decrey", "Christophe" ]
  }, {
    "canonicalName" : "DELUERMOZ Cosima",
    "synonyms" : [ "Deluermoz", "Cosima" ]
  }, {
    "canonicalName" : "DESFAYES Sébastien",
    "synonyms" : [ "Desfayes", "Sebastien" ]
  }, {
    "canonicalName" : "DULEX Christophe",
    "synonyms" : [ "Dulex", "Christophe" ]
  }, {
    "canonicalName" : "DUPONT Thérèse",
    "synonyms" : [ "Dupont", "Therese" ]
  }, {
    "canonicalName" : "ENGELBERTS Marie-Thérèse",
    "synonyms" : [ "Engelberts", "Marie Therese" ]
  }, {
    "canonicalName" : "FISCHER Daniel",
    "synonyms" : [ "Fischer", "Daniel" ]
  }, {
    "canonicalName" : "FORNI Jean-Luc",
    "synonyms" : [ "Forni", "Jean Luc" ]
  }, {
    "canonicalName" : "FOURNIER Nicolas",
    "synonyms" : [ "Fournier", "Nicolas" ]
  }, {
    "canonicalName" : "FRISCHKNECHT Catherine",
    "synonyms" : [ "Frischknecht", "Catherine" ]
  }, {
    "canonicalName" : "GACHE Hélène",
    "synonyms" : [ "Gache", "Helene" ]
  }, {
    "canonicalName" : "GASHI Sami",
    "synonyms" : [ "Gashi", "Sami" ]
  }, {
    "canonicalName" : "GIANNASI Anthony",
    "synonyms" : [ "Giannasi", "Anthony" ]
  }, {
    "canonicalName" : "GIANNELLI Mark",
    "synonyms" : [ "Giannelli", "Mark" ]
  }, {
    "canonicalName" : "GIORIA Gaëlle",
    "synonyms" : [ "Gioria", "Gaëlle" ]
  }, {
    "canonicalName" : "GUINCHARD Jean-Marc",
    "synonyms" : [ "Guinchard", "Jean Marc" ]
  }, {
    "canonicalName" : "DE KALBERMATTEN Alain",
    "synonyms" : [ "De", "Kalbermatten", "Alain" ]
  }, {
    "canonicalName" : "KHATTABI HASSAR Houda",
    "synonyms" : [ "Khattabi", "Hassar", "Houda" ]
  }, {
    "canonicalName" : "KUNZ Laurence",
    "synonyms" : [ "Kunz", "Laurence" ]
  }, {
    "canonicalName" : "LANCE François",
    "synonyms" : [ "Lance", "François" ]
  }, {
    "canonicalName" : "LATHION Jean Charles",
    "synonyms" : [ "Lathion", "Jean", "Charles" ]
  }, {
    "canonicalName" : "LEHNER Laurent",
    "synonyms" : [ "Lehner", "Laurent" ]
  }, {
    "canonicalName" : "LUPO Paolo",
    "synonyms" : [ "Lupo", "Paolo" ]
  }, {
    "canonicalName" : "MAGNIN Xavier",
    "synonyms" : [ "Magnin", "Xavier" ]
  }, {
    "canonicalName" : "MAGNIN Yves",
    "synonyms" : [ "Magnin", "Yves" ]
  }, {
    "canonicalName" : "MAITRE Vincent",
    "synonyms" : [ "Maitre", "Vincent" ]
  }, {
    "canonicalName" : "MAKKI Michela",
    "synonyms" : [ "Makki", "Michela" ]
  }, {
    "canonicalName" : "MEISSNER REYFER Christine",
    "synonyms" : [ "Meissner", "Reyfer", "Christine" ]
  }, {
    "canonicalName" : "MERLE Emmanuelle",
    "synonyms" : [ "Merle", "Emmanuelle" ]
  }, {
    "canonicalName" : "METTAN Guy",
    "synonyms" : [ "Mettan", "Guy" ]
  }, {
    "canonicalName" : "MEYER DE STADELHOFEN Philippe",
    "synonyms" : [ "Meyer", "De", "Stadelhofen", "Philippe" ]
  }, {
    "canonicalName" : "MONDOUX Alexandre",
    "synonyms" : [ "Mondoux", "Alexandre" ]
  }, {
    "canonicalName" : "MORONI Catherine",
    "synonyms" : [ "Moroni", "Catherine" ]
  }, {
    "canonicalName" : "NEUDER Isabelle",
    "synonyms" : [ "Neuder", "Isabelle" ]
  }, {
    "canonicalName" : "OUEDRAOGO Moustapha",
    "synonyms" : [ "Ouedraogo", "Moustapha" ]
  }, {
    "canonicalName" : "PERRET Vincent",
    "synonyms" : [ "Perret", "Vincent" ]
  }, {
    "canonicalName" : "PFEIFFER Alex",
    "synonyms" : [ "Pfeiffer", "Alex" ]
  }, {
    "canonicalName" : "PROGIN Christian",
    "synonyms" : [ "Progin", "Christian" ]
  }, {
    "canonicalName" : "PUTALLAZ Thomas",
    "synonyms" : [ "Putallaz", "Thomas" ]
  }, {
    "canonicalName" : "RASOLO Daniel",
    "synonyms" : [ "Rasolo", "Daniel" ]
  }, {
    "canonicalName" : "RUCHET Philippe",
    "synonyms" : [ "Ruchet", "Philippe" ]
  }, {
    "canonicalName" : "RYS Alexandra",
    "synonyms" : [ "Rys", "Alexandra" ]
  }, {
    "canonicalName" : "SAUDAN Guy",
    "synonyms" : [ "Saudan", "Guy" ]
  }, {
    "canonicalName" : "SAYEGH Souheil",
    "synonyms" : [ "Sayegh", "Souheil" ]
  }, {
    "canonicalName" : "SCANDURRA Alessandro",
    "synonyms" : [ "Scandurra", "Alessandro" ]
  }, {
    "canonicalName" : "SCHMIED Patrick",
    "synonyms" : [ "Schmied", "Patrick" ]
  }, {
    "canonicalName" : "SCHRAG Sylvianne",
    "synonyms" : [ "Schrag", "Sylvianne" ]
  }, {
    "canonicalName" : "SIMOES Jose",
    "synonyms" : [ "Simoes", "Jose" ]
  }, {
    "canonicalName" : "SOPI Dardan",
    "synonyms" : [ "Sopi", "Dardan" ]
  }, {
    "canonicalName" : "SQUILLACI Nicola",
    "synonyms" : [ "Squillaci", "Nicola" ]
  }, {
    "canonicalName" : "STEINBERG CANDRIAN Melinda",
    "synonyms" : [ "Steinberg", "Candrian", "Melinda" ]
  }, {
    "canonicalName" : "TOMASSI Christine",
    "synonyms" : [ "Tomassi", "Christine" ]
  }, {
    "canonicalName" : "TREMBLET Laurent",
    "synonyms" : [ "Tremblet", "Laurent" ]
  }, {
    "canonicalName" : "UONG Dinh Manh",
    "synonyms" : [ "Uong", "Dinh", "Manh" ]
  }, {
    "canonicalName" : "VÖLKI Robert",
    "synonyms" : [ "Volki", "Robert" ]
  }, {
    "canonicalName" : "VUARNOZ Emanuela",
    "synonyms" : [ "Vuarnoz", "Emanuela" ]
  }, {
    "canonicalName" : "WEHRLI Patrick",
    "synonyms" : [ "Wehrli", "Patrick" ]
  }, {
    "canonicalName" : "ZIMMERMANN Luc",
    "synonyms" : [ "Zimmermann", "Luc" ]
  }, {
    "canonicalName" : "ZIMMERMANN Bertrand",
    "synonyms" : [ "Zimmermann", "Bertrand" ]
  }, {
    "canonicalName" : "LEYVRAZ Eric",
    "synonyms" : [ "Leyvraz", "Eric" ]
  }, {
    "canonicalName" : "FUHRMANN Marc",
    "synonyms" : [ "Fuhrmann", "Marc" ]
  }, {
    "canonicalName" : "LUSSI Patrick",
    "synonyms" : [ "Lussi", "Patrick" ]
  }, {
    "canonicalName" : "IVANOV Christo",
    "synonyms" : [ "Ivanov", "Christo" ]
  }, {
    "canonicalName" : "FALQUET Marc",
    "synonyms" : [ "Falquet", "Marc" ]
  }, {
    "canonicalName" : "MAENDLY Norbert",
    "synonyms" : [ "Maendly", "Norbert" ]
  }, {
    "canonicalName" : "PFEFFER André",
    "synonyms" : [ "Pfeffer", "Andre" ]
  }, {
    "canonicalName" : "CATELAIN Gilbert",
    "synonyms" : [ "Catelain", "Gilbert" ]
  }, {
    "canonicalName" : "HULLIGER Patrick",
    "synonyms" : [ "Hulliger", "Patrick" ]
  }, {
    "canonicalName" : "MICHAUD Eliane",
    "synonyms" : [ "Michaud", "Eliane" ]
  }, {
    "canonicalName" : "SCHERB Peter",
    "synonyms" : [ "Scherb", "Peter" ]
  }, {
    "canonicalName" : "STARK Riccardo",
    "synonyms" : [ "Stark", "Riccardo" ]
  }, {
    "canonicalName" : "GUINCHARD Damien",
    "synonyms" : [ "Guinchard", "Damien" ]
  }, {
    "canonicalName" : "BISOL Walter",
    "synonyms" : [ "Bisol", "Walter" ]
  }, {
    "canonicalName" : "MASÉ Zora",
    "synonyms" : [ "Mase", "Zora" ]
  }, {
    "canonicalName" : "VELEN François",
    "synonyms" : [ "Velen", "François" ]
  }, {
    "canonicalName" : "KNÖRR Stephen",
    "synonyms" : [ "Knorr", "Stephen" ]
  }, {
    "canonicalName" : "RUBELI Pascal",
    "synonyms" : [ "Rubeli", "Pascal" ]
  }, {
    "canonicalName" : "LYON Didier",
    "synonyms" : [ "Lyon", "Didier" ]
  }, {
    "canonicalName" : "PERRENOUD Philippe",
    "synonyms" : [ "Perrenoud", "Philippe" ]
  }, {
    "canonicalName" : "DUTRUIT André",
    "synonyms" : [ "Dutruit", "Andre" ]
  }, {
    "canonicalName" : "ALTENBACH Pascal",
    "synonyms" : [ "Altenbach", "Pascal" ]
  }, {
    "canonicalName" : "QUEFFÉLEC Philippe",
    "synonyms" : [ "Queffelec", "Philippe" ]
  }, {
    "canonicalName" : "LAPORTE Claude",
    "synonyms" : [ "Laporte", "Claude" ]
  }, {
    "canonicalName" : "CONTI Virna",
    "synonyms" : [ "Conti", "Virna" ]
  }, {
    "canonicalName" : "PAREL Loïc",
    "synonyms" : [ "Parel", "Loic" ]
  }, {
    "canonicalName" : "HEDDI Leila",
    "synonyms" : [ "Heddi", "Leila" ]
  }, {
    "canonicalName" : "GOMES DE ALMEIDA José",
    "synonyms" : [ "Gomes", "De", "Almeida", "Jose" ]
  }, {
    "canonicalName" : "BERTINAT Marie-Agnès",
    "synonyms" : [ "Bertinat", "Marie Agnes" ]
  }, {
    "canonicalName" : "MOUNLA Alexandre",
    "synonyms" : [ "Mounla", "Alexandre" ]
  }, {
    "canonicalName" : "DOURNOW David",
    "synonyms" : [ "Dournow", "David" ]
  }, {
    "canonicalName" : "CHAUSSIVERT Patrice",
    "synonyms" : [ "Chaussivert", "Patrice" ]
  }, {
    "canonicalName" : "KNOLL Tatiana",
    "synonyms" : [ "Knoll", "Tatiana" ]
  }, {
    "canonicalName" : "RIME Alexandre",
    "synonyms" : [ "Rime", "Alexandre" ]
  }, {
    "canonicalName" : "DESYATKINA DZODZIEV Viktoriya",
    "synonyms" : [ "Desyatkina", "Dzodziev", "Viktoriya" ]
  }, {
    "canonicalName" : "THOMAS Sébastien",
    "synonyms" : [ "Thomas", "Sebastien" ]
  }, {
    "canonicalName" : "ROMANENS Mathieu",
    "synonyms" : [ "Romanens", "Mathieu" ]
  }, {
    "canonicalName" : "SCHWEIZER Adriana",
    "synonyms" : [ "Schweizer", "Adriana" ]
  }, {
    "canonicalName" : "KHACHATRYAN Gohar",
    "synonyms" : [ "Khachatryan", "Gohar" ]
  }, {
    "canonicalName" : "PRANDO Stéphane",
    "synonyms" : [ "Prando", "Stephane" ]
  }, {
    "canonicalName" : "BORER Maria Da Conceicao",
    "synonyms" : [ "Borer", "Maria", "Da", "Conceicao" ]
  }, {
    "canonicalName" : "AKABA El Mostafa",
    "synonyms" : [ "Akaba", "El", "Mostafa" ]
  }, {
    "canonicalName" : "LÉGUILLON Angèle",
    "synonyms" : [ "Leguillon", "Angele" ]
  }, {
    "canonicalName" : "BONTOUX Caroline",
    "synonyms" : [ "Bontoux", "Caroline" ]
  }, {
    "canonicalName" : "HONEGGER HELLER Manuela",
    "synonyms" : [ "Honegger", "Heller", "Manuela" ]
  }, {
    "canonicalName" : "OCHARAN ROBLES RAPAZ Eva",
    "synonyms" : [ "Ocharan", "Robles", "Rapaz", "Eva" ]
  }, {
    "canonicalName" : "DA CRUZ PEDRO Anna",
    "synonyms" : [ "Da", "Cruz", "Pedro", "Anna" ]
  }, {
    "canonicalName" : "BORCARD Anne",
    "synonyms" : [ "Borcard", "Anne" ]
  }, {
    "canonicalName" : "MÜLLER Fabienne",
    "synonyms" : [ "Muller", "Fabienne" ]
  }, {
    "canonicalName" : "YOL Diana",
    "synonyms" : [ "Yol", "Diana" ]
  }, {
    "canonicalName" : "RANDEGGER Alice",
    "synonyms" : [ "Randegger", "Alice" ]
  }, {
    "canonicalName" : "DEPRAETERE Graciela",
    "synonyms" : [ "Depraetere", "Graciela" ]
  }, {
    "canonicalName" : "OZDEMIR Elcim",
    "synonyms" : [ "Ozdemir", "Elcim" ]
  }, {
    "canonicalName" : "RICCIARDI WERLEN Jacqueline",
    "synonyms" : [ "Ricciardi", "Werlen", "Jacqueline" ]
  }, {
    "canonicalName" : "ROSSIER FAHRION Cerise",
    "synonyms" : [ "Rossier", "Fahrion", "Cerise" ]
  }, {
    "canonicalName" : "BOSELLI GAUTHEY Monica",
    "synonyms" : [ "Boselli", "Gauthey", "Monica" ]
  }, {
    "canonicalName" : "LAVRADOR DIAS Claudia",
    "synonyms" : [ "Lavrador", "Dias", "Claudia" ]
  }, {
    "canonicalName" : "JAUCH Caroline",
    "synonyms" : [ "Jauch", "Caroline" ]
  }, {
    "canonicalName" : "GRANGE Marie-Florence",
    "synonyms" : [ "Grange", "Marie Florence" ]
  }, {
    "canonicalName" : "MAZZONI Nikita",
    "synonyms" : [ "Mazzoni", "Nikita" ]
  }, {
    "canonicalName" : "LANGER Valérie",
    "synonyms" : [ "Langer", "Valerie" ]
  }, {
    "canonicalName" : "MAYORAL EDO Corinne",
    "synonyms" : [ "Mayoral", "Edo", "Corinne" ]
  }, {
    "canonicalName" : "THOMIAS LEDUC Diana",
    "synonyms" : [ "Thomias", "Leduc", "Diana" ]
  }, {
    "canonicalName" : "ARMAND Catherine",
    "synonyms" : [ "Armand", "Catherine" ]
  }, {
    "canonicalName" : "GUEX Stéphane",
    "synonyms" : [ "Guex", "Stephane" ]
  }, {
    "canonicalName" : "HUMBERSET Corinne",
    "synonyms" : [ "Humberset", "Corinne" ]
  }, {
    "canonicalName" : "RUCKTERSTUHL Jean-Claude",
    "synonyms" : [ "Ruckterstuhl", "Jean Claude" ]
  }, {
    "canonicalName" : "LONGO Katrin",
    "synonyms" : [ "Longo", "Katrin" ]
  }, {
    "canonicalName" : "GIROD Nicolas",
    "synonyms" : [ "Girod", "Nicolas" ]
  }, {
    "canonicalName" : "KÜDERLI BERKANE Nicole",
    "synonyms" : [ "Kuderli", "Berkane", "Nicole" ]
  }, {
    "canonicalName" : "FLAKS Joël",
    "synonyms" : [ "Flaks", "Joël" ]
  }, {
    "canonicalName" : "PERRIN Brigitte",
    "synonyms" : [ "Perrin", "Brigitte" ]
  }, {
    "canonicalName" : "GOUDAL Renaud",
    "synonyms" : [ "Goudal", "Renaud" ]
  }, {
    "canonicalName" : "MEYNET Danielle",
    "synonyms" : [ "Meynet", "Danielle" ]
  }, {
    "canonicalName" : "MEYNET Leon",
    "synonyms" : [ "Meynet", "Leon" ]
  }, {
    "canonicalName" : "TURNOWSKY Serge",
    "synonyms" : [ "Turnowsky", "Serge" ]
  }, {
    "canonicalName" : "ZIMMERMANN Olivier",
    "synonyms" : [ "Zimmermann", "Olivier" ]
  }, {
    "canonicalName" : "CHATELAIN Dimitri",
    "synonyms" : [ "Chatelain", "Dimitri" ]
  }, {
    "canonicalName" : "SARAIVA MEDEIROS Carlos",
    "synonyms" : [ "Saraiva", "Medeiros", "Carlos" ]
  }, {
    "canonicalName" : "SPÜHLER Pascal",
    "synonyms" : [ "Spuhler", "Pascal" ]
  }, {
    "canonicalName" : "GAETANINO Marco",
    "synonyms" : [ "Gaetanino", "Marco" ]
  }, {
    "canonicalName" : "LE JEUNE GIACOBBI Cristina",
    "synonyms" : [ "Le", "Jeune", "Giacobbi", "Cristina" ]
  }, {
    "canonicalName" : "WALTHER Thierry",
    "synonyms" : [ "Walther", "Thierry" ]
  }, {
    "canonicalName" : "HÜSSY COPPEX Viviana Ximena Anghela",
    "synonyms" : [ "Hussy", "Coppex", "Viviana", "Ximena", "Anghela" ]
  }, {
    "canonicalName" : "LOEILLET-ROUZIER Anne",
    "synonyms" : [ "Loeillet Rouzier", "Anne" ]
  }, {
    "canonicalName" : "FUSCO Gerardo",
    "synonyms" : [ "Fusco", "Gerardo" ]
  }, {
    "canonicalName" : "GAMBERONI Dominique",
    "synonyms" : [ "Gamberoni", "Dominique" ]
  }, {
    "canonicalName" : "NOBS Cyril",
    "synonyms" : [ "Nobs", "Cyril" ]
  }, {
    "canonicalName" : "NOËL Daniel",
    "synonyms" : [ "Noël", "Daniel" ]
  }, {
    "canonicalName" : "SANTI Michel",
    "synonyms" : [ "Santi", "Michel" ]
  }, {
    "canonicalName" : "PICOT Jérôme",
    "synonyms" : [ "Picot", "Jerome" ]
  }, {
    "canonicalName" : "RUCHONNET Jean-François",
    "synonyms" : [ "Ruchonnet", "Jean François" ]
  }, {
    "canonicalName" : "GALETTO Frédéric",
    "synonyms" : [ "Galetto", "Frederic" ]
  }, {
    "canonicalName" : "BECK Victoria",
    "synonyms" : [ "Beck", "Victoria" ]
  }, {
    "canonicalName" : "ANTOINE Jean-Marc",
    "synonyms" : [ "Antoine", "Jean Marc" ]
  }, {
    "canonicalName" : "RIME Fatma",
    "synonyms" : [ "Rime", "Fatma" ]
  }, {
    "canonicalName" : "L'HUILLIER Eric",
    "synonyms" : [ "Lhuillier", "Eric" ]
  }, {
    "canonicalName" : "PARANÁ JÚNIOR Valério",
    "synonyms" : [ "Paraná", "Júnior", "Valerio" ]
  }, {
    "canonicalName" : "LOTA Raphaëlle",
    "synonyms" : [ "Lota", "Raphaëlle" ]
  }, {
    "canonicalName" : "THOMSEN Elena",
    "synonyms" : [ "Thomsen", "Elena" ]
  }, {
    "canonicalName" : "BALLESTEROS Stefan",
    "synonyms" : [ "Ballesteros", "Stefan" ]
  }, {
    "canonicalName" : "FABRE Jean",
    "synonyms" : [ "Fabre", "Jean" ]
  }, {
    "canonicalName" : "NGUYEN Van Minh",
    "synonyms" : [ "Nguyen", "Van", "Minh" ]
  }, {
    "canonicalName" : "MARTEL Frédéric",
    "synonyms" : [ "Martel", "Frederic" ]
  }, {
    "canonicalName" : "FREY Priscilla",
    "synonyms" : [ "Frey", "Priscilla" ]
  }, {
    "canonicalName" : "BRKIC Vitomir",
    "synonyms" : [ "Brkic", "Vitomir" ]
  }, {
    "canonicalName" : "LEVY Yossef",
    "synonyms" : [ "Levy", "Yossef" ]
  }, {
    "canonicalName" : "BISSOLI Marion",
    "synonyms" : [ "Bissoli", "Marion" ]
  }, {
    "canonicalName" : "COHEN Olivier",
    "synonyms" : [ "Cohen", "Olivier" ]
  }, {
    "canonicalName" : "BRUGUIER Michel",
    "synonyms" : [ "Bruguier", "Michel" ]
  }, {
    "canonicalName" : "SOLTEIRO Jorge",
    "synonyms" : [ "Solteiro", "Jorge" ]
  }, {
    "canonicalName" : "HALIMI Arsim",
    "synonyms" : [ "Halimi", "Arsim" ]
  }, {
    "canonicalName" : "BERLEMONT Alain",
    "synonyms" : [ "Berlemont", "Alain" ]
  }, {
    "canonicalName" : "GARGANTINI Yves",
    "synonyms" : [ "Gargantini", "Yves" ]
  }, {
    "canonicalName" : "MAIGRE Maria Inès",
    "synonyms" : [ "Maigre", "Maria", "Ines" ]
  }, {
    "canonicalName" : "FARINHA Horacio",
    "synonyms" : [ "Farinha", "Horacio" ]
  }, {
    "canonicalName" : "DELACQUIS Cédric",
    "synonyms" : [ "Delacquis", "Cedric" ]
  }, {
    "canonicalName" : "ZAGATO Sophie",
    "synonyms" : [ "Zagato", "Sophie" ]
  }, {
    "canonicalName" : "VIDONNE Valérie",
    "synonyms" : [ "Vidonne", "Valerie" ]
  }, {
    "canonicalName" : "FERRAND Guy",
    "synonyms" : [ "Ferrand", "Guy" ]
  }, {
    "canonicalName" : "KUNZI Nicolas",
    "synonyms" : [ "Kunzi", "Nicolas" ]
  }, {
    "canonicalName" : "KUGEL Mark",
    "synonyms" : [ "Kugel", "Mark" ]
  }, {
    "canonicalName" : "THURNHERR Laurent",
    "synonyms" : [ "Thurnherr", "Laurent" ]
  }, {
    "canonicalName" : "VIDONNE David",
    "synonyms" : [ "Vidonne", "David" ]
  }, {
    "canonicalName" : "BEUREUX Silvain",
    "synonyms" : [ "Beureux", "Silvain" ]
  }, {
    "canonicalName" : "KUNZI Philippe",
    "synonyms" : [ "Kunzi", "Philippe" ]
  }, {
    "canonicalName" : "FADER Annette",
    "synonyms" : [ "Fader", "Annette" ]
  }, {
    "canonicalName" : "THURNHERR Sylvain",
    "synonyms" : [ "Thurnherr", "Sylvain" ]
  }, {
    "canonicalName" : "BEUREUX Johan",
    "synonyms" : [ "Beureux", "Johan" ]
  }, {
    "canonicalName" : "GOLAY Roger",
    "synonyms" : [ "Golay", "Roger" ]
  }, {
    "canonicalName" : "CERUTTI Thierry",
    "synonyms" : [ "Cerutti", "Thierry" ]
  }, {
    "canonicalName" : "VOUMARD Jean Marie",
    "synonyms" : [ "Voumard", "Jean", "Marie" ]
  }, {
    "canonicalName" : "LE JONCOUR-BRÜLHART Céline",
    "synonyms" : [ "Le", "Joncour Brulhart", "Celine" ]
  }, {
    "canonicalName" : "BÄRTSCHI François",
    "synonyms" : [ "Bartschi", "François" ]
  }, {
    "canonicalName" : "PISTIS Sandro",
    "synonyms" : [ "Pistis", "Sandro" ]
  }, {
    "canonicalName" : "DEROUETTE Jean-Paul",
    "synonyms" : [ "Derouette", "Jean Paul" ]
  }, {
    "canonicalName" : "MAGNIN Danièle",
    "synonyms" : [ "Magnin", "Daniele" ]
  }, {
    "canonicalName" : "VALENTIN Francisco",
    "synonyms" : [ "Valentin", "Francisco" ]
  }, {
    "canonicalName" : "SAPIN Françoise",
    "synonyms" : [ "Sapin", "Françoise" ]
  }, {
    "canonicalName" : "FLURY Christian",
    "synonyms" : [ "Flury", "Christian" ]
  }, {
    "canonicalName" : "GOLAY Sandra",
    "synonyms" : [ "Golay", "Sandra" ]
  }, {
    "canonicalName" : "PYTHON André",
    "synonyms" : [ "Python", "Andre" ]
  }, {
    "canonicalName" : "RAPPAZ Henry",
    "synonyms" : [ "Rappaz", "Henry" ]
  }, {
    "canonicalName" : "GANDER Florian",
    "synonyms" : [ "Gander", "Florian" ]
  }, {
    "canonicalName" : "DECORVET Christian",
    "synonyms" : [ "Decorvet", "Christian" ]
  }, {
    "canonicalName" : "SONDEREGGER Gabriela",
    "synonyms" : [ "Sonderegger", "Gabriela" ]
  }, {
    "canonicalName" : "DIMIER Patrick",
    "synonyms" : [ "Dimier", "Patrick" ]
  }, {
    "canonicalName" : "FONTAINE-VIVE-CURTAZ Jean",
    "synonyms" : [ "Fontaine Vive Curtaz", "Jean" ]
  }, {
    "canonicalName" : "SAAS Alexandra",
    "synonyms" : [ "Saas", "Alexandra" ]
  }, {
    "canonicalName" : "ZOGG Thomas",
    "synonyms" : [ "Zogg", "Thomas" ]
  }, {
    "canonicalName" : "PASCARELLA Louise",
    "synonyms" : [ "Pascarella", "Louise" ]
  }, {
    "canonicalName" : "FEKKAK Hatem",
    "synonyms" : [ "Fekkak", "Hatem" ]
  }, {
    "canonicalName" : "ANGELO Antonio",
    "synonyms" : [ "Angelo", "Antonio" ]
  }, {
    "canonicalName" : "CATTIN Jean-Pascal",
    "synonyms" : [ "Cattin", "Jean Pascal" ]
  }, {
    "canonicalName" : "BARYEKA Jarek",
    "synonyms" : [ "Baryeka", "Jarek" ]
  }, {
    "canonicalName" : "REICHENBACH Kevin",
    "synonyms" : [ "Reichenbach", "Kevin" ]
  }, {
    "canonicalName" : "CHAPOU Frédéric",
    "synonyms" : [ "Chapou", "Frederic" ]
  }, {
    "canonicalName" : "MADANI Amar",
    "synonyms" : [ "Madani", "Amar" ]
  }, {
    "canonicalName" : "LEISI Laurent",
    "synonyms" : [ "Leisi", "Laurent" ]
  }, {
    "canonicalName" : "OUDIN Rémy",
    "synonyms" : [ "Oudin", "Remy" ]
  }, {
    "canonicalName" : "VILLETTE Jean",
    "synonyms" : [ "Villette", "Jean" ]
  }, {
    "canonicalName" : "AMBROSIO François",
    "synonyms" : [ "Ambrosio", "François" ]
  }, {
    "canonicalName" : "TEIXEIRA Albano",
    "synonyms" : [ "Teixeira", "Albano" ]
  }, {
    "canonicalName" : "FRAUCHIGER Roger",
    "synonyms" : [ "Frauchiger", "Roger" ]
  }, {
    "canonicalName" : "DELLAGIOVANNA Daniel",
    "synonyms" : [ "Dellagiovanna", "Daniel" ]
  }, {
    "canonicalName" : "ROULIN Claude",
    "synonyms" : [ "Roulin", "Claude" ]
  }, {
    "canonicalName" : "COUTO Armando",
    "synonyms" : [ "Couto", "Armando" ]
  }, {
    "canonicalName" : "NIETO Alexandre",
    "synonyms" : [ "Nieto", "Alexandre" ]
  }, {
    "canonicalName" : "CHAOUI Laïla",
    "synonyms" : [ "Chaoui", "Laila" ]
  }, {
    "canonicalName" : "SOTOMAYOR André",
    "synonyms" : [ "Sotomayor", "Andre" ]
  }, {
    "canonicalName" : "DO REGO Ricardo",
    "synonyms" : [ "Do", "Rego", "Ricardo" ]
  }, {
    "canonicalName" : "VENDRELL Marie",
    "synonyms" : [ "Vendrell", "Marie" ]
  }, {
    "canonicalName" : "MÉNÉTREY Yasmine",
    "synonyms" : [ "Menetrey", "Yasmine" ]
  }, {
    "canonicalName" : "ANGELOZ Claude",
    "synonyms" : [ "Angeloz", "Claude" ]
  }, {
    "canonicalName" : "LAURENT Pierre-Alain",
    "synonyms" : [ "Laurent", "Pierre Alain" ]
  }, {
    "canonicalName" : "JAHIJA Burim",
    "synonyms" : [ "Jahija", "Burim" ]
  }, {
    "canonicalName" : "DI SALVO Giuseppe",
    "synonyms" : [ "Di", "Salvo", "Giuseppe" ]
  }, {
    "canonicalName" : "HEIMO Philippe",
    "synonyms" : [ "Heimo", "Philippe" ]
  }, {
    "canonicalName" : "CHAPPAZ Marc",
    "synonyms" : [ "Chappaz", "Marc" ]
  }, {
    "canonicalName" : "BARRY Minkailou",
    "synonyms" : [ "Barry", "Minkailou" ]
  }, {
    "canonicalName" : "CATALAN Joëlle",
    "synonyms" : [ "Catalan", "Joëlle" ]
  }, {
    "canonicalName" : "REOLON Bruno",
    "synonyms" : [ "Reolon", "Bruno" ]
  }, {
    "canonicalName" : "ALBANESI Jean-François",
    "synonyms" : [ "Albanesi", "Jean François" ]
  }, {
    "canonicalName" : "KLINGELE Olivier",
    "synonyms" : [ "Klingele", "Olivier" ]
  }, {
    "canonicalName" : "BENCKER Jeanne",
    "synonyms" : [ "Bencker", "Jeanne" ]
  }, {
    "canonicalName" : "MARGUET Tex",
    "synonyms" : [ "Marguet", "Tex" ]
  }, {
    "canonicalName" : "DELMENICO Janine",
    "synonyms" : [ "Delmenico", "Janine" ]
  }, {
    "canonicalName" : "SHLYAPINA Elena",
    "synonyms" : [ "Shlyapina", "Elena" ]
  }, {
    "canonicalName" : "MUDRY Yves",
    "synonyms" : [ "Mudry", "Yves" ]
  }, {
    "canonicalName" : "GOSTOLI Gérard",
    "synonyms" : [ "Gostoli", "Gerard" ]
  }, {
    "canonicalName" : "YAU Helen",
    "synonyms" : [ "Yau", "Helen" ]
  }, {
    "canonicalName" : "INNOCENTI Flavio",
    "synonyms" : [ "Innocenti", "Flavio" ]
  }, {
    "canonicalName" : "COVER Sabina",
    "synonyms" : [ "Cover", "Sabina" ]
  }, {
    "canonicalName" : "AMBORD Cédric",
    "synonyms" : [ "Ambord", "Cedric" ]
  }, {
    "canonicalName" : "GARCIA Javier",
    "synonyms" : [ "Garcia", "Javier" ]
  }, {
    "canonicalName" : "BELCASTRO DE LUCA Nathalie",
    "synonyms" : [ "Belcastro", "De", "Luca", "Nathalie" ]
  }, {
    "canonicalName" : "ZBINDEN Jean-Luc",
    "synonyms" : [ "Zbinden", "Jean Luc" ]
  }, {
    "canonicalName" : "AHDAB Ahmad",
    "synonyms" : [ "Ahdab", "Ahmad" ]
  }, {
    "canonicalName" : "BAIUNCO Aurora",
    "synonyms" : [ "Baiunco", "Aurora" ]
  }, {
    "canonicalName" : "OLIVEIRA Rui",
    "synonyms" : [ "Oliveira", "Rui" ]
  }, {
    "canonicalName" : "PASTORE Daniel",
    "synonyms" : [ "Pastore", "Daniel" ]
  }, {
    "canonicalName" : "DRASKOVIC Rada",
    "synonyms" : [ "Draskovic", "Rada" ]
  }, {
    "canonicalName" : "HAYMOZ William",
    "synonyms" : [ "Haymoz", "William" ]
  }, {
    "canonicalName" : "BESSE Muriel",
    "synonyms" : [ "Besse", "Muriel" ]
  }, {
    "canonicalName" : "NAINE Marie-Josée",
    "synonyms" : [ "Naine", "Marie Josee" ]
  }, {
    "canonicalName" : "GHARBI Mohamed",
    "synonyms" : [ "Gharbi", "Mohamed" ]
  }, {
    "canonicalName" : "LOOSLI Bertille",
    "synonyms" : [ "Loosli", "Bertille" ]
  }, {
    "canonicalName" : "EMONET Sarah",
    "synonyms" : [ "Emonet", "Sarah" ]
  }, {
    "canonicalName" : "MÜLLER Olivier",
    "synonyms" : [ "Muller", "Olivier" ]
  }, {
    "canonicalName" : "LODDO Olivier",
    "synonyms" : [ "Loddo", "Olivier" ]
  }, {
    "canonicalName" : "BEN CHAABANE Salah",
    "synonyms" : [ "Ben", "Chaabane", "Salah" ]
  }, {
    "canonicalName" : "DE OLIVEIRA NUNES Vitor",
    "synonyms" : [ "De", "Oliveira", "Nunes", "Vitor" ]
  }, {
    "canonicalName" : "MARTIGNONI Alain",
    "synonyms" : [ "Martignoni", "Alain" ]
  }, {
    "canonicalName" : "MARÉCHAL Christophe",
    "synonyms" : [ "Marechal", "Christophe" ]
  }, {
    "canonicalName" : "SPAGNOLO Salvatore",
    "synonyms" : [ "Spagnolo", "Salvatore" ]
  }, {
    "canonicalName" : "PIERRE TOUSSAINT Sircee",
    "synonyms" : [ "Pierre", "Toussaint", "Sircee" ]
  }, {
    "canonicalName" : "STEINER Christian",
    "synonyms" : [ "Steiner", "Christian" ]
  }, {
    "canonicalName" : "BEUN Christine",
    "synonyms" : [ "Beun", "Christine" ]
  }, {
    "canonicalName" : "BISSAT Rose",
    "synonyms" : [ "Bissat", "Rose" ]
  }, {
    "canonicalName" : "GUISY Milène",
    "synonyms" : [ "Guisy", "Milene" ]
  }, {
    "canonicalName" : "MARTIN Emmanuel",
    "synonyms" : [ "Martin", "Emmanuel" ]
  }, {
    "canonicalName" : "DUSSAN Julien",
    "synonyms" : [ "Dussan", "Julien" ]
  }, {
    "canonicalName" : "BONVIN Philippe",
    "synonyms" : [ "Bonvin", "Philippe" ]
  }, {
    "canonicalName" : "SAUSER Nicolas",
    "synonyms" : [ "Sauser", "Nicolas" ]
  }, {
    "canonicalName" : "RYSER Alain",
    "synonyms" : [ "Ryser", "Alain" ]
  }, {
    "canonicalName" : "MONNEY Armand",
    "synonyms" : [ "Monney", "Armand" ]
  }, {
    "canonicalName" : "PEYRAUD Alexandre",
    "synonyms" : [ "Peyraud", "Alexandre" ]
  }, {
    "canonicalName" : "HÄUSERMANN Elisabeth",
    "synonyms" : [ "Hausermann", "Elisabeth" ]
  }, {
    "canonicalName" : "GAUTROT Maria Magdalena",
    "synonyms" : [ "Gautrot", "Maria", "Magdalena" ]
  }, {
    "canonicalName" : "PIGUET Frédéric",
    "synonyms" : [ "Piguet", "Frederic" ]
  }, {
    "canonicalName" : "WUARIN Marc",
    "synonyms" : [ "Wuarin", "Marc" ]
  }, {
    "canonicalName" : "SAMIM FIROUZSALARI Atefeh",
    "synonyms" : [ "Samim", "Firouzsalari", "Atefeh" ]
  }, {
    "canonicalName" : "BUSTAMANTE HERNANDEZ Eric",
    "synonyms" : [ "Bustamante", "Hernandez", "Eric" ]
  }, {
    "canonicalName" : "HAMOIR Fursy",
    "synonyms" : [ "Hamoir", "Fursy" ]
  }, {
    "canonicalName" : "PREISIG Robert",
    "synonyms" : [ "Preisig", "Robert" ]
  }, {
    "canonicalName" : "JEANMONOD Christian",
    "synonyms" : [ "Jeanmonod", "Christian" ]
  }, {
    "canonicalName" : "MEYLAN Jean Michel",
    "synonyms" : [ "Meylan", "Jean", "Michel" ]
  }, {
    "canonicalName" : "CORI Claudio",
    "synonyms" : [ "Cori", "Claudio" ]
  }, {
    "canonicalName" : "WITTWER Christoph",
    "synonyms" : [ "Wittwer", "Christoph" ]
  }, {
    "canonicalName" : "BESOMI Alessandro",
    "synonyms" : [ "Besomi", "Alessandro" ]
  }, {
    "canonicalName" : "RITTER Sven",
    "synonyms" : [ "Ritter", "Sven" ]
  }, {
    "canonicalName" : "DUVNJAK Sanja",
    "synonyms" : [ "Duvnjak", "Sanja" ]
  }, {
    "canonicalName" : "FRAMMERY Chloe",
    "synonyms" : [ "Frammery", "Chloe" ]
  }, {
    "canonicalName" : "FOUDA AMOUGOU Charlotte",
    "synonyms" : [ "Fouda", "Amougou", "Charlotte" ]
  }, {
    "canonicalName" : "SCHELLER Gérard",
    "synonyms" : [ "Scheller", "Gerard" ]
  }, {
    "canonicalName" : "ROSSELLAT Blaise",
    "synonyms" : [ "Rossellat", "Blaise" ]
  }, {
    "canonicalName" : "DACHROUNE Samir",
    "synonyms" : [ "Dachroune", "Samir" ]
  }, {
    "canonicalName" : "BULT Christoph",
    "synonyms" : [ "Bult", "Christoph" ]
  }, {
    "canonicalName" : "MONSHENGWO Jessica",
    "synonyms" : [ "Monshengwo", "Jessica" ]
  }, {
    "canonicalName" : "LOPEZ Julien",
    "synonyms" : [ "Lopez", "Julien" ]
  }, {
    "canonicalName" : "FRAUDEAU Delphine",
    "synonyms" : [ "Fraudeau", "Delphine" ]
  }, {
    "canonicalName" : "ABESSE Hayet",
    "synonyms" : [ "Abesse", "Hayet" ]
  }, {
    "canonicalName" : "GOLAY Séverine",
    "synonyms" : [ "Golay", "Severine" ]
  }, {
    "canonicalName" : "JORDAN Claude",
    "synonyms" : [ "Jordan", "Claude" ]
  }, {
    "canonicalName" : "REGAMEY Murielle",
    "synonyms" : [ "Regamey", "Murielle" ]
  }, {
    "canonicalName" : "SCHUCANI Grégoire",
    "synonyms" : [ "Schucani", "Gregoire" ]
  } ],
  "namedEntityRuleParams" : [ ]
}