{
  "name" : "Candidat_CE_GC",
  "description" : "Candidates for CE and GC",
  "type" : "ENUMVALUES",
  "enumValues" : [ {
    "canonicalName" : "WENGER Saliha",
    "synonyms" : [ "saliha", "wenger", "salika", "saliha", "wenger", "Salika" ]
  }, {
    "canonicalName" : "HALLER Jocelyne",
    "synonyms" : [ "jocelyne", "haller", "haler", "Jocelyne", "haller", "haul" ]
  }, {
    "canonicalName" : "BURGERMEISTER Jean",
    "synonyms" : [ "jean", "burgermeister", "jean", "burgermeister" ]
  }, {
    "canonicalName" : "HODGERS Antonio",
    "synonyms" : [ "antonio", "hodgers", "antonio", "Hodgers" ]
  }, {
    "canonicalName" : "DE CHASTONAY Marjorie",
    "synonyms" : [ "marjorie", "de", "chastonay", "dechastonay", "de", "chastonnay", "de", "chastonait", "marjorie", "from", "chastonay", "dechastonay", "from", "chastonnay", "from", "chastonait" ]
  }, {
    "canonicalName" : "ROCHAT Yvan",
    "synonyms" : [ "yvan", "rochat", "yvan", "rochat" ]
  }, {
    "canonicalName" : "EMERY-TORRACINTA Anne",
    "synonyms" : [ "anne", "emery", "torracinta", "toracinta", "anne", "emery", "Torracinta", "toracinta" ]
  }, {
    "canonicalName" : "APOTHÉLOZ Thierry",
    "synonyms" : [ "thierry", "apothéloz", "thierry", "Apothéloz" ]
  }, {
    "canonicalName" : "SALERNO Sandrine",
    "synonyms" : [ "sandrine", "salerno", "Sandrine", "salerno" ]
  }, {
    "canonicalName" : "MAUDET Pierre",
    "synonyms" : [ "pierre", "maudet", "Stone", "Maudet" ]
  }, {
    "canonicalName" : "FONTANET Nathalie",
    "synonyms" : [ "nathalie", "fontanet", "Nathalie", "fontanet" ]
  }, {
    "canonicalName" : "DE SENARCLENS Alexandre",
    "synonyms" : [ "alexandre", "de", "senarclens", "alexander", "from", "senarclens" ]
  }, {
    "canonicalName" : "BARTHASSAT Luc",
    "synonyms" : [ "luc", "barthassat", "bartassat", "luke", "Barthassat", "bartassat" ]
  }, {
    "canonicalName" : "DAL BUSCO Serge",
    "synonyms" : [ "serge", "dal", "busco", "serge", "dal", "Busco" ]
  }, {
    "canonicalName" : "NIDEGGER Yves",
    "synonyms" : [ "yves", "nidegger", "nideger", "nydegger", "nydeger", "Yves", "Nidegger", "nideger", "Nydegger", "nydeger" ]
  }, {
    "canonicalName" : "BLÄSI Thomas",
    "synonyms" : [ "thomas", "bläsi", "thomas", "Bläsi" ]
  }, {
    "canonicalName" : "FLOREY Stéphane",
    "synonyms" : [ "stéphane", "florey", "Stephane", "florey" ]
  }, {
    "canonicalName" : "ORSINI Magali",
    "synonyms" : [ "magali", "orsini", "Magali", "orsini" ]
  }, {
    "canonicalName" : "GAUTHIER Pierre",
    "synonyms" : [ "pierre", "gauthier", "Stone", "Gauthier" ]
  }, {
    "canonicalName" : "STAUFFER Eric",
    "synonyms" : [ "eric", "stauffer", "staufer", "eric", "stauffer", "Staufer" ]
  }, {
    "canonicalName" : "ZACHARIAS Ronald",
    "synonyms" : [ "ronald", "zacharias", "zaccharias", "zacharrias", "ronald", "zacharias", "Zaccharias", "zacharrias" ]
  }, {
    "canonicalName" : "VIDONNE Thierry",
    "synonyms" : [ "thierry", "vidonne", "viodne", "thierry", "Vidonne", "viodne" ]
  }, {
    "canonicalName" : "LEITNER André",
    "synonyms" : [ "andré", "leitner", "andre", "leitner" ]
  }, {
    "canonicalName" : "POGGIA Mauro",
    "synonyms" : [ "mauro", "poggia", "pogia", "Mauro", "Poggia", "pogia" ]
  }, {
    "canonicalName" : "ROCH Ana Belen",
    "synonyms" : [ "ana", "belen", "roch", "anna", "belenne", "ana", "belen", "Rosh", "anna", "belenne" ]
  }, {
    "canonicalName" : "SORMANNI Daniel",
    "synonyms" : [ "daniel", "sormanni", "sormani", "daniel", "sormanni", "sormani" ]
  }, {
    "canonicalName" : "FONTANA Jérôme",
    "synonyms" : [ "jérôme", "fontana", "Jerome", "Fontana" ]
  }, {
    "canonicalName" : "EMERY-TORRACINTA Anne",
    "synonyms" : [ "anne", "emery", "torracinta", "toracintta", "anne", "emery", "Torracinta", "toracintta" ]
  }, {
    "canonicalName" : "APOTHÉLOZ Thierry",
    "synonyms" : [ "thierry", "apothéloz", "thierry", "Apothéloz" ]
  }, {
    "canonicalName" : "SALERNO Sandrine",
    "synonyms" : [ "sandrine", "salerno", "Sandrine", "salerno" ]
  }, {
    "canonicalName" : "HODGERS Antonio",
    "synonyms" : [ "antonio", "hodgers", "antonio", "Hodgers" ]
  }, {
    "canonicalName" : "DE CHASTONAY Marjorie",
    "synonyms" : [ "marjorie", "de", "chastonay", "chastonnay", "Marjorie", "from", "Chastonay", "chastonnay" ]
  }, {
    "canonicalName" : "ROCHAT Yvan",
    "synonyms" : [ "yvan", "rochat", "yvan", "rochat" ]
  }, {
    "canonicalName" : "HALLER Jocelyne",
    "synonyms" : [ "jocelyne", "haller", "haler", "Jocelyne", "haller", "haul" ]
  }, {
    "canonicalName" : "WENGER Saliha",
    "synonyms" : [ "saliha", "wenger", "salika", "saliha", "wenger", "Salika" ]
  }, {
    "canonicalName" : "BURGERMEISTER Jean",
    "synonyms" : [ "jean", "burgermeister", "jean", "burgermeister" ]
  }, {
    "canonicalName" : "POGGIA Mauro",
    "synonyms" : [ "mauro", "poggia", "pogia", "Mauro", "Poggia", "pogia" ]
  }, {
    "canonicalName" : "ROCH Ana Belen",
    "synonyms" : [ "ana", "belen", "roch", "ana", "belen", "Roch" ]
  }, {
    "canonicalName" : "SORMANNI Daniel",
    "synonyms" : [ "daniel", "sormanni", "sormani", "daniel", "sormanni", "sormani" ]
  }, {
    "canonicalName" : "MAUDET Pierre",
    "synonyms" : [ "pierre", "maudet", "Stone", "Maudet" ]
  }, {
    "canonicalName" : "DAL BUSCO Serge",
    "synonyms" : [ "serge", "dal", "busco", "serge", "dal", "Busco" ]
  }, {
    "canonicalName" : "BARTHASSAT Luc",
    "synonyms" : [ "luc", "barthassat", "bartassat", "luke", "Barthassat", "bartassat" ]
  }, {
    "canonicalName" : "FONTANET Nathalie",
    "synonyms" : [ "nathalie", "fontanet", "fontannet", "Nathalie", "fontanet", "Fontannet" ]
  }, {
    "canonicalName" : "DE SENARCLENS Alexandre",
    "synonyms" : [ "alexandre", "de", "senarclens", "de", "senarclent", "alexandre", "from", "senarclens", "from", "senarclent" ]
  }, {
    "canonicalName" : "NIDEGGER Yves",
    "synonyms" : [ "yves", "nidegger", "nydegger", "nideger", "nydeger", "Yves", "Nidegger", "Nydegger", "nideger", "nydeger" ]
  }, {
    "canonicalName" : "BLÄSI Thomas",
    "synonyms" : [ "thomas", "bläsi", "blasi", "thomas", "Bläsi", "blasi" ]
  }, {
    "canonicalName" : "FLOREY Stéphane",
    "synonyms" : [ "stéphane", "florey", "florest", "Stephane", "florey", "florest" ]
  }, {
    "canonicalName" : "ORSINI Magali",
    "synonyms" : [ "magali", "orsini", "Magali", "orsini" ]
  }, {
    "canonicalName" : "GAUTHIER Pierre",
    "synonyms" : [ "pierre", "gauthier", "gautier", "Stone", "Gauthier", "Gautier" ]
  }, {
    "canonicalName" : "STAUFFER Eric",
    "synonyms" : [ "eric", "stauffer", "staufer", "eric", "stauffer", "Staufer" ]
  }, {
    "canonicalName" : "ZACHARIAS Ronald",
    "synonyms" : [ "ronald", "zacharias", "ronald", "zacharias" ]
  }, {
    "canonicalName" : "VIDONNE Thierry",
    "synonyms" : [ "thierry", "vidonne", "vidonne", "thierry", "Vidonne", "Vidonne" ]
  }, {
    "canonicalName" : "LEITNER André",
    "synonyms" : [ "andré", "leitner", "leytner", "andre", "leitner", "Leytner" ]
  }, {
    "canonicalName" : "FONTANA Jérôme",
    "synonyms" : [ "jérôme", "fontana", "Jerome", "Fontana" ]
  } ],
  "namedEntityRuleParams" : [ ]
}