{
  "name" : "Candidat",
  "description" : "Lite des candidats pour toutes les élections",
  "type" : "ENUMVALUES",
  "enumValues" : [ {
    "canonicalName" : "Pagani Rémy",
    "synonyms" : [ "Rémy Pagani" ]
  }, {
    "canonicalName" : "Wenger Saliha",
    "synonyms" : [ "Saliha Wenger", "Salika Wenger" ]
  }, {
    "canonicalName" : "Zaugg Christian",
    "synonyms" : [ "Christian Zaugg" ]
  }, {
    "canonicalName" : "Haller Jocelyne",
    "synonyms" : [ "Jocelyne Haller" ]
  }, {
    "canonicalName" : "Eniline Alexander",
    "synonyms" : [ "Alexander Eniline" ]
  }, {
    "canonicalName" : "Cruchon Pablo",
    "synonyms" : [ "Pablo Cruchon" ]
  }, {
    "canonicalName" : "Valentino Stéphanie",
    "synonyms" : [ "Stéphanie Valentino" ]
  }, {
    "canonicalName" : "Burgermeister Jean",
    "synonyms" : [ "Jean Burgermeister" ]
  }, {
    "canonicalName" : "Ecuyer Hélène",
    "synonyms" : [ "Hélène Ecuyer" ]
  }, {
    "canonicalName" : "Issom David-Zacharie",
    "synonyms" : [ "David-Zacharie Issom" ]
  }, {
    "canonicalName" : "Ossmann Sekna",
    "synonyms" : [ "Sekna Ossmann" ]
  }, {
    "canonicalName" : "Nyffeler Batou Françoise",
    "synonyms" : [ "Françoise Nyffeler Batou" ]
  }, {
    "canonicalName" : "Januzi Bashkim",
    "synonyms" : [ "Bashkim Januzi" ]
  }, {
    "canonicalName" : "Ecuyer Sébastien",
    "synonyms" : [ "Sébastien Ecuyer" ]
  }, {
    "canonicalName" : "Ovett Bondi Davinia",
    "synonyms" : [ "Davinia Ovett Bondi" ]
  }, {
    "canonicalName" : "Jimenez Jean-Daniel",
    "synonyms" : [ "Jean-Daniel Jimenez" ]
  }, {
    "canonicalName" : "Ecuyer Annick",
    "synonyms" : [ "Annick Ecuyer" ]
  }, {
    "canonicalName" : "Peradotto Julie",
    "synonyms" : [ "Julie Peradotto" ]
  }, {
    "canonicalName" : "Manríquez Matías",
    "synonyms" : [ "Matías Manríquez" ]
  }, {
    "canonicalName" : "Zehfus Yves",
    "synonyms" : [ "Yves Zehfus" ]
  }, {
    "canonicalName" : "Zaugg Daniel",
    "synonyms" : [ "Daniel Zaugg" ]
  }, {
    "canonicalName" : "Perez Maria",
    "synonyms" : [ "Maria Perez", "Lou Perez" ]
  }, {
    "canonicalName" : "Schnebli Tobias",
    "synonyms" : [ "Tobias Schnebli", "Tobia Schnebli" ]
  }, {
    "canonicalName" : "Missoh Dzikunoo Massan",
    "synonyms" : [ "Massan Missoh Dzikunoo" ]
  }, {
    "canonicalName" : "Martenot Aude",
    "synonyms" : [ "Aude Martenot" ]
  }, {
    "canonicalName" : "Vanek Pierre",
    "synonyms" : [ "Pierre Vanek" ]
  }, {
    "canonicalName" : "Clement Patrice",
    "synonyms" : [ "Patrice Clement" ]
  }, {
    "canonicalName" : "Prezioso Batou Stefania",
    "synonyms" : [ "Stefania Prezioso Batou" ]
  }, {
    "canonicalName" : "Esaki Kabeya Elisabeth",
    "synonyms" : [ "Elisabeth Esaki Kabeya" ]
  }, {
    "canonicalName" : "Langford Pia",
    "synonyms" : [ "Pia Langford" ]
  }, {
    "canonicalName" : "Vincent Michel",
    "synonyms" : [ "Michel Vincent" ]
  }, {
    "canonicalName" : "Rumpczyk Delphine",
    "synonyms" : [ "Delphine Rumpczyk" ]
  }, {
    "canonicalName" : "Salm Darboe Karijn",
    "synonyms" : [ "Karijn Salm Darboe" ]
  }, {
    "canonicalName" : "Andenmatten David",
    "synonyms" : [ "David Andenmatten" ]
  }, {
    "canonicalName" : "Schmid Audrey",
    "synonyms" : [ "Audrey Schmid" ]
  }, {
    "canonicalName" : "Guevara Francisco",
    "synonyms" : [ "Francisco Guevara" ]
  }, {
    "canonicalName" : "Batou Jean",
    "synonyms" : [ "Jean Batou" ]
  }, {
    "canonicalName" : "Stebler Guenat Henriette",
    "synonyms" : [ "Henriette Stebler Guenat" ]
  }, {
    "canonicalName" : "Edjeou Corinne",
    "synonyms" : [ "Corinne Edjeou", "Corinne Buntschu" ]
  }, {
    "canonicalName" : "Zaugg Cecilia",
    "synonyms" : [ "Cecilia Zaugg" ]
  }, {
    "canonicalName" : "Baud Olivier",
    "synonyms" : [ "Olivier Baud" ]
  }, {
    "canonicalName" : "Zbinden Livia",
    "synonyms" : [ "Livia Zbinden" ]
  }, {
    "canonicalName" : "Rossel Pascal",
    "synonyms" : [ "Pascal Rossel" ]
  }, {
    "canonicalName" : "Bayenet Pierre",
    "synonyms" : [ "Pierre Bayenet" ]
  }, {
    "canonicalName" : "Bailat Ariane",
    "synonyms" : [ "Ariane Bailat" ]
  }, {
    "canonicalName" : "Maillefer Denise",
    "synonyms" : [ "Denise Maillefer" ]
  }, {
    "canonicalName" : "Meierhofer Manyagoua Boumtché Charlotte",
    "synonyms" : [ "Charlotte Meierhofer Manyagoua Boumtché" ]
  }, {
    "canonicalName" : "Blanchet Marjo",
    "synonyms" : [ "Marjo Blanchet" ]
  }, {
    "canonicalName" : "Marti Werner",
    "synonyms" : [ "Werner Marti" ]
  }, {
    "canonicalName" : "Khaouchi Corinne",
    "synonyms" : [ "Corinne Khaouchi" ]
  }, {
    "canonicalName" : "Bolay Robin Stéphanie",
    "synonyms" : [ "Stéphanie Bolay Robin" ]
  }, {
    "canonicalName" : "Blanco Luis",
    "synonyms" : [ "Luis Blanco" ]
  }, {
    "canonicalName" : "Mamin François",
    "synonyms" : [ "François Mamin" ]
  }, {
    "canonicalName" : "De Melo Marcelino Amélia",
    "synonyms" : [ "Amélia De Melo Marcelino" ]
  }, {
    "canonicalName" : "Bouzid Mohamed",
    "synonyms" : [ "Mohamed Bouzid" ]
  }, {
    "canonicalName" : "Boujemaa Sanae",
    "synonyms" : [ "Sanae Boujemaa" ]
  }, {
    "canonicalName" : "Galland Eduardo",
    "synonyms" : [ "Eduardo Galland" ]
  }, {
    "canonicalName" : "Jelk Andrée",
    "synonyms" : [ "Andrée Jelk", "Andrée Jelk-Peila" ]
  }, {
    "canonicalName" : "Castro Gloria",
    "synonyms" : [ "Gloria Castro" ]
  }, {
    "canonicalName" : "Camelo Alfredo",
    "synonyms" : [ "Alfredo Camelo" ]
  }, {
    "canonicalName" : "Noetzlin Simon",
    "synonyms" : [ "Simon Noetzlin" ]
  }, {
    "canonicalName" : "Duraku Fitore",
    "synonyms" : [ "Fitore Duraku" ]
  }, {
    "canonicalName" : "Duraku Edon",
    "synonyms" : [ "Edon Duraku" ]
  }, {
    "canonicalName" : "Ferreira Elisabeth",
    "synonyms" : [ "Elisabeth Ferreira" ]
  }, {
    "canonicalName" : "Christinat Jean-David",
    "synonyms" : [ "Jean-David Christinat" ]
  }, {
    "canonicalName" : "Gerardo Féliz Grubi Ynes",
    "synonyms" : [ "Ynes Gerardo Féliz Grubi" ]
  }, {
    "canonicalName" : "Carlo Xavier",
    "synonyms" : [ "Xavier Carlo" ]
  }, {
    "canonicalName" : "Sahin Gazi",
    "synonyms" : [ "Gazi Sahin" ]
  }, {
    "canonicalName" : "Hodgers Antonio",
    "synonyms" : [ "Antonio Hodgers" ]
  }, {
    "canonicalName" : "De Chastonay Marjorie",
    "synonyms" : [ "Marjorie De Chastonay" ]
  }, {
    "canonicalName" : "Rochat Yvan",
    "synonyms" : [ "Yvan Rochat" ]
  }, {
    "canonicalName" : "Perler Frédérique",
    "synonyms" : [ "Frédérique Perler" ]
  }, {
    "canonicalName" : "Buschbeck Mathias",
    "synonyms" : [ "Mathias Buschbeck" ]
  }, {
    "canonicalName" : "Lefort François",
    "synonyms" : [ "François Lefort" ]
  }, {
    "canonicalName" : "Leonelli Katia",
    "synonyms" : [ "Katia Leonelli" ]
  }, {
    "canonicalName" : "Macchiavelli Marta",
    "synonyms" : [ "Marta Macchiavelli", "Marta Julia Macchiavelli" ]
  }, {
    "canonicalName" : "Makosso William",
    "synonyms" : [ "William Makosso" ]
  }, {
    "canonicalName" : "Martin David",
    "synonyms" : [ "David Martin" ]
  }, {
    "canonicalName" : "Müller Sontag Corinne",
    "synonyms" : [ "Corinne Müller Sontag" ]
  }, {
    "canonicalName" : "Nicolet-Dit-Felix Julien",
    "synonyms" : [ "Julien Nicolet-Dit-Felix" ]
  }, {
    "canonicalName" : "Noël Philippe",
    "synonyms" : [ "Philippe Noël" ]
  }, {
    "canonicalName" : "Oriolo Alessandra",
    "synonyms" : [ "Alessandra Oriolo" ]
  }, {
    "canonicalName" : "Oztürk Dilara",
    "synonyms" : [ "Dilara Oztürk" ]
  }, {
    "canonicalName" : "Pasquier Isabelle",
    "synonyms" : [ "Isabelle Pasquier", "Isabelle Pasquier-Eichenberger" ]
  }, {
    "canonicalName" : "Poget Philippe",
    "synonyms" : [ "Philippe Poget" ]
  }, {
    "canonicalName" : "Quijano Garcia Maria",
    "synonyms" : [ "Maria Quijano Garcia", "Maria José Quijano Garcia" ]
  }, {
    "canonicalName" : "Rodriguez Mario",
    "synonyms" : [ "Mario Rodriguez" ]
  }, {
    "canonicalName" : "Rogg Catharina",
    "synonyms" : [ "Catharina Rogg", "Olowine Rogg" ]
  }, {
    "canonicalName" : "Rossiaud Jean",
    "synonyms" : [ "Jean Rossiaud" ]
  }, {
    "canonicalName" : "Saa Baud Yubitza",
    "synonyms" : [ "Yubitza Saa Baud" ]
  }, {
    "canonicalName" : "Schalk Antoine",
    "synonyms" : [ "Antoine Schalk" ]
  }, {
    "canonicalName" : "Schaufelberger Esther",
    "synonyms" : [ "Esther Schaufelberger" ]
  }, {
    "canonicalName" : "Sordet Adrienne",
    "synonyms" : [ "Adrienne Sordet" ]
  }, {
    "canonicalName" : "Taleghani Majid",
    "synonyms" : [ "Majid Taleghani" ]
  }, {
    "canonicalName" : "Tchamkerten Jolanka",
    "synonyms" : [ "Jolanka Tchamkerten" ]
  }, {
    "canonicalName" : "Tiguemounine Sabine",
    "synonyms" : [ "Sabine Tiguemounine" ]
  }, {
    "canonicalName" : "Tinguely Dominique",
    "synonyms" : [ "Dominique Tinguely" ]
  }, {
    "canonicalName" : "Tschudi Paloma",
    "synonyms" : [ "Paloma Tschudi" ]
  }, {
    "canonicalName" : "Van Woerden Wendy",
    "synonyms" : [ "Wendy Van Woerden" ]
  }, {
    "canonicalName" : "Veiga Arias Damian",
    "synonyms" : [ "Damian Veiga Arias", "Damian Veiga Löffel" ]
  }, {
    "canonicalName" : "Wisard Prado Leyma",
    "synonyms" : [ "Leyma Wisard Prado" ]
  }, {
    "canonicalName" : "Yunus Ebener Mariam",
    "synonyms" : [ "Mariam Yunus Ebener", "Maryam Yunus Ebener" ]
  }, {
    "canonicalName" : "Amato Maurice",
    "synonyms" : [ "Maurice Amato" ]
  }, {
    "canonicalName" : "Amsellem Benedicte",
    "synonyms" : [ "Benedicte Amsellem", "Benedicte Amsellem-Ossipow" ]
  }, {
    "canonicalName" : "Ardizzone Ivan",
    "synonyms" : [ "Ivan Ardizzone" ]
  }, {
    "canonicalName" : "Azzabi Omar",
    "synonyms" : [ "Omar Azzabi" ]
  }, {
    "canonicalName" : "Bänziger Ruth",
    "synonyms" : [ "Ruth Bänziger" ]
  }, {
    "canonicalName" : "Barciela Villar Ana",
    "synonyms" : [ "Ana Barciela Villar" ]
  }, {
    "canonicalName" : "Bavarel Christian",
    "synonyms" : [ "Christian Bavarel" ]
  }, {
    "canonicalName" : "Boccard Damien",
    "synonyms" : [ "Damien Boccard", "Damien Baptiste Boccard" ]
  }, {
    "canonicalName" : "Bonny Didier",
    "synonyms" : [ "Didier Bonny" ]
  }, {
    "canonicalName" : "Bonvin Bonfanti Anne",
    "synonyms" : [ "Anne Bonvin Bonfanti" ]
  }, {
    "canonicalName" : "Bucher Denis",
    "synonyms" : [ "Denis Bucher" ]
  }, {
    "canonicalName" : "Buenzod Christian",
    "synonyms" : [ "Christian Buenzod" ]
  }, {
    "canonicalName" : "Bui Aurore",
    "synonyms" : [ "Aurore Bui" ]
  }, {
    "canonicalName" : "Cabitza Marina",
    "synonyms" : [ "Marina Cabitza" ]
  }, {
    "canonicalName" : "Calame Boris",
    "synonyms" : [ "Boris Calame" ]
  }, {
    "canonicalName" : "Calame Fabrice",
    "synonyms" : [ "Fabrice Calame" ]
  }, {
    "canonicalName" : "Chaudieu Anne",
    "synonyms" : [ "Anne Chaudieu" ]
  }, {
    "canonicalName" : "Concha Celtia",
    "synonyms" : [ "Celtia Concha" ]
  }, {
    "canonicalName" : "Corpataux Laurence",
    "synonyms" : [ "Laurence Corpataux" ]
  }, {
    "canonicalName" : "Dalphin Marc",
    "synonyms" : [ "Marc Dalphin" ]
  }, {
    "canonicalName" : "De Felice Nicolas",
    "synonyms" : [ "Nicolas De Felice" ]
  }, {
    "canonicalName" : "De Maio Sara",
    "synonyms" : [ "Sara De Maio" ]
  }, {
    "canonicalName" : "De Matteis Yves",
    "synonyms" : [ "Yves De Matteis" ]
  }, {
    "canonicalName" : "De Rougemont Philippe",
    "synonyms" : [ "Philippe De Rougemont" ]
  }, {
    "canonicalName" : "Desbiolles Sophie",
    "synonyms" : [ "Sophie Desbiolles" ]
  }, {
    "canonicalName" : "Descombes Isabelle",
    "synonyms" : [ "Isabelle Descombes" ]
  }, {
    "canonicalName" : "Dujoux Valentin",
    "synonyms" : [ "Valentin Dujoux" ]
  }, {
    "canonicalName" : "Dupuis Renaud",
    "synonyms" : [ "Renaud Dupuis" ]
  }, {
    "canonicalName" : "Ebener Christophe",
    "synonyms" : [ "Christophe Ebener" ]
  }, {
    "canonicalName" : "Eckert Pierre",
    "synonyms" : [ "Pierre Eckert" ]
  }, {
    "canonicalName" : "Fischer Fabienne",
    "synonyms" : [ "Fabienne Fischer" ]
  }, {
    "canonicalName" : "Freymond Pascal",
    "synonyms" : [ "Pascal Freymond" ]
  }, {
    "canonicalName" : "Geoffroy Elias",
    "synonyms" : [ "Elias Geoffroy" ]
  }, {
    "canonicalName" : "Gomez Alfonso",
    "synonyms" : [ "Alfonso Gomez" ]
  }, {
    "canonicalName" : "Haas François",
    "synonyms" : [ "François Haas" ]
  }, {
    "canonicalName" : "Hartmann Esther",
    "synonyms" : [ "Esther Hartmann" ]
  }, {
    "canonicalName" : "Heberlein Simonett Claudia",
    "synonyms" : [ "Claudia Heberlein Simonett" ]
  }, {
    "canonicalName" : "Herren Yves",
    "synonyms" : [ "Yves Herren" ]
  }, {
    "canonicalName" : "Khamis Vannini Uzma",
    "synonyms" : [ "Uzma Khamis Vannini" ]
  }, {
    "canonicalName" : "Klopfenstein Broggini Delphine",
    "synonyms" : [ "Delphine Klopfenstein Broggini" ]
  }, {
    "canonicalName" : "Kündig Ralph",
    "synonyms" : [ "Ralph Kündig" ]
  }, {
    "canonicalName" : "Latour Sabine",
    "synonyms" : [ "Sabine Latour" ]
  }, {
    "canonicalName" : "Emery-Torracinta Anne",
    "synonyms" : [ "Anne Emery-Torracinta" ]
  }, {
    "canonicalName" : "Apothéloz Thierry",
    "synonyms" : [ "Thierry Apothéloz" ]
  }, {
    "canonicalName" : "Salerno Sandrine",
    "synonyms" : [ "Sandrine Salerno" ]
  }, {
    "canonicalName" : "De Sainte-Marie Romain",
    "synonyms" : [ "Romain De Sainte-Marie" ]
  }, {
    "canonicalName" : "Kast Carole-Anne",
    "synonyms" : [ "Carole-Anne Kast" ]
  }, {
    "canonicalName" : "Wenger Thomas",
    "synonyms" : [ "Thomas Wenger" ]
  }, {
    "canonicalName" : "Marti Caroline",
    "synonyms" : [ "Caroline Marti" ]
  }, {
    "canonicalName" : "Bandler Marko",
    "synonyms" : [ "Marko Bandler" ]
  }, {
    "canonicalName" : "Moyard Mizrahi Salima",
    "synonyms" : [ "Salima Moyard Mizrahi" ]
  }, {
    "canonicalName" : "Dandrès Christian",
    "synonyms" : [ "Christian Dandrès" ]
  }, {
    "canonicalName" : "Verissimo De Freitas Helena",
    "synonyms" : [ "Helena Verissimo De Freitas" ]
  }, {
    "canonicalName" : "Carasso Grégoire",
    "synonyms" : [ "Grégoire Carasso" ]
  }, {
    "canonicalName" : "Sobanek Marion",
    "synonyms" : [ "Marion Sobanek" ]
  }, {
    "canonicalName" : "Thévoz Sylvain",
    "synonyms" : [ "Sylvain Thévoz" ]
  }, {
    "canonicalName" : "Conti Jennifer",
    "synonyms" : [ "Jennifer Conti" ]
  }, {
    "canonicalName" : "Staub Martin",
    "synonyms" : [ "Martin Staub" ]
  }, {
    "canonicalName" : "Valiquer Grecuccio Nicole",
    "synonyms" : [ "Nicole Valiquer Grecuccio" ]
  }, {
    "canonicalName" : "Rielle Jean Charles",
    "synonyms" : [ "Jean Charles Rielle" ]
  }, {
    "canonicalName" : "Gavilanes Amanda",
    "synonyms" : [ "Amanda Gavilanes" ]
  }, {
    "canonicalName" : "Mizrahi Cyril",
    "synonyms" : [ "Cyril Mizrahi" ]
  }, {
    "canonicalName" : "Casares Maria Jesus",
    "synonyms" : [ "Maria Jesus Casares" ]
  }, {
    "canonicalName" : "Pomatto Michel",
    "synonyms" : [ "Michel Pomatto" ]
  }, {
    "canonicalName" : "Strasser Léna",
    "synonyms" : [ "Léna Strasser" ]
  }, {
    "canonicalName" : "Kokot Guilhem",
    "synonyms" : [ "Guilhem Kokot" ]
  }, {
    "canonicalName" : "Romano Maria",
    "synonyms" : [ "Maria Romano", "Maria Vittoria Romano" ]
  }, {
    "canonicalName" : "Mussa Ahmed",
    "synonyms" : [ "Ahmed Mussa", "Youniss Mussa" ]
  }, {
    "canonicalName" : "Osmani Xhevrie",
    "synonyms" : [ "Xhevrie Osmani" ]
  }, {
    "canonicalName" : "Esteban Diego",
    "synonyms" : [ "Diego Esteban" ]
  }, {
    "canonicalName" : "Baillon Glenna",
    "synonyms" : [ "Glenna Baillon" ]
  }, {
    "canonicalName" : "Eya Nchama Cruz Melchor",
    "synonyms" : [ "Cruz Melchor Eya Nchama" ]
  }, {
    "canonicalName" : "Brandrup Gladys",
    "synonyms" : [ "Gladys Brandrup", "Gladys Acosta Brandrup" ]
  }, {
    "canonicalName" : "Chiaradonna Denis",
    "synonyms" : [ "Denis Chiaradonna" ]
  }, {
    "canonicalName" : "Lüthi Badia",
    "synonyms" : [ "Badia Lüthi" ]
  }, {
    "canonicalName" : "Clemence Nicolas",
    "synonyms" : [ "Nicolas Clemence" ]
  }, {
    "canonicalName" : "Vatre Patricia",
    "synonyms" : [ "Patricia Vatre" ]
  }, {
    "canonicalName" : "Zimmermann Michel",
    "synonyms" : [ "Michel Zimmermann" ]
  }, {
    "canonicalName" : "Viret Dora",
    "synonyms" : [ "Dora Viret", "Cécilia Viret" ]
  }, {
    "canonicalName" : "Velasco Alberto",
    "synonyms" : [ "Alberto Velasco" ]
  }, {
    "canonicalName" : "Fabre Michel",
    "synonyms" : [ "Michel Fabre" ]
  }, {
    "canonicalName" : "De Battista Regis",
    "synonyms" : [ "Regis De Battista" ]
  }, {
    "canonicalName" : "Deonna Emmanuel",
    "synonyms" : [ "Emmanuel Deonna" ]
  }, {
    "canonicalName" : "Tombola Jean-Pierre",
    "synonyms" : [ "Jean-Pierre Tombola" ]
  }, {
    "canonicalName" : "Keel Theo",
    "synonyms" : [ "Theo Keel" ]
  }, {
    "canonicalName" : "Lapalud Patrick",
    "synonyms" : [ "Patrick Lapalud" ]
  }, {
    "canonicalName" : "Barry Thierno",
    "synonyms" : [ "Thierno Barry" ]
  }, {
    "canonicalName" : "Halimi Hysri",
    "synonyms" : [ "Hysri Halimi" ]
  }, {
    "canonicalName" : "Gajardo Munoz Jorge",
    "synonyms" : [ "Jorge Gajardo Munoz" ]
  }, {
    "canonicalName" : "Alonso Unica Manuel",
    "synonyms" : [ "Manuel Alonso Unica" ]
  }, {
    "canonicalName" : "Baldini Frédéric",
    "synonyms" : [ "Frédéric Baldini" ]
  }, {
    "canonicalName" : "Bruchez Thomas",
    "synonyms" : [ "Thomas Bruchez" ]
  }, {
    "canonicalName" : "Benda Benjamin",
    "synonyms" : [ "Benjamin Benda" ]
  }, {
    "canonicalName" : "Burkhard Roland",
    "synonyms" : [ "Roland Burkhard" ]
  }, {
    "canonicalName" : "Bosshard Pierre Yves",
    "synonyms" : [ "Pierre Yves Bosshard" ]
  }, {
    "canonicalName" : "Kurteshi Ismet",
    "synonyms" : [ "Ismet Kurteshi" ]
  }, {
    "canonicalName" : "Maudet Pierre",
    "synonyms" : [ "Pierre Maudet" ]
  }, {
    "canonicalName" : "Fontanet Nathalie",
    "synonyms" : [ "Nathalie Fontanet" ]
  }, {
    "canonicalName" : "De Senarclens Alexandre",
    "synonyms" : [ "Alexandre De Senarclens" ]
  }, {
    "canonicalName" : "De Montmollin Simone",
    "synonyms" : [ "Simone De Montmollin" ]
  }, {
    "canonicalName" : "Morel Philippe",
    "synonyms" : [ "Philippe Morel" ]
  }, {
    "canonicalName" : "Putallaz Jean",
    "synonyms" : [ "Jean Putallaz", "Jean Jean Romain" ]
  }, {
    "canonicalName" : "Saudan Patrick",
    "synonyms" : [ "Patrick Saudan" ]
  }, {
    "canonicalName" : "Selleger Charles",
    "synonyms" : [ "Charles Selleger" ]
  }, {
    "canonicalName" : "Uehlinger Pascal",
    "synonyms" : [ "Pascal Uehlinger" ]
  }, {
    "canonicalName" : "Vuillod Georges",
    "synonyms" : [ "Georges Vuillod" ]
  }, {
    "canonicalName" : "Wicky Raymond",
    "synonyms" : [ "Raymond Wicky" ]
  }, {
    "canonicalName" : "Zuber Céline",
    "synonyms" : [ "Céline Zuber", "Céline Roy" ]
  }, {
    "canonicalName" : "Zweifel Yvan",
    "synonyms" : [ "Yvan Zweifel" ]
  }, {
    "canonicalName" : "Aellen Cyril",
    "synonyms" : [ "Cyril Aellen" ]
  }, {
    "canonicalName" : "Alder Murat Julian",
    "synonyms" : [ "Murat Julian Alder" ]
  }, {
    "canonicalName" : "Barbey Alexis",
    "synonyms" : [ "Alexis Barbey" ]
  }, {
    "canonicalName" : "Barde Antoine",
    "synonyms" : [ "Antoine Barde" ]
  }, {
    "canonicalName" : "Béné Jacques",
    "synonyms" : [ "Jacques Béné" ]
  }, {
    "canonicalName" : "De Candolle Beatriz",
    "synonyms" : [ "Beatriz De Candolle" ]
  }, {
    "canonicalName" : "Conne Pierre",
    "synonyms" : [ "Pierre Conne" ]
  }, {
    "canonicalName" : "Cuendet Edouard",
    "synonyms" : [ "Edouard Cuendet" ]
  }, {
    "canonicalName" : "Hardyn Nathalie",
    "synonyms" : [ "Nathalie Hardyn" ]
  }, {
    "canonicalName" : "Hiltpold Serge",
    "synonyms" : [ "Serge Hiltpold" ]
  }, {
    "canonicalName" : "Malek-Asghar Patrick",
    "synonyms" : [ "Patrick Malek-Asghar" ]
  }, {
    "canonicalName" : "Monbaron Fabienne",
    "synonyms" : [ "Fabienne Monbaron", "Fabienne Monbaron-Stress" ]
  }, {
    "canonicalName" : "Morand Louise",
    "synonyms" : [ "Louise Morand" ]
  }, {
    "canonicalName" : "Nicollier Pierre",
    "synonyms" : [ "Pierre Nicollier" ]
  }, {
    "canonicalName" : "Oppliger Danielle",
    "synonyms" : [ "Danielle Oppliger" ]
  }, {
    "canonicalName" : "Orsini Antoine",
    "synonyms" : [ "Antoine Orsini" ]
  }, {
    "canonicalName" : "Pasquier Jean-Pierre",
    "synonyms" : [ "Jean-Pierre Pasquier" ]
  }, {
    "canonicalName" : "Patek Serge",
    "synonyms" : [ "Serge Patek" ]
  }, {
    "canonicalName" : "De Planta Francine",
    "synonyms" : [ "Francine De Planta" ]
  }, {
    "canonicalName" : "Rana Zolana Ginior",
    "synonyms" : [ "Ginior Rana Zolana" ]
  }, {
    "canonicalName" : "Rigotti Maria",
    "synonyms" : [ "Maria Rigotti", "Helena Rigotti" ]
  }, {
    "canonicalName" : "Roullet Michèle",
    "synonyms" : [ "Michèle Roullet" ]
  }, {
    "canonicalName" : "Schaller Vincent",
    "synonyms" : [ "Vincent Schaller" ]
  }, {
    "canonicalName" : "Schneebeli Roland-Daniel",
    "synonyms" : [ "Roland-Daniel Schneebeli" ]
  }, {
    "canonicalName" : "Senglet Christophe",
    "synonyms" : [ "Christophe Senglet" ]
  }, {
    "canonicalName" : "Serrano Philippe",
    "synonyms" : [ "Philippe Serrano" ]
  }, {
    "canonicalName" : "Sommer Monika",
    "synonyms" : [ "Monika Sommer" ]
  }, {
    "canonicalName" : "Steiner Matthieu",
    "synonyms" : [ "Matthieu Steiner" ]
  }, {
    "canonicalName" : "Subilia Vincent",
    "synonyms" : [ "Vincent Subilia" ]
  }, {
    "canonicalName" : "Taboada Francisco",
    "synonyms" : [ "Francisco Taboada" ]
  }, {
    "canonicalName" : "Tschopp Laurent",
    "synonyms" : [ "Laurent Tschopp" ]
  }, {
    "canonicalName" : "Wavre Rolin",
    "synonyms" : [ "Rolin Wavre" ]
  }, {
    "canonicalName" : "Wicki Guy",
    "synonyms" : [ "Guy Wicki" ]
  }, {
    "canonicalName" : "Wolfisberg François",
    "synonyms" : [ "François Wolfisberg" ]
  }, {
    "canonicalName" : "Agramunt Gian-Reto",
    "synonyms" : [ "Gian-Reto Agramunt" ]
  }, {
    "canonicalName" : "Apothéloz Jacques",
    "synonyms" : [ "Jacques Apothéloz" ]
  }, {
    "canonicalName" : "Aubert Nicolas",
    "synonyms" : [ "Nicolas Aubert" ]
  }, {
    "canonicalName" : "Barbier-Mueller Diane",
    "synonyms" : [ "Diane Barbier-Mueller" ]
  }, {
    "canonicalName" : "Bellingeri Stefano Vito",
    "synonyms" : [ "Stefano Vito Bellingeri" ]
  }, {
    "canonicalName" : "Bersier Julie",
    "synonyms" : [ "Julie Bersier" ]
  }, {
    "canonicalName" : "Blanch Richard-Pascal",
    "synonyms" : [ "Richard-Pascal Blanch", "Pascal Blanch" ]
  }, {
    "canonicalName" : "Böhler Frances",
    "synonyms" : [ "Frances Böhler", "Frances Böhler-GoodshipElizabeth BöhlerElizabeth Böhler-Goodship" ]
  }, {
    "canonicalName" : "Bouvier Christine",
    "synonyms" : [ "Christine Bouvier" ]
  }, {
    "canonicalName" : "Brandt Simon",
    "synonyms" : [ "Simon Brandt" ]
  }, {
    "canonicalName" : "Bron Gilles-Olivier",
    "synonyms" : [ "Gilles-Olivier Bron" ]
  }, {
    "canonicalName" : "Brunel Mayori",
    "synonyms" : [ "Mayori Brunel" ]
  }, {
    "canonicalName" : "Burri Rémy",
    "synonyms" : [ "Rémy Burri" ]
  }, {
    "canonicalName" : "Cornu Renate",
    "synonyms" : [ "Renate Cornu" ]
  }, {
    "canonicalName" : "Creffield Conrad",
    "synonyms" : [ "Conrad Creffield" ]
  }, {
    "canonicalName" : "Daher Vincent",
    "synonyms" : [ "Vincent Daher" ]
  }, {
    "canonicalName" : "Dérobert Thierry",
    "synonyms" : [ "Thierry Dérobert" ]
  }, {
    "canonicalName" : "Desfayes Natacha",
    "synonyms" : [ "Natacha Desfayes", "Natacha Buffet-Desfayes" ]
  }, {
    "canonicalName" : "Douzals Jacques",
    "synonyms" : [ "Jacques Douzals" ]
  }, {
    "canonicalName" : "Fiss Joëlle",
    "synonyms" : [ "Joëlle Fiss" ]
  }, {
    "canonicalName" : "Genecand Adrien",
    "synonyms" : [ "Adrien Genecand" ]
  }, {
    "canonicalName" : "Giacobino Donata",
    "synonyms" : [ "Donata Giacobino", "Donata Giacobino-FroidevauxNadia GiacobinoNadia Giacobino-Froidevaux" ]
  }, {
    "canonicalName" : "Grand Eric",
    "synonyms" : [ "Eric Grand" ]
  }, {
    "canonicalName" : "Grognuz Fabien",
    "synonyms" : [ "Fabien Grognuz" ]
  }, {
    "canonicalName" : "Jay Sylvie",
    "synonyms" : [ "Sylvie Jay" ]
  }, {
    "canonicalName" : "Jud Philippe",
    "synonyms" : [ "Philippe Jud" ]
  }, {
    "canonicalName" : "Kämpfen Véronique",
    "synonyms" : [ "Véronique Kämpfen" ]
  }, {
    "canonicalName" : "Lämmel Valérie",
    "synonyms" : [ "Valérie Lämmel", "Valérie Laemmel-Juillard" ]
  }, {
    "canonicalName" : "Leiser Jean-Marc",
    "synonyms" : [ "Jean-Marc Leiser" ]
  }, {
    "canonicalName" : "Locher Jean",
    "synonyms" : [ "Jean Locher" ]
  }, {
    "canonicalName" : "Luzzatto Christine",
    "synonyms" : [ "Christine Luzzatto" ]
  }, {
    "canonicalName" : "Messerli Marie-Claire",
    "synonyms" : [ "Marie-Claire Messerli" ]
  }, {
    "canonicalName" : "Meyer Philippe",
    "synonyms" : [ "Philippe Meyer" ]
  }, {
    "canonicalName" : "Barthassat Luc",
    "synonyms" : [ "Luc Barthassat" ]
  }, {
    "canonicalName" : "Dal Busco Serge",
    "synonyms" : [ "Serge Dal Busco" ]
  }, {
    "canonicalName" : "Buchs Bertrand",
    "synonyms" : [ "Bertrand Buchs" ]
  }, {
    "canonicalName" : "Aebi Benjamin",
    "synonyms" : [ "Benjamin Aebi" ]
  }, {
    "canonicalName" : "Angelozzi Philippe",
    "synonyms" : [ "Philippe Angelozzi" ]
  }, {
    "canonicalName" : "Von Arx-Vernon Anne-Marie",
    "synonyms" : [ "Anne-Marie Von Arx-Vernon" ]
  }, {
    "canonicalName" : "Bachmann Delphine",
    "synonyms" : [ "Delphine Bachmann" ]
  }, {
    "canonicalName" : "Bidaux Patricia",
    "synonyms" : [ "Patricia Bidaux", "Patricia Bidaux-Rodriguez" ]
  }, {
    "canonicalName" : "Blondin Jacques",
    "synonyms" : [ "Jacques Blondin" ]
  }, {
    "canonicalName" : "Bocquet Claude",
    "synonyms" : [ "Claude Bocquet" ]
  }, {
    "canonicalName" : "Bourbala Djamel",
    "synonyms" : [ "Djamel Bourbala" ]
  }, {
    "canonicalName" : "Bouvier Jérémy",
    "synonyms" : [ "Jérémy Bouvier" ]
  }, {
    "canonicalName" : "Bugnion Jean-Michel",
    "synonyms" : [ "Jean-Michel Bugnion" ]
  }, {
    "canonicalName" : "Casutt Martine",
    "synonyms" : [ "Martine Casutt" ]
  }, {
    "canonicalName" : "Cerutti Olivier",
    "synonyms" : [ "Olivier Cerutti" ]
  }, {
    "canonicalName" : "Chaker Mangeat Alia",
    "synonyms" : [ "Alia Chaker Mangeat" ]
  }, {
    "canonicalName" : "Chevalier Alexandre",
    "synonyms" : [ "Alexandre Chevalier" ]
  }, {
    "canonicalName" : "Decrey Christophe",
    "synonyms" : [ "Christophe Decrey" ]
  }, {
    "canonicalName" : "Deluermoz Cosima",
    "synonyms" : [ "Cosima Deluermoz" ]
  }, {
    "canonicalName" : "Desfayes Sébastien",
    "synonyms" : [ "Sébastien Desfayes" ]
  }, {
    "canonicalName" : "Dulex Christophe",
    "synonyms" : [ "Christophe Dulex" ]
  }, {
    "canonicalName" : "Dupont Thérèse",
    "synonyms" : [ "Thérèse Dupont" ]
  }, {
    "canonicalName" : "Engelberts Marie-Thérèse",
    "synonyms" : [ "Marie-Thérèse Engelberts", "Marie-Thérèse Engelberts-Leone" ]
  }, {
    "canonicalName" : "Fischer Daniel",
    "synonyms" : [ "Daniel Fischer" ]
  }, {
    "canonicalName" : "Forni Jean-Luc",
    "synonyms" : [ "Jean-Luc Forni" ]
  }, {
    "canonicalName" : "Fournier Nicolas",
    "synonyms" : [ "Nicolas Fournier" ]
  }, {
    "canonicalName" : "Frischknecht Catherine",
    "synonyms" : [ "Catherine Frischknecht" ]
  }, {
    "canonicalName" : "Gache Hélène",
    "synonyms" : [ "Hélène Gache" ]
  }, {
    "canonicalName" : "Gashi Sami",
    "synonyms" : [ "Sami Gashi" ]
  }, {
    "canonicalName" : "Giannasi Anthony",
    "synonyms" : [ "Anthony Giannasi" ]
  }, {
    "canonicalName" : "Giannelli Mark",
    "synonyms" : [ "Mark Giannelli" ]
  }, {
    "canonicalName" : "Gioria Gaëlle",
    "synonyms" : [ "Gaëlle Gioria" ]
  }, {
    "canonicalName" : "Guinchard Jean-Marc",
    "synonyms" : [ "Jean-Marc Guinchard" ]
  }, {
    "canonicalName" : "De Kalbermatten Alain",
    "synonyms" : [ "Alain De Kalbermatten" ]
  }, {
    "canonicalName" : "Khattabi Hassar Houda",
    "synonyms" : [ "Houda Khattabi Hassar" ]
  }, {
    "canonicalName" : "Kunz Laurence",
    "synonyms" : [ "Laurence Kunz" ]
  }, {
    "canonicalName" : "Lance François",
    "synonyms" : [ "François Lance" ]
  }, {
    "canonicalName" : "Lathion Jean Charles",
    "synonyms" : [ "Jean Charles Lathion" ]
  }, {
    "canonicalName" : "Lehner Laurent",
    "synonyms" : [ "Laurent Lehner" ]
  }, {
    "canonicalName" : "Lupo Paolo",
    "synonyms" : [ "Paolo Lupo" ]
  }, {
    "canonicalName" : "Magnin Xavier",
    "synonyms" : [ "Xavier Magnin" ]
  }, {
    "canonicalName" : "Magnin Yves",
    "synonyms" : [ "Yves Magnin" ]
  }, {
    "canonicalName" : "Maitre Vincent",
    "synonyms" : [ "Vincent Maitre" ]
  }, {
    "canonicalName" : "Makki Michela",
    "synonyms" : [ "Michela Makki", "Michèle Makki" ]
  }, {
    "canonicalName" : "Meissner Reyfer Christine",
    "synonyms" : [ "Christine Meissner Reyfer", "Christina Meissner Reyfer" ]
  }, {
    "canonicalName" : "Merle Emmanuelle",
    "synonyms" : [ "Emmanuelle Merle" ]
  }, {
    "canonicalName" : "Mettan Guy",
    "synonyms" : [ "Guy Mettan" ]
  }, {
    "canonicalName" : "Meyer De Stadelhofen Philippe",
    "synonyms" : [ "Philippe Meyer De Stadelhofen" ]
  }, {
    "canonicalName" : "Mondoux Alexandre",
    "synonyms" : [ "Alexandre Mondoux" ]
  }, {
    "canonicalName" : "Moroni Catherine",
    "synonyms" : [ "Catherine Moroni" ]
  }, {
    "canonicalName" : "Neuder Isabelle",
    "synonyms" : [ "Isabelle Neuder" ]
  }, {
    "canonicalName" : "Ouedraogo Moustapha",
    "synonyms" : [ "Moustapha Ouedraogo" ]
  }, {
    "canonicalName" : "Perret Vincent",
    "synonyms" : [ "Vincent Perret" ]
  }, {
    "canonicalName" : "Pfeiffer Alex",
    "synonyms" : [ "Alex Pfeiffer" ]
  }, {
    "canonicalName" : "Progin Christian",
    "synonyms" : [ "Christian Progin" ]
  }, {
    "canonicalName" : "Putallaz Thomas",
    "synonyms" : [ "Thomas Putallaz" ]
  }, {
    "canonicalName" : "Rasolo Daniel",
    "synonyms" : [ "Daniel Rasolo" ]
  }, {
    "canonicalName" : "Ruchet Philippe",
    "synonyms" : [ "Philippe Ruchet" ]
  }, {
    "canonicalName" : "Rys Alexandra",
    "synonyms" : [ "Alexandra Rys" ]
  }, {
    "canonicalName" : "Saudan Guy",
    "synonyms" : [ "Guy Saudan" ]
  }, {
    "canonicalName" : "Sayegh Souheil",
    "synonyms" : [ "Souheil Sayegh" ]
  }, {
    "canonicalName" : "Scandurra Alessandro",
    "synonyms" : [ "Alessandro Scandurra" ]
  }, {
    "canonicalName" : "Schmied Patrick",
    "synonyms" : [ "Patrick Schmied" ]
  }, {
    "canonicalName" : "Schrag Sylvianne",
    "synonyms" : [ "Sylvianne Schrag" ]
  }, {
    "canonicalName" : "Simoes Jose",
    "synonyms" : [ "Jose Simoes" ]
  }, {
    "canonicalName" : "Sopi Dardan",
    "synonyms" : [ "Dardan Sopi" ]
  }, {
    "canonicalName" : "Squillaci Nicola",
    "synonyms" : [ "Nicola Squillaci" ]
  }, {
    "canonicalName" : "Steinberg Candrian Melinda",
    "synonyms" : [ "Melinda Steinberg Candrian" ]
  }, {
    "canonicalName" : "Tomassi Christine",
    "synonyms" : [ "Christine Tomassi" ]
  }, {
    "canonicalName" : "Tremblet Laurent",
    "synonyms" : [ "Laurent Tremblet" ]
  }, {
    "canonicalName" : "Uong Dinh Manh",
    "synonyms" : [ "Dinh Manh Uong" ]
  }, {
    "canonicalName" : "Völki Robert",
    "synonyms" : [ "Robert Völki" ]
  }, {
    "canonicalName" : "Vuarnoz Emanuela",
    "synonyms" : [ "Emanuela Vuarnoz", "Emanuelle Vuarnoz" ]
  }, {
    "canonicalName" : "Wehrli Patrick",
    "synonyms" : [ "Patrick Wehrli" ]
  }, {
    "canonicalName" : "Zimmermann Luc",
    "synonyms" : [ "Luc Zimmermann" ]
  }, {
    "canonicalName" : "Zimmermann Bertrand",
    "synonyms" : [ "Bertrand Zimmermann" ]
  }, {
    "canonicalName" : "Nidegger Yves",
    "synonyms" : [ "Yves Nidegger" ]
  }, {
    "canonicalName" : "Bläsi Thomas",
    "synonyms" : [ "Thomas Bläsi" ]
  }, {
    "canonicalName" : "Florey Stéphane",
    "synonyms" : [ "Stéphane Florey" ]
  }, {
    "canonicalName" : "Leyvraz Eric",
    "synonyms" : [ "Eric Leyvraz" ]
  }, {
    "canonicalName" : "Fuhrmann Marc",
    "synonyms" : [ "Marc Fuhrmann" ]
  }, {
    "canonicalName" : "Lussi Patrick",
    "synonyms" : [ "Patrick Lussi" ]
  }, {
    "canonicalName" : "Ivanov Christo",
    "synonyms" : [ "Christo Ivanov" ]
  }, {
    "canonicalName" : "Falquet Marc",
    "synonyms" : [ "Marc Falquet" ]
  }, {
    "canonicalName" : "Maendly Norbert",
    "synonyms" : [ "Norbert Maendly" ]
  }, {
    "canonicalName" : "Pfeffer André",
    "synonyms" : [ "André Pfeffer" ]
  }, {
    "canonicalName" : "Catelain Gilbert",
    "synonyms" : [ "Gilbert Catelain" ]
  }, {
    "canonicalName" : "Hulliger Patrick",
    "synonyms" : [ "Patrick Hulliger" ]
  }, {
    "canonicalName" : "Michaud Eliane",
    "synonyms" : [ "Eliane Michaud", "Eliane Ansermet" ]
  }, {
    "canonicalName" : "Scherb Peter",
    "synonyms" : [ "Peter Scherb", "Pierre Scherb" ]
  }, {
    "canonicalName" : "Stark Riccardo",
    "synonyms" : [ "Riccardo Stark", "Richard Stark" ]
  }, {
    "canonicalName" : "Guinchard Damien",
    "synonyms" : [ "Damien Guinchard" ]
  }, {
    "canonicalName" : "Bisol Walter",
    "synonyms" : [ "Walter Bisol" ]
  }, {
    "canonicalName" : "Masé Zora",
    "synonyms" : [ "Zora Masé" ]
  }, {
    "canonicalName" : "Velen François",
    "synonyms" : [ "François Velen" ]
  }, {
    "canonicalName" : "Knörr Stephen",
    "synonyms" : [ "Stephen Knörr" ]
  }, {
    "canonicalName" : "Rubeli Pascal",
    "synonyms" : [ "Pascal Rubeli" ]
  }, {
    "canonicalName" : "Lyon Didier",
    "synonyms" : [ "Didier Lyon" ]
  }, {
    "canonicalName" : "Perrenoud Philippe",
    "synonyms" : [ "Philippe Perrenoud" ]
  }, {
    "canonicalName" : "Dutruit André",
    "synonyms" : [ "André Dutruit" ]
  }, {
    "canonicalName" : "Altenbach Pascal",
    "synonyms" : [ "Pascal Altenbach" ]
  }, {
    "canonicalName" : "Queffélec Philippe",
    "synonyms" : [ "Philippe Queffélec" ]
  }, {
    "canonicalName" : "Laporte Claude",
    "synonyms" : [ "Claude Laporte" ]
  }, {
    "canonicalName" : "Conti Virna",
    "synonyms" : [ "Virna Conti" ]
  }, {
    "canonicalName" : "Parel Loïc",
    "synonyms" : [ "Loïc Parel" ]
  }, {
    "canonicalName" : "Heddi Leila",
    "synonyms" : [ "Leila Heddi" ]
  }, {
    "canonicalName" : "Gomes De Almeida José",
    "synonyms" : [ "José Gomes De Almeida", "Manuel Gomes De Almeida" ]
  }, {
    "canonicalName" : "Bertinat Marie-Agnès",
    "synonyms" : [ "Marie-Agnès Bertinat" ]
  }, {
    "canonicalName" : "Mounla Alexandre",
    "synonyms" : [ "Alexandre Mounla" ]
  }, {
    "canonicalName" : "Dournow David",
    "synonyms" : [ "David Dournow" ]
  }, {
    "canonicalName" : "Chaussivert Patrice",
    "synonyms" : [ "Patrice Chaussivert" ]
  }, {
    "canonicalName" : "Knoll Tatiana",
    "synonyms" : [ "Tatiana Knoll" ]
  }, {
    "canonicalName" : "Rime Alexandre",
    "synonyms" : [ "Alexandre Rime" ]
  }, {
    "canonicalName" : "Desyatkina Dzodziev Viktoriya",
    "synonyms" : [ "Viktoriya Desyatkina Dzodziev" ]
  }, {
    "canonicalName" : "Thomas Sébastien",
    "synonyms" : [ "Sébastien Thomas" ]
  }, {
    "canonicalName" : "Romanens Mathieu",
    "synonyms" : [ "Mathieu Romanens" ]
  }, {
    "canonicalName" : "Schweizer Adriana",
    "synonyms" : [ "Adriana Schweizer" ]
  }, {
    "canonicalName" : "Khachatryan Gohar",
    "synonyms" : [ "Gohar Khachatryan" ]
  }, {
    "canonicalName" : "Prando Stéphane",
    "synonyms" : [ "Stéphane Prando" ]
  }, {
    "canonicalName" : "Borer Maria Da Conceicao",
    "synonyms" : [ "Maria Da Conceicao Borer" ]
  }, {
    "canonicalName" : "Akaba El Mostafa",
    "synonyms" : [ "El Mostafa Akaba" ]
  }, {
    "canonicalName" : "Léguillon Angèle",
    "synonyms" : [ "Angèle Léguillon" ]
  }, {
    "canonicalName" : "Bontoux Caroline",
    "synonyms" : [ "Caroline Bontoux" ]
  }, {
    "canonicalName" : "Honegger Heller Manuela",
    "synonyms" : [ "Manuela Honegger Heller" ]
  }, {
    "canonicalName" : "Ocharan Robles Rapaz Eva",
    "synonyms" : [ "Eva Ocharan Robles Rapaz", "Eva Ocharan Robles" ]
  }, {
    "canonicalName" : "Da Cruz Pedro Anna",
    "synonyms" : [ "Anna Da Cruz Pedro", "Anna Da Cruz Perret-Gentil" ]
  }, {
    "canonicalName" : "Borcard Anne",
    "synonyms" : [ "Anne Borcard" ]
  }, {
    "canonicalName" : "Müller Fabienne",
    "synonyms" : [ "Fabienne Müller", "Fabienne Abramovich" ]
  }, {
    "canonicalName" : "Yol Diana",
    "synonyms" : [ "Diana Yol" ]
  }, {
    "canonicalName" : "Randegger Alice",
    "synonyms" : [ "Alice Randegger" ]
  }, {
    "canonicalName" : "Depraetere Graciela",
    "synonyms" : [ "Graciela Depraetere", "Graciela Depraetere-Manulis" ]
  }, {
    "canonicalName" : "Ozdemir Elcim",
    "synonyms" : [ "Elcim Ozdemir", "Elcim ÖzdemirElçim OzdemirElçim Özdemir" ]
  }, {
    "canonicalName" : "Ricciardi Werlen Jacqueline",
    "synonyms" : [ "Jacqueline Ricciardi Werlen" ]
  }, {
    "canonicalName" : "Rossier Fahrion Cerise",
    "synonyms" : [ "Cerise Rossier Fahrion" ]
  }, {
    "canonicalName" : "Boselli Gauthey Monica",
    "synonyms" : [ "Monica Boselli Gauthey" ]
  }, {
    "canonicalName" : "Lavrador Dias Claudia",
    "synonyms" : [ "Claudia Lavrador Dias", "Claudia Dias" ]
  }, {
    "canonicalName" : "Jauch Caroline",
    "synonyms" : [ "Caroline Jauch" ]
  }, {
    "canonicalName" : "Grange Marie-Florence",
    "synonyms" : [ "Marie-Florence Grange" ]
  }, {
    "canonicalName" : "Mazzoni Nikita",
    "synonyms" : [ "Nikita Mazzoni" ]
  }, {
    "canonicalName" : "Langer Valérie",
    "synonyms" : [ "Valérie Langer" ]
  }, {
    "canonicalName" : "Mayoral Edo Corinne",
    "synonyms" : [ "Corinne Mayoral Edo", "Corinne Mayoral" ]
  }, {
    "canonicalName" : "Thomias Leduc Diana",
    "synonyms" : [ "Diana Thomias Leduc" ]
  }, {
    "canonicalName" : "Orsini Magali",
    "synonyms" : [ "Magali Orsini" ]
  }, {
    "canonicalName" : "Gauthier Pierre",
    "synonyms" : [ "Pierre Gauthier" ]
  }, {
    "canonicalName" : "Armand Catherine",
    "synonyms" : [ "Catherine Armand" ]
  }, {
    "canonicalName" : "Guex Stéphane",
    "synonyms" : [ "Stéphane Guex", "dit Guex-Pierre Guex" ]
  }, {
    "canonicalName" : "Humberset Corinne",
    "synonyms" : [ "Corinne Humberset" ]
  }, {
    "canonicalName" : "Ruckterstuhl Jean-Claude",
    "synonyms" : [ "Jean-Claude Ruckterstuhl" ]
  }, {
    "canonicalName" : "Longo Katrin",
    "synonyms" : [ "Katrin Longo" ]
  }, {
    "canonicalName" : "Girod Nicolas",
    "synonyms" : [ "Nicolas Girod" ]
  }, {
    "canonicalName" : "Küderli Berkane Nicole",
    "synonyms" : [ "Nicole Küderli Berkane" ]
  }, {
    "canonicalName" : "Flaks Joël",
    "synonyms" : [ "Joël Flaks" ]
  }, {
    "canonicalName" : "Perrin Brigitte",
    "synonyms" : [ "Brigitte Perrin" ]
  }, {
    "canonicalName" : "Goudal Renaud",
    "synonyms" : [ "Renaud Goudal" ]
  }, {
    "canonicalName" : "Meynet Danielle",
    "synonyms" : [ "Danielle Meynet" ]
  }, {
    "canonicalName" : "Meynet Leon",
    "synonyms" : [ "Leon Meynet" ]
  }, {
    "canonicalName" : "Turnowsky Serge",
    "synonyms" : [ "Serge Turnowsky" ]
  }, {
    "canonicalName" : "Zimmermann Olivier",
    "synonyms" : [ "Olivier Zimmermann" ]
  }, {
    "canonicalName" : "Chatelain Dimitri",
    "synonyms" : [ "Dimitri Chatelain" ]
  }, {
    "canonicalName" : "Stauffer Eric",
    "synonyms" : [ "Eric Stauffer" ]
  }, {
    "canonicalName" : "Zacharias Ronald",
    "synonyms" : [ "Ronald Zacharias" ]
  }, {
    "canonicalName" : "Saraiva Medeiros Carlos",
    "synonyms" : [ "Carlos Saraiva Medeiros" ]
  }, {
    "canonicalName" : "Spühler Pascal",
    "synonyms" : [ "Pascal Spühler" ]
  }, {
    "canonicalName" : "Gaetanino Marco",
    "synonyms" : [ "Marco Gaetanino" ]
  }, {
    "canonicalName" : "Le Jeune Giacobbi Cristina",
    "synonyms" : [ "Cristina Le Jeune Giacobbi" ]
  }, {
    "canonicalName" : "Walther Thierry",
    "synonyms" : [ "Thierry Walther" ]
  }, {
    "canonicalName" : "Hüssy Coppex Viviana Ximena Anghela",
    "synonyms" : [ "Viviana Ximena Anghela Hüssy Coppex" ]
  }, {
    "canonicalName" : "Loeillet-Rouzier Anne",
    "synonyms" : [ "Anne Loeillet-Rouzier", "Marie Loeillet-Rouzier" ]
  }, {
    "canonicalName" : "Fusco Gerardo",
    "synonyms" : [ "Gerardo Fusco" ]
  }, {
    "canonicalName" : "Gamberoni Dominique",
    "synonyms" : [ "Dominique Gamberoni" ]
  }, {
    "canonicalName" : "Nobs Cyril",
    "synonyms" : [ "Cyril Nobs" ]
  }, {
    "canonicalName" : "Noël Daniel",
    "synonyms" : [ "Daniel Noël" ]
  }, {
    "canonicalName" : "Santi Michel",
    "synonyms" : [ "Michel Santi" ]
  }, {
    "canonicalName" : "Picot Jérôme",
    "synonyms" : [ "Jérôme Picot" ]
  }, {
    "canonicalName" : "Ruchonnet Jean-François",
    "synonyms" : [ "Jean-François Ruchonnet" ]
  }, {
    "canonicalName" : "Galetto Frédéric",
    "synonyms" : [ "Frédéric Galetto" ]
  }, {
    "canonicalName" : "Beck Victoria",
    "synonyms" : [ "Victoria Beck" ]
  }, {
    "canonicalName" : "Antoine Jean-Marc",
    "synonyms" : [ "Jean-Marc Antoine" ]
  }, {
    "canonicalName" : "Rime Fatma",
    "synonyms" : [ "Fatma Rime", "Fatima Rime" ]
  }, {
    "canonicalName" : "L'Huillier Eric",
    "synonyms" : [ "Eric L'Huillier" ]
  }, {
    "canonicalName" : "Paraná Júnior Valério",
    "synonyms" : [ "Valério Paraná Júnior" ]
  }, {
    "canonicalName" : "Lota Raphaëlle",
    "synonyms" : [ "Raphaëlle Lota" ]
  }, {
    "canonicalName" : "Thomsen Elena",
    "synonyms" : [ "Elena Thomsen", "Elena Milakova" ]
  }, {
    "canonicalName" : "Ballesteros Stefan",
    "synonyms" : [ "Stefan Ballesteros" ]
  }, {
    "canonicalName" : "Fabre Jean",
    "synonyms" : [ "Jean Fabre" ]
  }, {
    "canonicalName" : "Nguyen Van Minh",
    "synonyms" : [ "Van Minh Nguyen" ]
  }, {
    "canonicalName" : "Martel Frédéric",
    "synonyms" : [ "Frédéric Martel" ]
  }, {
    "canonicalName" : "Frey Priscilla",
    "synonyms" : [ "Priscilla Frey" ]
  }, {
    "canonicalName" : "Brkic Vitomir",
    "synonyms" : [ "Vitomir Brkic" ]
  }, {
    "canonicalName" : "Levy Yossef",
    "synonyms" : [ "Yossef Levy", "Hai Levy" ]
  }, {
    "canonicalName" : "Bissoli Marion",
    "synonyms" : [ "Marion Bissoli", "Marion Le Bacquer" ]
  }, {
    "canonicalName" : "Cohen Olivier",
    "synonyms" : [ "Olivier Cohen" ]
  }, {
    "canonicalName" : "Bruguier Michel",
    "synonyms" : [ "Michel Bruguier" ]
  }, {
    "canonicalName" : "Solteiro Jorge",
    "synonyms" : [ "Jorge Solteiro" ]
  }, {
    "canonicalName" : "Halimi Arsim",
    "synonyms" : [ "Arsim Halimi" ]
  }, {
    "canonicalName" : "Berlemont Alain",
    "synonyms" : [ "Alain Berlemont" ]
  }, {
    "canonicalName" : "Gargantini Yves",
    "synonyms" : [ "Yves Gargantini" ]
  }, {
    "canonicalName" : "Maigre Maria Inès",
    "synonyms" : [ "Maria Inès Maigre" ]
  }, {
    "canonicalName" : "Farinha Horacio",
    "synonyms" : [ "Horacio Farinha" ]
  }, {
    "canonicalName" : "Vidonne Thierry",
    "synonyms" : [ "Thierry Vidonne" ]
  }, {
    "canonicalName" : "Leitner André",
    "synonyms" : [ "André Leitner" ]
  }, {
    "canonicalName" : "Delacquis Cédric",
    "synonyms" : [ "Cédric Delacquis" ]
  }, {
    "canonicalName" : "Zagato Sophie",
    "synonyms" : [ "Sophie Zagato" ]
  }, {
    "canonicalName" : "Vidonne Valérie",
    "synonyms" : [ "Valérie Vidonne" ]
  }, {
    "canonicalName" : "Ferrand Guy",
    "synonyms" : [ "Guy Ferrand" ]
  }, {
    "canonicalName" : "Kunzi Nicolas",
    "synonyms" : [ "Nicolas Kunzi" ]
  }, {
    "canonicalName" : "Kugel Mark",
    "synonyms" : [ "Mark Kugel" ]
  }, {
    "canonicalName" : "Thurnherr Laurent",
    "synonyms" : [ "Laurent Thurnherr" ]
  }, {
    "canonicalName" : "Vidonne David",
    "synonyms" : [ "David Vidonne" ]
  }, {
    "canonicalName" : "Beureux Silvain",
    "synonyms" : [ "Silvain Beureux" ]
  }, {
    "canonicalName" : "Kunzi Philippe",
    "synonyms" : [ "Philippe Kunzi" ]
  }, {
    "canonicalName" : "Fader Annette",
    "synonyms" : [ "Annette Fader", "Yasuka Fader" ]
  }, {
    "canonicalName" : "Thurnherr Sylvain",
    "synonyms" : [ "Sylvain Thurnherr" ]
  }, {
    "canonicalName" : "Beureux Johan",
    "synonyms" : [ "Johan Beureux" ]
  }, {
    "canonicalName" : "Poggia Mauro",
    "synonyms" : [ "Mauro Poggia" ]
  }, {
    "canonicalName" : "Golay Roger",
    "synonyms" : [ "Roger Golay" ]
  }, {
    "canonicalName" : "Roch Ana Belen",
    "synonyms" : [ "Ana Belen Roch" ]
  }, {
    "canonicalName" : "Sormanni Daniel",
    "synonyms" : [ "Daniel Sormanni" ]
  }, {
    "canonicalName" : "Cerutti Thierry",
    "synonyms" : [ "Thierry Cerutti" ]
  }, {
    "canonicalName" : "Voumard Jean Marie",
    "synonyms" : [ "Jean Marie Voumard" ]
  }, {
    "canonicalName" : "Le Joncour-Brülhart Céline",
    "synonyms" : [ "Céline Le Joncour-Brülhart" ]
  }, {
    "canonicalName" : "Bärtschi François",
    "synonyms" : [ "François Bärtschi" ]
  }, {
    "canonicalName" : "Pistis Sandro",
    "synonyms" : [ "Sandro Pistis" ]
  }, {
    "canonicalName" : "Derouette Jean-Paul",
    "synonyms" : [ "Jean-Paul Derouette" ]
  }, {
    "canonicalName" : "Magnin Danièle",
    "synonyms" : [ "Danièle Magnin" ]
  }, {
    "canonicalName" : "Valentin Francisco",
    "synonyms" : [ "Francisco Valentin" ]
  }, {
    "canonicalName" : "Sapin Françoise",
    "synonyms" : [ "Françoise Sapin" ]
  }, {
    "canonicalName" : "Flury Christian",
    "synonyms" : [ "Christian Flury" ]
  }, {
    "canonicalName" : "Golay Sandra",
    "synonyms" : [ "Sandra Golay" ]
  }, {
    "canonicalName" : "Python André",
    "synonyms" : [ "André Python" ]
  }, {
    "canonicalName" : "Rappaz Henry",
    "synonyms" : [ "Henry Rappaz" ]
  }, {
    "canonicalName" : "Gander Florian",
    "synonyms" : [ "Florian Gander" ]
  }, {
    "canonicalName" : "Decorvet Christian",
    "synonyms" : [ "Christian Decorvet" ]
  }, {
    "canonicalName" : "Sonderegger Gabriela",
    "synonyms" : [ "Gabriela Sonderegger" ]
  }, {
    "canonicalName" : "Dimier Patrick",
    "synonyms" : [ "Patrick Dimier" ]
  }, {
    "canonicalName" : "Fontaine-Vive-Curtaz Jean",
    "synonyms" : [ "Jean Fontaine-Vive-Curtaz" ]
  }, {
    "canonicalName" : "Saas Alexandra",
    "synonyms" : [ "Alexandra Saas" ]
  }, {
    "canonicalName" : "Zogg Thomas",
    "synonyms" : [ "Thomas Zogg" ]
  }, {
    "canonicalName" : "Pascarella Louise",
    "synonyms" : [ "Louise Pascarella" ]
  }, {
    "canonicalName" : "Fekkak Hatem",
    "synonyms" : [ "Hatem Fekkak" ]
  }, {
    "canonicalName" : "Angelo Antonio",
    "synonyms" : [ "Antonio Angelo" ]
  }, {
    "canonicalName" : "Cattin Jean-Pascal",
    "synonyms" : [ "Jean-Pascal Cattin" ]
  }, {
    "canonicalName" : "Baryeka Jarek",
    "synonyms" : [ "Jarek Baryeka" ]
  }, {
    "canonicalName" : "Reichenbach Kevin",
    "synonyms" : [ "Kevin Reichenbach" ]
  }, {
    "canonicalName" : "Chapou Frédéric",
    "synonyms" : [ "Frédéric Chapou" ]
  }, {
    "canonicalName" : "Madani Amar",
    "synonyms" : [ "Amar Madani" ]
  }, {
    "canonicalName" : "Leisi Laurent",
    "synonyms" : [ "Laurent Leisi" ]
  }, {
    "canonicalName" : "Oudin Rémy",
    "synonyms" : [ "Rémy Oudin" ]
  }, {
    "canonicalName" : "Villette Jean",
    "synonyms" : [ "Jean Villette" ]
  }, {
    "canonicalName" : "Ambrosio François",
    "synonyms" : [ "François Ambrosio" ]
  }, {
    "canonicalName" : "Teixeira Albano",
    "synonyms" : [ "Albano Teixeira" ]
  }, {
    "canonicalName" : "Frauchiger Roger",
    "synonyms" : [ "Roger Frauchiger" ]
  }, {
    "canonicalName" : "Dellagiovanna Daniel",
    "synonyms" : [ "Daniel Dellagiovanna" ]
  }, {
    "canonicalName" : "Roulin Claude",
    "synonyms" : [ "Claude Roulin" ]
  }, {
    "canonicalName" : "Couto Armando",
    "synonyms" : [ "Armando Couto" ]
  }, {
    "canonicalName" : "Nieto Alexandre",
    "synonyms" : [ "Alexandre Nieto" ]
  }, {
    "canonicalName" : "Chaoui Laïla",
    "synonyms" : [ "Laïla Chaoui" ]
  }, {
    "canonicalName" : "Sotomayor André",
    "synonyms" : [ "André Sotomayor" ]
  }, {
    "canonicalName" : "Do Rego Ricardo",
    "synonyms" : [ "Ricardo Do Rego" ]
  }, {
    "canonicalName" : "Vendrell Marie",
    "synonyms" : [ "Marie Vendrell" ]
  }, {
    "canonicalName" : "Ménétrey Yasmine",
    "synonyms" : [ "Yasmine Ménétrey" ]
  }, {
    "canonicalName" : "Angeloz Claude",
    "synonyms" : [ "Claude Angeloz" ]
  }, {
    "canonicalName" : "Laurent Pierre-Alain",
    "synonyms" : [ "Pierre-Alain Laurent" ]
  }, {
    "canonicalName" : "Jahija Burim",
    "synonyms" : [ "Burim Jahija" ]
  }, {
    "canonicalName" : "Di Salvo Giuseppe",
    "synonyms" : [ "Giuseppe Di Salvo" ]
  }, {
    "canonicalName" : "Heimo Philippe",
    "synonyms" : [ "Philippe Heimo" ]
  }, {
    "canonicalName" : "Chappaz Marc",
    "synonyms" : [ "Marc Chappaz" ]
  }, {
    "canonicalName" : "Barry Minkailou",
    "synonyms" : [ "Minkailou Barry" ]
  }, {
    "canonicalName" : "Catalan Joëlle",
    "synonyms" : [ "Joëlle Catalan" ]
  }, {
    "canonicalName" : "Reolon Bruno",
    "synonyms" : [ "Bruno Reolon" ]
  }, {
    "canonicalName" : "Albanesi Jean-François",
    "synonyms" : [ "Jean-François Albanesi" ]
  }, {
    "canonicalName" : "Klingele Olivier",
    "synonyms" : [ "Olivier Klingele" ]
  }, {
    "canonicalName" : "Bencker Jeanne",
    "synonyms" : [ "Jeanne Bencker" ]
  }, {
    "canonicalName" : "Marguet Tex",
    "synonyms" : [ "Tex Marguet" ]
  }, {
    "canonicalName" : "Delmenico Janine",
    "synonyms" : [ "Janine Delmenico" ]
  }, {
    "canonicalName" : "Shlyapina Elena",
    "synonyms" : [ "Elena Shlyapina" ]
  }, {
    "canonicalName" : "Mudry Yves",
    "synonyms" : [ "Yves Mudry" ]
  }, {
    "canonicalName" : "Gostoli Gérard",
    "synonyms" : [ "Gérard Gostoli" ]
  }, {
    "canonicalName" : "Yau Helen",
    "synonyms" : [ "Helen Yau" ]
  }, {
    "canonicalName" : "Innocenti Flavio",
    "synonyms" : [ "Flavio Innocenti" ]
  }, {
    "canonicalName" : "Cover Sabina",
    "synonyms" : [ "Sabina Cover" ]
  }, {
    "canonicalName" : "Ambord Cédric",
    "synonyms" : [ "Cédric Ambord", "Sandro Ambord" ]
  }, {
    "canonicalName" : "Garcia Javier",
    "synonyms" : [ "Javier Garcia" ]
  }, {
    "canonicalName" : "Belcastro De Luca Nathalie",
    "synonyms" : [ "Nathalie Belcastro De Luca" ]
  }, {
    "canonicalName" : "Zbinden Jean-Luc",
    "synonyms" : [ "Jean-Luc Zbinden" ]
  }, {
    "canonicalName" : "Ahdab Ahmad",
    "synonyms" : [ "Ahmad Ahdab", "Chawki Ahdab" ]
  }, {
    "canonicalName" : "Baiunco Aurora",
    "synonyms" : [ "Aurora Baiunco" ]
  }, {
    "canonicalName" : "Oliveira Rui",
    "synonyms" : [ "Rui Oliveira" ]
  }, {
    "canonicalName" : "Pastore Daniel",
    "synonyms" : [ "Daniel Pastore", "Dany Pastore" ]
  }, {
    "canonicalName" : "Draskovic Rada",
    "synonyms" : [ "Rada Draskovic" ]
  }, {
    "canonicalName" : "Haymoz William",
    "synonyms" : [ "William Haymoz" ]
  }, {
    "canonicalName" : "Besse Muriel",
    "synonyms" : [ "Muriel Besse" ]
  }, {
    "canonicalName" : "Naine Marie-Josée",
    "synonyms" : [ "Marie-Josée Naine" ]
  }, {
    "canonicalName" : "Gharbi Mohamed",
    "synonyms" : [ "Mohamed Gharbi" ]
  }, {
    "canonicalName" : "Loosli Bertille",
    "synonyms" : [ "Bertille Loosli", "Clarence Loosli" ]
  }, {
    "canonicalName" : "Emonet Sarah",
    "synonyms" : [ "Sarah Emonet" ]
  }, {
    "canonicalName" : "Müller Olivier",
    "synonyms" : [ "Olivier Müller" ]
  }, {
    "canonicalName" : "Loddo Olivier",
    "synonyms" : [ "Olivier Loddo", "Olivier Henrioud" ]
  }, {
    "canonicalName" : "Ben Chaabane Salah",
    "synonyms" : [ "Salah Ben Chaabane" ]
  }, {
    "canonicalName" : "De Oliveira Nunes Vitor",
    "synonyms" : [ "Vitor De Oliveira Nunes" ]
  }, {
    "canonicalName" : "Martignoni Alain",
    "synonyms" : [ "Alain Martignoni" ]
  }, {
    "canonicalName" : "Maréchal Christophe",
    "synonyms" : [ "Christophe Maréchal" ]
  }, {
    "canonicalName" : "Spagnolo Salvatore",
    "synonyms" : [ "Salvatore Spagnolo" ]
  }, {
    "canonicalName" : "Pierre Toussaint Sircee",
    "synonyms" : [ "Sircee Pierre Toussaint" ]
  }, {
    "canonicalName" : "Steiner Christian",
    "synonyms" : [ "Christian Steiner" ]
  }, {
    "canonicalName" : "Beun Christine",
    "synonyms" : [ "Christine Beun", "Kristine Beun" ]
  }, {
    "canonicalName" : "Bissat Rose",
    "synonyms" : [ "Rose Bissat", "Marie Angeline Bissat" ]
  }, {
    "canonicalName" : "Guisy Milène",
    "synonyms" : [ "Milène Guisy" ]
  }, {
    "canonicalName" : "Martin Emmanuel",
    "synonyms" : [ "Emmanuel Martin" ]
  }, {
    "canonicalName" : "Dussan Julien",
    "synonyms" : [ "Julien Dussan" ]
  }, {
    "canonicalName" : "Bonvin Philippe",
    "synonyms" : [ "Philippe Bonvin" ]
  }, {
    "canonicalName" : "Sauser Nicolas",
    "synonyms" : [ "Nicolas Sauser" ]
  }, {
    "canonicalName" : "Ryser Alain",
    "synonyms" : [ "Alain Ryser" ]
  }, {
    "canonicalName" : "Monney Armand",
    "synonyms" : [ "Armand Monney" ]
  }, {
    "canonicalName" : "Peyraud Alexandre",
    "synonyms" : [ "Alexandre Peyraud" ]
  }, {
    "canonicalName" : "Häusermann Elisabeth",
    "synonyms" : [ "Elisabeth Häusermann" ]
  }, {
    "canonicalName" : "Gautrot Maria Magdalena",
    "synonyms" : [ "Maria Magdalena Gautrot", "Marielena Gautrot" ]
  }, {
    "canonicalName" : "Fontana Jérôme",
    "synonyms" : [ "Jérôme Fontana" ]
  }, {
    "canonicalName" : "Piguet Frédéric",
    "synonyms" : [ "Frédéric Piguet", "Paul Piguet" ]
  }, {
    "canonicalName" : "Wuarin Marc",
    "synonyms" : [ "Marc Wuarin" ]
  }, {
    "canonicalName" : "Samim Firouzsalari Atefeh",
    "synonyms" : [ "Atefeh Samim Firouzsalari" ]
  }, {
    "canonicalName" : "Bustamante Hernandez Eric",
    "synonyms" : [ "Eric Bustamante Hernandez" ]
  }, {
    "canonicalName" : "Hamoir Fursy",
    "synonyms" : [ "Fursy Hamoir" ]
  }, {
    "canonicalName" : "Preisig Robert",
    "synonyms" : [ "Robert Preisig" ]
  }, {
    "canonicalName" : "Jeanmonod Christian",
    "synonyms" : [ "Christian Jeanmonod" ]
  }, {
    "canonicalName" : "Meylan Jean Michel",
    "synonyms" : [ "Jean Michel Meylan" ]
  }, {
    "canonicalName" : "Cori Claudio",
    "synonyms" : [ "Claudio Cori" ]
  }, {
    "canonicalName" : "Wittwer Christoph",
    "synonyms" : [ "Christoph Wittwer" ]
  }, {
    "canonicalName" : "Besomi Alessandro",
    "synonyms" : [ "Alessandro Besomi", "Alex Besomi" ]
  }, {
    "canonicalName" : "Ritter Sven",
    "synonyms" : [ "Sven Ritter" ]
  }, {
    "canonicalName" : "Duvnjak Sanja",
    "synonyms" : [ "Sanja Duvnjak" ]
  }, {
    "canonicalName" : "Frammery Chloe",
    "synonyms" : [ "Chloe Frammery" ]
  }, {
    "canonicalName" : "Fouda Amougou Charlotte",
    "synonyms" : [ "Charlotte Fouda Amougou" ]
  }, {
    "canonicalName" : "Scheller Gérard",
    "synonyms" : [ "Gérard Scheller" ]
  }, {
    "canonicalName" : "Rossellat Blaise",
    "synonyms" : [ "Blaise Rossellat" ]
  }, {
    "canonicalName" : "Dachroune Samir",
    "synonyms" : [ "Samir Dachroune" ]
  }, {
    "canonicalName" : "Bult Christoph",
    "synonyms" : [ "Christoph Bult" ]
  }, {
    "canonicalName" : "Monshengwo Jessica",
    "synonyms" : [ "Jessica Monshengwo" ]
  }, {
    "canonicalName" : "Lopez Julien",
    "synonyms" : [ "Julien Lopez" ]
  }, {
    "canonicalName" : "Fraudeau Delphine",
    "synonyms" : [ "Delphine Fraudeau" ]
  }, {
    "canonicalName" : "Abesse Hayet",
    "synonyms" : [ "Hayet Abesse" ]
  }, {
    "canonicalName" : "Golay Séverine",
    "synonyms" : [ "Séverine Golay" ]
  }, {
    "canonicalName" : "Jordan Claude",
    "synonyms" : [ "Claude Jordan" ]
  }, {
    "canonicalName" : "Regamey Murielle",
    "synonyms" : [ "Murielle Regamey" ]
  }, {
    "canonicalName" : "Schucani Grégoire",
    "synonyms" : [ "Grégoire Schucani" ]
  }, {
    "canonicalName" : "Amberger Axel",
    "synonyms" : [ "Axel Amberger" ]
  }, {
    "canonicalName" : "Aymon Paul",
    "synonyms" : [ "Paul Aymon", "dit Paul Sierre Aymon" ]
  }, {
    "canonicalName" : "Cretegny Willy",
    "synonyms" : [ "Willy Cretegny" ]
  }, {
    "canonicalName" : "Amsler Susanne",
    "synonyms" : [ "Susanne Amsler" ]
  } ],
  "namedEntityRuleParams" : [ ]
}