{
  "name" : "ResultCommune",
  "description" : "Results of the election (CE or GC) at a Commune level",
  "type" : "NLPIntent",
  "intentParameters" : [ {
    "name" : "CommuneCommune of election",
    "required" : true,
    "entity" : "Commune"
  }, {
    "name" : "ResultTypesList of results types that can be provided",
    "required" : true,
    "entity" : "ResultTypes"
  } ],
  "exampleData" : [ {
    "sentence" : "what are the results at home",
    "exampleEntities" : [ ]
  }, {
    "sentence" : "who is elected in my commune",
    "exampleEntities" : [ ]
  }, {
    "sentence" : "who was elected in my commune",
    "exampleEntities" : [ ]
  }, {
    "sentence" : "who was elected here",
    "exampleEntities" : [ ]
  }, {
    "sentence" : "which are the elected in my commune",
    "exampleEntities" : [ ]
  }, {
    "sentence" : "what are the results in my commune",
    "exampleEntities" : [ ]
  } ]
}