{
  "name" : "IntentResultatElections",
  "type" : "NLPIntent",
  "intentParameters" : [ {
    "name" : "TypeElection",
    "required" : true,
    "entity" : "TypeElection"
  } ],
  "exampleData" : [ {
    "sentence" : "je veux les résutats",
    "exampleEntities" : [ ]
  }, {
    "sentence" : "Résultat",
    "exampleEntities" : [ ]
  }, {
    "sentence" : "résultats des élections",
    "exampleEntities" : [ ]
  }, {
    "sentence" : "Donne moi le résultat des élections",
    "exampleEntities" : [ ]
  }, {
    "sentence" : "répartition des suffrages",
    "exampleEntities" : [ ]
  }, {
    "sentence" : "suffrages",
    "exampleEntities" : [ ]
  }, {
    "sentence" : "quels sont les résultats du Grand Conseil",
    "exampleEntities" : [ ]
  }, {
    "sentence" : "résultat élection",
    "exampleEntities" : [ ]
  }, {
    "sentence" : "résultats GC",
    "exampleEntities" : [ ]
  }, {
    "sentence" : "quels conseillers d'état sont élus ?",
    "exampleEntities" : [ ]
  }, {
    "sentence" : "Résultats de l'élection du conseil d'état",
    "exampleEntities" : [ ]
  }, {
    "sentence" : "résultats conseil d'état",
    "exampleEntities" : [ ]
  }, {
    "sentence" : "qui est élu au Grand Conseil",
    "exampleEntities" : [ ]
  }, {
    "sentence" : "quels sont les résultats au GC",
    "exampleEntities" : [ ]
  }, {
    "sentence" : "Résultats",
    "exampleEntities" : [ ]
  }, {
    "sentence" : "sièges",
    "exampleEntities" : [ ]
  }, {
    "sentence" : "répartition des sièges",
    "exampleEntities" : [ ]
  }, {
    "sentence" : "Quel est le résultat de l'élection au Grand Conseil ?",
    "exampleEntities" : [ ]
  }, {
    "sentence" : "Quelle est la répartition des suffrages ?",
    "exampleEntities" : [ ]
  }, {
    "sentence" : "résultats grand conseil",
    "exampleEntities" : [ ]
  }, {
    "sentence" : "Quelles sont les listes qui ont des candidats élus ?",
    "exampleEntities" : [ ]
  }, {
    "sentence" : "quels députés ont été élus ?",
    "exampleEntities" : [ ]
  }, {
    "sentence" : "c'est quoi les résultats ?",
    "exampleEntities" : [ ]
  }, {
    "sentence" : "résultats",
    "exampleEntities" : [ ]
  }, {
    "sentence" : "Résultat des élections",
    "exampleEntities" : [ ]
  }, {
    "sentence" : "Quelle est la répartition des sièges ?",
    "exampleEntities" : [ ]
  } ]
}