{
  "name" : "IntentDebug",
  "type" : "NLPIntent",
  "intentParameters" : [ ],
  "exampleData" : [ {
    "sentence" : "donne moi le debug",
    "exampleEntities" : [ ]
  }, {
    "sentence" : "debugging information",
    "exampleEntities" : [ ]
  }, {
    "sentence" : "debugging",
    "exampleEntities" : [ ]
  }, {
    "sentence" : "debug",
    "exampleEntities" : [ ]
  }, {
    "sentence" : "debugging info",
    "exampleEntities" : [ ]
  }, {
    "sentence" : "information sur les variables",
    "exampleEntities" : [ ]
  } ]
}