{
  "name" : "IntentWelcome",
  "type" : "NLPIntent",
  "intentParameters" : [ ],
  "exampleData" : [ {
    "sentence" : "Hello world from Geneva",
    "exampleEntities" : [ ]
  }, {
    "sentence" : "Démarrer",
    "exampleEntities" : [ ]
  }, {
    "sentence" : "salut",
    "exampleEntities" : [ ]
  }, {
    "sentence" : "adieu",
    "exampleEntities" : [ ]
  }, {
    "sentence" : "hello",
    "exampleEntities" : [ ]
  }, {
    "sentence" : "bonjour",
    "exampleEntities" : [ ]
  }, {
    "sentence" : "hi",
    "exampleEntities" : [ ]
  }, {
    "sentence" : "ciao",
    "exampleEntities" : [ ]
  } ]
}