{
  "name" : "IntentResultatPierreMaudet",
  "type" : "NLPIntent",
  "intentParameters" : [ ],
  "exampleData" : [ {
    "sentence" : "quel sont les résultats de Maudet",
    "exampleEntities" : [ ]
  }, {
    "sentence" : "quel score a fait Pierre Maudet",
    "exampleEntities" : [ ]
  }, {
    "sentence" : "Pierre Maudet est-il élu ?",
    "exampleEntities" : [ ]
  }, {
    "sentence" : "quel est le score de Pierre Maudet",
    "exampleEntities" : [ ]
  }, {
    "sentence" : "Maudet",
    "exampleEntities" : [ ]
  }, {
    "sentence" : "Est-ce que Pierre Maudet est élu ?",
    "exampleEntities" : [ ]
  }, {
    "sentence" : "et pour Pierre Maudet",
    "exampleEntities" : [ ]
  }, {
    "sentence" : "Pierre Maudet",
    "exampleEntities" : [ ]
  }, {
    "sentence" : "qui a gagné?",
    "exampleEntities" : [ ]
  }, {
    "sentence" : "résultats pour Pierre Maudet",
    "exampleEntities" : [ ]
  }, {
    "sentence" : "résultats Pierre Maudet",
    "exampleEntities" : [ ]
  }, {
    "sentence" : "quels sont les résultats de Pierre Maudet à l'élection du conseil d'état ?",
    "exampleEntities" : [ ]
  } ]
}