{
  "name" : "IntentResultatParCandidat",
  "type" : "NLPIntent",
  "intentParameters" : [ {
    "name" : "Candidats_CEListe des 11 candidats pour le 2e tour des élections (sans Pierre Maudet déjà élu)",
    "required" : true,
    "entity" : "Candidats_CE"
  } ],
  "exampleData" : [ {
    "sentence" : "résultats pour Nathalie Fontanet",
    "exampleEntities" : [ ]
  }, {
    "sentence" : "quel score a fait Yves Nidegger",
    "exampleEntities" : [ ]
  }, {
    "sentence" : "Est-ce que Yves Nidegger est élu ?",
    "exampleEntities" : [ ]
  }, {
    "sentence" : "Yves Nidegger est-il élu ?",
    "exampleEntities" : [ ]
  }, {
    "sentence" : "quel est le score de Yves Nidegger",
    "exampleEntities" : [ ]
  }, {
    "sentence" : "résultats Serge Dal Busco",
    "exampleEntities" : [ ]
  }, {
    "sentence" : "résultats pour Luc Barthassat",
    "exampleEntities" : [ ]
  }, {
    "sentence" : "résultat par candidat",
    "exampleEntities" : [ ]
  }, {
    "sentence" : "qui a été élu?",
    "exampleEntities" : [ ]
  }, {
    "sentence" : "résultats Thierry Apothéloz",
    "exampleEntities" : [ ]
  }, {
    "sentence" : "et pour Yves Nidegger",
    "exampleEntities" : [ ]
  }, {
    "sentence" : "résultats Paul Aymon",
    "exampleEntities" : [ ]
  }, {
    "sentence" : "qui a gagné?",
    "exampleEntities" : [ ]
  }, {
    "sentence" : "qui est élu?",
    "exampleEntities" : [ ]
  }, {
    "sentence" : "résultats Antonio Hodgers",
    "exampleEntities" : [ ]
  }, {
    "sentence" : "quel sont les résultats de Nidegger",
    "exampleEntities" : [ ]
  }, {
    "sentence" : "Yves Nidegger",
    "exampleEntities" : [ ]
  }, {
    "sentence" : "quels sont les résultats de Yves Nidegger à l'élection du conseil d'état ?",
    "exampleEntities" : [ ]
  }, {
    "sentence" : "résultats Mauro Poggia",
    "exampleEntities" : [ ]
  }, {
    "sentence" : "résultat Mauro Poggia",
    "exampleEntities" : [ ]
  }, {
    "sentence" : "yves nidegger est-elle élue ?",
    "exampleEntities" : [ ]
  }, {
    "sentence" : "yves nidegger",
    "exampleEntities" : [ ]
  }, {
    "sentence" : "est-elle élue ?",
    "exampleEntities" : [ ]
  }, {
    "sentence" : "yves nidegger est-elle élue ?",
    "exampleEntities" : [ ]
  }, {
    "sentence" : "résultats de poggia",
    "exampleEntities" : [ ]
  } ]
}