{
  "languageTag" : "default",
  "keys" : {
    "Admin_helpUser_01" : {
      "message" : "You can choose from a list by typing: results"
    },
    "findElectionType" : {
      "message" : "Which election are you interested in ?"
    },
    "Admin_onboarding" : {
      "message" : "I am here to give you the results of the Cantonal Elections of 15 April 2018"
    },
    "Admin_welcome" : {
      "message" : "Hello and welcome to electionBot"
    },
    "Admin_helpUser_02" : {
      "message" : "You can also ask like this: what score did Joe Bloggs make in Carouge?"
    }
  }
}