{
  "name" : "IntentResultatParCandidatParLocalDeVote",
  "type" : "NLPIntent",
  "intentParameters" : [ {
    "name" : "LocalDeVote",
    "required" : true,
    "entity" : "LocalDeVote"
  }, {
    "name" : "Candidats_CEListe des 11 candidats pour le 2e tour des élections (sans Pierre Maudet déjà élu)",
    "required" : true,
    "entity" : "Candidats_CE"
  } ],
  "exampleData" : [ {
    "sentence" : "combien Yves Nidegger a eu de suffrages à genève",
    "exampleEntities" : [ ]
  }, {
    "sentence" : "résultats de Yves Nidegger au Conseil d'Etat à Anières",
    "exampleEntities" : [ ]
  }, {
    "sentence" : "quels sont les résultats de Yves Nidegger à genève",
    "exampleEntities" : [ ]
  }, {
    "sentence" : "résultats de Yves Nidegger à anières",
    "exampleEntities" : [ ]
  }, {
    "sentence" : "Yves Nidegger versoix",
    "exampleEntities" : [ ]
  } ]
}