{
  "name" : "IntentInformationsGenerales",
  "type" : "NLPIntent",
  "intentParameters" : [ ],
  "exampleData" : [ {
    "sentence" : "il s'est passé quoi ? ",
    "exampleEntities" : [ ]
  }, {
    "sentence" : "C'est quoi l'élection ? ",
    "exampleEntities" : [ ]
  }, {
    "sentence" : "informations générales",
    "exampleEntities" : [ ]
  }, {
    "sentence" : "infos générales",
    "exampleEntities" : [ ]
  }, {
    "sentence" : "on vote sur quoi",
    "exampleEntities" : [ ]
  } ]
}