{
  "name" : "IntentResultatParLocalDeVote",
  "type" : "NLPIntent",
  "intentParameters" : [ {
    "name" : "LocalDeVote",
    "required" : true,
    "entity" : "LocalDeVote"
  } ],
  "exampleData" : [ {
    "sentence" : "Quels sont les résultats à geneve ?",
    "exampleEntities" : [ ]
  }, {
    "sentence" : "résultat des élections au conseil d'état à genève",
    "exampleEntities" : [ ]
  }, {
    "sentence" : "résultats à versoix",
    "exampleEntities" : [ ]
  }, {
    "sentence" : "quels sont les résultats à Vernier ?",
    "exampleEntities" : [ ]
  }, {
    "sentence" : "résultats par local de vote",
    "exampleEntities" : [ ]
  }, {
    "sentence" : "résultats par local",
    "exampleEntities" : [ ]
  } ]
}