{
  "name" : "Candidat",
  "description" : "Lite des candidats pour toutes les élections",
  "type" : "ENUMVALUES",
  "enumValues" : [ {
    "canonicalName" : "Pagani Rémy",
    "synonyms" : [ "Rémy Pagani", "Remy Pagani" ]
  }, {
    "canonicalName" : "Wenger Saliha",
    "synonyms" : [ "Saliha Wenger", "Salika Wenger", "Saliha Wenger", "Salika Wenger" ]
  }, {
    "canonicalName" : "Zaugg Christian",
    "synonyms" : [ "Christian Zaugg", "Christian Zaugg" ]
  }, {
    "canonicalName" : "Haller Jocelyne",
    "synonyms" : [ "Jocelyne Haller", "Jocelyne Haller" ]
  }, {
    "canonicalName" : "Eniline Alexander",
    "synonyms" : [ "Alexander Eniline", "Alexander Eniline" ]
  }, {
    "canonicalName" : "Cruchon Pablo",
    "synonyms" : [ "Pablo Cruchon", "Pablo Cruchon" ]
  }, {
    "canonicalName" : "Valentino Stéphanie",
    "synonyms" : [ "Stéphanie Valentino", "Stephanie Valentino" ]
  }, {
    "canonicalName" : "Burgermeister Jean",
    "synonyms" : [ "Jean Burgermeister", "Jean Burgermeister" ]
  }, {
    "canonicalName" : "Ecuyer Hélène",
    "synonyms" : [ "Hélène Ecuyer", "Helene Ecuyer" ]
  }, {
    "canonicalName" : "Issom David-Zacharie",
    "synonyms" : [ "David-Zacharie Issom", "David Zacharie Issom" ]
  }, {
    "canonicalName" : "Ossmann Sekna",
    "synonyms" : [ "Sekna Ossmann", "Sekna Ossmann" ]
  }, {
    "canonicalName" : "Nyffeler Batou Françoise",
    "synonyms" : [ "Françoise Nyffeler Batou", "Francoise Nyffeler Batou" ]
  }, {
    "canonicalName" : "Januzi Bashkim",
    "synonyms" : [ "Bashkim Januzi", "Bashkim Januzi" ]
  }, {
    "canonicalName" : "Ecuyer Sébastien",
    "synonyms" : [ "Sébastien Ecuyer", "Sebastien Ecuyer" ]
  }, {
    "canonicalName" : "Ovett Bondi Davinia",
    "synonyms" : [ "Davinia Ovett Bondi", "Davinia Ovett Bondi" ]
  }, {
    "canonicalName" : "Jimenez Jean-Daniel",
    "synonyms" : [ "Jean-Daniel Jimenez", "Jean Daniel Jimenez" ]
  }, {
    "canonicalName" : "Ecuyer Annick",
    "synonyms" : [ "Annick Ecuyer", "Annick Ecuyer" ]
  }, {
    "canonicalName" : "Peradotto Julie",
    "synonyms" : [ "Julie Peradotto", "Julie Peradotto" ]
  }, {
    "canonicalName" : "Manríquez Matías",
    "synonyms" : [ "Matías Manríquez", "Matias Manriquez" ]
  }, {
    "canonicalName" : "Zehfus Yves",
    "synonyms" : [ "Yves Zehfus", "Yves Zehfus" ]
  }, {
    "canonicalName" : "Zaugg Daniel",
    "synonyms" : [ "Daniel Zaugg", "Daniel Zaugg" ]
  }, {
    "canonicalName" : "Perez Maria",
    "synonyms" : [ "Maria Perez", "Lou Perez", "Maria Perez", "Lou Perez" ]
  }, {
    "canonicalName" : "Schnebli Tobias",
    "synonyms" : [ "Tobias Schnebli", "Tobia Schnebli", "Tobias Schnebli", "Tobia Schnebli" ]
  }, {
    "canonicalName" : "Missoh Dzikunoo Massan",
    "synonyms" : [ "Massan Missoh Dzikunoo", "Massan Missoh Dzikunoo" ]
  }, {
    "canonicalName" : "Martenot Aude",
    "synonyms" : [ "Aude Martenot", "Aude Martenot" ]
  }, {
    "canonicalName" : "Vanek Pierre",
    "synonyms" : [ "Pierre Vanek", "Pierre Vanek" ]
  }, {
    "canonicalName" : "Clement Patrice",
    "synonyms" : [ "Patrice Clement", "Patrice Clement" ]
  }, {
    "canonicalName" : "Prezioso Batou Stefania",
    "synonyms" : [ "Stefania Prezioso Batou", "Stefania Prezioso Batou" ]
  }, {
    "canonicalName" : "Esaki Kabeya Elisabeth",
    "synonyms" : [ "Elisabeth Esaki Kabeya", "Elisabeth Esaki Kabeya" ]
  }, {
    "canonicalName" : "Langford Pia",
    "synonyms" : [ "Pia Langford", "Pia Langford" ]
  }, {
    "canonicalName" : "Vincent Michel",
    "synonyms" : [ "Michel Vincent", "Michel Vincent" ]
  }, {
    "canonicalName" : "Rumpczyk Delphine",
    "synonyms" : [ "Delphine Rumpczyk", "Delphine Rumpczyk" ]
  }, {
    "canonicalName" : "Salm Darboe Karijn",
    "synonyms" : [ "Karijn Salm Darboe", "Karijn Salm Darboe" ]
  }, {
    "canonicalName" : "Andenmatten David",
    "synonyms" : [ "David Andenmatten", "David Andenmatten" ]
  }, {
    "canonicalName" : "Schmid Audrey",
    "synonyms" : [ "Audrey Schmid", "Audrey Schmid" ]
  }, {
    "canonicalName" : "Guevara Francisco",
    "synonyms" : [ "Francisco Guevara", "Francisco Guevara" ]
  }, {
    "canonicalName" : "Batou Jean",
    "synonyms" : [ "Jean Batou", "Jean Batou" ]
  }, {
    "canonicalName" : "Stebler Guenat Henriette",
    "synonyms" : [ "Henriette Stebler Guenat", "Henriette Stebler Guenat" ]
  }, {
    "canonicalName" : "Edjeou Corinne",
    "synonyms" : [ "Corinne Edjeou", "Corinne Buntschu", "Corinne Edjeou", "Corinne Buntschu" ]
  }, {
    "canonicalName" : "Zaugg Cecilia",
    "synonyms" : [ "Cecilia Zaugg", "Cecilia Zaugg" ]
  }, {
    "canonicalName" : "Baud Olivier",
    "synonyms" : [ "Olivier Baud", "Olivier Baud" ]
  }, {
    "canonicalName" : "Zbinden Livia",
    "synonyms" : [ "Livia Zbinden", "Livia Zbinden" ]
  }, {
    "canonicalName" : "Rossel Pascal",
    "synonyms" : [ "Pascal Rossel", "Pascal Rossel" ]
  }, {
    "canonicalName" : "Bayenet Pierre",
    "synonyms" : [ "Pierre Bayenet", "Pierre Bayenet" ]
  }, {
    "canonicalName" : "Bailat Ariane",
    "synonyms" : [ "Ariane Bailat", "Ariane Bailat" ]
  }, {
    "canonicalName" : "Maillefer Denise",
    "synonyms" : [ "Denise Maillefer", "Denise Maillefer" ]
  }, {
    "canonicalName" : "Meierhofer Manyagoua Boumtché Charlotte",
    "synonyms" : [ "Charlotte Meierhofer Manyagoua Boumtché", "Charlotte Meierhofer Manyagoua Boumtche" ]
  }, {
    "canonicalName" : "Blanchet Marjo",
    "synonyms" : [ "Marjo Blanchet", "Marjo Blanchet" ]
  }, {
    "canonicalName" : "Marti Werner",
    "synonyms" : [ "Werner Marti", "Werner Marti" ]
  }, {
    "canonicalName" : "Khaouchi Corinne",
    "synonyms" : [ "Corinne Khaouchi", "Corinne Khaouchi" ]
  }, {
    "canonicalName" : "Bolay Robin Stéphanie",
    "synonyms" : [ "Stéphanie Bolay Robin", "Stephanie Bolay Robin" ]
  }, {
    "canonicalName" : "Blanco Luis",
    "synonyms" : [ "Luis Blanco", "Luis Blanco" ]
  }, {
    "canonicalName" : "Mamin François",
    "synonyms" : [ "François Mamin", "Francois Mamin" ]
  }, {
    "canonicalName" : "De Melo Marcelino Amélia",
    "synonyms" : [ "Amélia De Melo Marcelino", "Amelia De Melo Marcelino" ]
  }, {
    "canonicalName" : "Bouzid Mohamed",
    "synonyms" : [ "Mohamed Bouzid", "Mohamed Bouzid" ]
  }, {
    "canonicalName" : "Boujemaa Sanae",
    "synonyms" : [ "Sanae Boujemaa", "Sanae Boujemaa" ]
  }, {
    "canonicalName" : "Galland Eduardo",
    "synonyms" : [ "Eduardo Galland", "Eduardo Galland" ]
  }, {
    "canonicalName" : "Jelk Andrée",
    "synonyms" : [ "Andrée Jelk", "Andrée Jelk-Peila", "Andree Jelk", "Andree Jelk Peila" ]
  }, {
    "canonicalName" : "Castro Gloria",
    "synonyms" : [ "Gloria Castro", "Gloria Castro" ]
  }, {
    "canonicalName" : "Camelo Alfredo",
    "synonyms" : [ "Alfredo Camelo", "Alfredo Camelo" ]
  }, {
    "canonicalName" : "Noetzlin Simon",
    "synonyms" : [ "Simon Noetzlin", "Simon Noetzlin" ]
  }, {
    "canonicalName" : "Duraku Fitore",
    "synonyms" : [ "Fitore Duraku", "Fitore Duraku" ]
  }, {
    "canonicalName" : "Duraku Edon",
    "synonyms" : [ "Edon Duraku", "Edon Duraku" ]
  }, {
    "canonicalName" : "Ferreira Elisabeth",
    "synonyms" : [ "Elisabeth Ferreira", "Elisabeth Ferreira" ]
  }, {
    "canonicalName" : "Christinat Jean-David",
    "synonyms" : [ "Jean-David Christinat", "Jean David Christinat" ]
  }, {
    "canonicalName" : "Gerardo Féliz Grubi Ynes",
    "synonyms" : [ "Ynes Gerardo Féliz Grubi", "Ynes Gerardo Feliz Grubi" ]
  }, {
    "canonicalName" : "Carlo Xavier",
    "synonyms" : [ "Xavier Carlo", "Xavier Carlo" ]
  }, {
    "canonicalName" : "Sahin Gazi",
    "synonyms" : [ "Gazi Sahin", "Gazi Sahin" ]
  }, {
    "canonicalName" : "Hodgers Antonio",
    "synonyms" : [ "Antonio Hodgers", "Antonio Hodgers" ]
  }, {
    "canonicalName" : "De Chastonay Marjorie",
    "synonyms" : [ "Marjorie De Chastonay", "Marjorie De Chastonay" ]
  }, {
    "canonicalName" : "Rochat Yvan",
    "synonyms" : [ "Yvan Rochat", "Yvan Rochat" ]
  }, {
    "canonicalName" : "Perler Frédérique",
    "synonyms" : [ "Frédérique Perler", "Frederique Perler" ]
  }, {
    "canonicalName" : "Buschbeck Mathias",
    "synonyms" : [ "Mathias Buschbeck", "Mathias Buschbeck" ]
  }, {
    "canonicalName" : "Lefort François",
    "synonyms" : [ "François Lefort", "Francois Lefort" ]
  }, {
    "canonicalName" : "Leonelli Katia",
    "synonyms" : [ "Katia Leonelli", "Katia Leonelli" ]
  }, {
    "canonicalName" : "Macchiavelli Marta",
    "synonyms" : [ "Marta Macchiavelli", "Marta Julia Macchiavelli", "Marta Macchiavelli", "Marta Julia Macchiavelli" ]
  }, {
    "canonicalName" : "Makosso William",
    "synonyms" : [ "William Makosso", "William Makosso" ]
  }, {
    "canonicalName" : "Martin David",
    "synonyms" : [ "David Martin", "David Martin" ]
  }, {
    "canonicalName" : "Müller Sontag Corinne",
    "synonyms" : [ "Corinne Müller Sontag", "Corinne Muller Sontag" ]
  }, {
    "canonicalName" : "Nicolet-Dit-Felix Julien",
    "synonyms" : [ "Julien Nicolet-Dit-Felix", "Julien Nicolet Dit Felix" ]
  }, {
    "canonicalName" : "Noël Philippe",
    "synonyms" : [ "Philippe Noël", "Philippe Noel" ]
  }, {
    "canonicalName" : "Oriolo Alessandra",
    "synonyms" : [ "Alessandra Oriolo", "Alessandra Oriolo" ]
  }, {
    "canonicalName" : "Oztürk Dilara",
    "synonyms" : [ "Dilara Oztürk", "Dilara Ozturk" ]
  }, {
    "canonicalName" : "Pasquier Isabelle",
    "synonyms" : [ "Isabelle Pasquier", "Isabelle Pasquier-Eichenberger", "Isabelle Pasquier", "Isabelle Pasquier Eichenberger" ]
  }, {
    "canonicalName" : "Poget Philippe",
    "synonyms" : [ "Philippe Poget", "Philippe Poget" ]
  }, {
    "canonicalName" : "Quijano Garcia Maria",
    "synonyms" : [ "Maria Quijano Garcia", "Maria José Quijano Garcia", "Maria Quijano Garcia", "Maria Jose Quijano Garcia" ]
  }, {
    "canonicalName" : "Rodriguez Mario",
    "synonyms" : [ "Mario Rodriguez", "Mario Rodriguez" ]
  }, {
    "canonicalName" : "Rogg Catharina",
    "synonyms" : [ "Catharina Rogg", "Olowine Rogg", "Catharina Rogg", "Olowine Rogg" ]
  }, {
    "canonicalName" : "Rossiaud Jean",
    "synonyms" : [ "Jean Rossiaud", "Jean Rossiaud" ]
  }, {
    "canonicalName" : "Saa Baud Yubitza",
    "synonyms" : [ "Yubitza Saa Baud", "Yubitza Saa Baud" ]
  }, {
    "canonicalName" : "Schalk Antoine",
    "synonyms" : [ "Antoine Schalk", "Antoine Schalk" ]
  }, {
    "canonicalName" : "Schaufelberger Esther",
    "synonyms" : [ "Esther Schaufelberger", "Esther Schaufelberger" ]
  }, {
    "canonicalName" : "Sordet Adrienne",
    "synonyms" : [ "Adrienne Sordet", "Adrienne Sordet" ]
  }, {
    "canonicalName" : "Taleghani Majid",
    "synonyms" : [ "Majid Taleghani", "Majid Taleghani" ]
  }, {
    "canonicalName" : "Tchamkerten Jolanka",
    "synonyms" : [ "Jolanka Tchamkerten", "Jolanka Tchamkerten" ]
  }, {
    "canonicalName" : "Tiguemounine Sabine",
    "synonyms" : [ "Sabine Tiguemounine", "Sabine Tiguemounine" ]
  }, {
    "canonicalName" : "Tinguely Dominique",
    "synonyms" : [ "Dominique Tinguely", "Dominique Tinguely" ]
  }, {
    "canonicalName" : "Tschudi Paloma",
    "synonyms" : [ "Paloma Tschudi", "Paloma Tschudi" ]
  }, {
    "canonicalName" : "Van Woerden Wendy",
    "synonyms" : [ "Wendy Van Woerden", "Wendy Van Woerden" ]
  }, {
    "canonicalName" : "Veiga Arias Damian",
    "synonyms" : [ "Damian Veiga Arias", "Damian Veiga Löffel", "Damian Veiga Arias", "Damian Veiga Loffel" ]
  }, {
    "canonicalName" : "Wisard Prado Leyma",
    "synonyms" : [ "Leyma Wisard Prado", "Leyma Wisard Prado" ]
  }, {
    "canonicalName" : "Yunus Ebener Mariam",
    "synonyms" : [ "Mariam Yunus Ebener", "Maryam Yunus Ebener", "Mariam Yunus Ebener", "Maryam Yunus Ebener" ]
  }, {
    "canonicalName" : "Amato Maurice",
    "synonyms" : [ "Maurice Amato", "Maurice Amato" ]
  }, {
    "canonicalName" : "Amsellem Benedicte",
    "synonyms" : [ "Benedicte Amsellem", "Benedicte Amsellem-Ossipow", "Benedicte Amsellem", "Benedicte Amsellem Ossipow" ]
  }, {
    "canonicalName" : "Ardizzone Ivan",
    "synonyms" : [ "Ivan Ardizzone", "Ivan Ardizzone" ]
  }, {
    "canonicalName" : "Azzabi Omar",
    "synonyms" : [ "Omar Azzabi", "Omar Azzabi" ]
  }, {
    "canonicalName" : "Bänziger Ruth",
    "synonyms" : [ "Ruth Bänziger", "Ruth Banziger" ]
  }, {
    "canonicalName" : "Barciela Villar Ana",
    "synonyms" : [ "Ana Barciela Villar", "Ana Barciela Villar" ]
  }, {
    "canonicalName" : "Bavarel Christian",
    "synonyms" : [ "Christian Bavarel", "Christian Bavarel" ]
  }, {
    "canonicalName" : "Boccard Damien",
    "synonyms" : [ "Damien Boccard", "Damien Baptiste Boccard", "Damien Boccard", "Damien Baptiste Boccard" ]
  }, {
    "canonicalName" : "Bonny Didier",
    "synonyms" : [ "Didier Bonny", "Didier Bonny" ]
  }, {
    "canonicalName" : "Bonvin Bonfanti Anne",
    "synonyms" : [ "Anne Bonvin Bonfanti", "Anne Bonvin Bonfanti" ]
  }, {
    "canonicalName" : "Bucher Denis",
    "synonyms" : [ "Denis Bucher", "Denis Bucher" ]
  }, {
    "canonicalName" : "Buenzod Christian",
    "synonyms" : [ "Christian Buenzod", "Christian Buenzod" ]
  }, {
    "canonicalName" : "Bui Aurore",
    "synonyms" : [ "Aurore Bui", "Aurore Bui" ]
  }, {
    "canonicalName" : "Cabitza Marina",
    "synonyms" : [ "Marina Cabitza", "Marina Cabitza" ]
  }, {
    "canonicalName" : "Calame Boris",
    "synonyms" : [ "Boris Calame", "Boris Calame" ]
  }, {
    "canonicalName" : "Calame Fabrice",
    "synonyms" : [ "Fabrice Calame", "Fabrice Calame" ]
  }, {
    "canonicalName" : "Chaudieu Anne",
    "synonyms" : [ "Anne Chaudieu", "Anne Chaudieu" ]
  }, {
    "canonicalName" : "Concha Celtia",
    "synonyms" : [ "Celtia Concha", "Celtia Concha" ]
  }, {
    "canonicalName" : "Corpataux Laurence",
    "synonyms" : [ "Laurence Corpataux", "Laurence Corpataux" ]
  }, {
    "canonicalName" : "Dalphin Marc",
    "synonyms" : [ "Marc Dalphin", "Marc Dalphin" ]
  }, {
    "canonicalName" : "De Felice Nicolas",
    "synonyms" : [ "Nicolas De Felice", "Nicolas De Felice" ]
  }, {
    "canonicalName" : "De Maio Sara",
    "synonyms" : [ "Sara De Maio", "Sara De Maio" ]
  }, {
    "canonicalName" : "De Matteis Yves",
    "synonyms" : [ "Yves De Matteis", "Yves De Matteis" ]
  }, {
    "canonicalName" : "De Rougemont Philippe",
    "synonyms" : [ "Philippe De Rougemont", "Philippe De Rougemont" ]
  }, {
    "canonicalName" : "Desbiolles Sophie",
    "synonyms" : [ "Sophie Desbiolles", "Sophie Desbiolles" ]
  }, {
    "canonicalName" : "Descombes Isabelle",
    "synonyms" : [ "Isabelle Descombes", "Isabelle Descombes" ]
  }, {
    "canonicalName" : "Dujoux Valentin",
    "synonyms" : [ "Valentin Dujoux", "Valentin Dujoux" ]
  }, {
    "canonicalName" : "Dupuis Renaud",
    "synonyms" : [ "Renaud Dupuis", "Renaud Dupuis" ]
  }, {
    "canonicalName" : "Ebener Christophe",
    "synonyms" : [ "Christophe Ebener", "Christophe Ebener" ]
  }, {
    "canonicalName" : "Eckert Pierre",
    "synonyms" : [ "Pierre Eckert", "Pierre Eckert" ]
  }, {
    "canonicalName" : "Fischer Fabienne",
    "synonyms" : [ "Fabienne Fischer", "Fabienne Fischer" ]
  }, {
    "canonicalName" : "Freymond Pascal",
    "synonyms" : [ "Pascal Freymond", "Pascal Freymond" ]
  }, {
    "canonicalName" : "Geoffroy Elias",
    "synonyms" : [ "Elias Geoffroy", "Elias Geoffroy" ]
  }, {
    "canonicalName" : "Gomez Alfonso",
    "synonyms" : [ "Alfonso Gomez", "Alfonso Gomez" ]
  }, {
    "canonicalName" : "Haas François",
    "synonyms" : [ "François Haas", "Francois Haas" ]
  }, {
    "canonicalName" : "Hartmann Esther",
    "synonyms" : [ "Esther Hartmann", "Esther Hartmann" ]
  }, {
    "canonicalName" : "Heberlein Simonett Claudia",
    "synonyms" : [ "Claudia Heberlein Simonett", "Claudia Heberlein Simonett" ]
  }, {
    "canonicalName" : "Herren Yves",
    "synonyms" : [ "Yves Herren", "Yves Herren" ]
  }, {
    "canonicalName" : "Khamis Vannini Uzma",
    "synonyms" : [ "Uzma Khamis Vannini", "Uzma Khamis Vannini" ]
  }, {
    "canonicalName" : "Klopfenstein Broggini Delphine",
    "synonyms" : [ "Delphine Klopfenstein Broggini", "Delphine Klopfenstein Broggini" ]
  }, {
    "canonicalName" : "Kündig Ralph",
    "synonyms" : [ "Ralph Kündig", "Ralph Kundig" ]
  }, {
    "canonicalName" : "Latour Sabine",
    "synonyms" : [ "Sabine Latour", "Sabine Latour" ]
  }, {
    "canonicalName" : "Emery-Torracinta Anne",
    "synonyms" : [ "Anne Emery-Torracinta", "Anne Emery Torracinta" ]
  }, {
    "canonicalName" : "Apothéloz Thierry",
    "synonyms" : [ "Thierry Apothéloz", "Thierry Apotheloz" ]
  }, {
    "canonicalName" : "Salerno Sandrine",
    "synonyms" : [ "Sandrine Salerno", "Sandrine Salerno" ]
  }, {
    "canonicalName" : "De Sainte-Marie Romain",
    "synonyms" : [ "Romain De Sainte-Marie", "Romain De Sainte Marie" ]
  }, {
    "canonicalName" : "Kast Carole-Anne",
    "synonyms" : [ "Carole-Anne Kast", "Carole Anne Kast" ]
  }, {
    "canonicalName" : "Wenger Thomas",
    "synonyms" : [ "Thomas Wenger", "Thomas Wenger" ]
  }, {
    "canonicalName" : "Marti Caroline",
    "synonyms" : [ "Caroline Marti", "Caroline Marti" ]
  }, {
    "canonicalName" : "Bandler Marko",
    "synonyms" : [ "Marko Bandler", "Marko Bandler" ]
  }, {
    "canonicalName" : "Moyard Mizrahi Salima",
    "synonyms" : [ "Salima Moyard Mizrahi", "Salima Moyard Mizrahi" ]
  }, {
    "canonicalName" : "Dandrès Christian",
    "synonyms" : [ "Christian Dandrès", "Christian Dandres" ]
  }, {
    "canonicalName" : "Verissimo De Freitas Helena",
    "synonyms" : [ "Helena Verissimo De Freitas", "Helena Verissimo De Freitas" ]
  }, {
    "canonicalName" : "Carasso Grégoire",
    "synonyms" : [ "Grégoire Carasso", "Gregoire Carasso" ]
  }, {
    "canonicalName" : "Sobanek Marion",
    "synonyms" : [ "Marion Sobanek", "Marion Sobanek" ]
  }, {
    "canonicalName" : "Thévoz Sylvain",
    "synonyms" : [ "Sylvain Thévoz", "Sylvain Thevoz" ]
  }, {
    "canonicalName" : "Conti Jennifer",
    "synonyms" : [ "Jennifer Conti", "Jennifer Conti" ]
  }, {
    "canonicalName" : "Staub Martin",
    "synonyms" : [ "Martin Staub", "Martin Staub" ]
  }, {
    "canonicalName" : "Valiquer Grecuccio Nicole",
    "synonyms" : [ "Nicole Valiquer Grecuccio", "Nicole Valiquer Grecuccio" ]
  }, {
    "canonicalName" : "Rielle Jean Charles",
    "synonyms" : [ "Jean Charles Rielle", "Jean Charles Rielle" ]
  }, {
    "canonicalName" : "Gavilanes Amanda",
    "synonyms" : [ "Amanda Gavilanes", "Amanda Gavilanes" ]
  }, {
    "canonicalName" : "Mizrahi Cyril",
    "synonyms" : [ "Cyril Mizrahi", "Cyril Mizrahi" ]
  }, {
    "canonicalName" : "Casares Maria Jesus",
    "synonyms" : [ "Maria Jesus Casares", "Maria Jesus Casares" ]
  }, {
    "canonicalName" : "Pomatto Michel",
    "synonyms" : [ "Michel Pomatto", "Michel Pomatto" ]
  }, {
    "canonicalName" : "Strasser Léna",
    "synonyms" : [ "Léna Strasser", "Lena Strasser" ]
  }, {
    "canonicalName" : "Kokot Guilhem",
    "synonyms" : [ "Guilhem Kokot", "Guilhem Kokot" ]
  }, {
    "canonicalName" : "Romano Maria",
    "synonyms" : [ "Maria Romano", "Maria Vittoria Romano", "Maria Romano", "Maria Vittoria Romano" ]
  }, {
    "canonicalName" : "Mussa Ahmed",
    "synonyms" : [ "Ahmed Mussa", "Youniss Mussa", "Ahmed Mussa", "Youniss Mussa" ]
  }, {
    "canonicalName" : "Osmani Xhevrie",
    "synonyms" : [ "Xhevrie Osmani", "Xhevrie Osmani" ]
  }, {
    "canonicalName" : "Esteban Diego",
    "synonyms" : [ "Diego Esteban", "Diego Esteban" ]
  }, {
    "canonicalName" : "Baillon Glenna",
    "synonyms" : [ "Glenna Baillon", "Glenna Baillon" ]
  }, {
    "canonicalName" : "Eya Nchama Cruz Melchor",
    "synonyms" : [ "Cruz Melchor Eya Nchama", "Cruz Melchor Eya Nchama" ]
  }, {
    "canonicalName" : "Brandrup Gladys",
    "synonyms" : [ "Gladys Brandrup", "Gladys Acosta Brandrup", "Gladys Brandrup", "Gladys Acosta Brandrup" ]
  }, {
    "canonicalName" : "Chiaradonna Denis",
    "synonyms" : [ "Denis Chiaradonna", "Denis Chiaradonna" ]
  }, {
    "canonicalName" : "Lüthi Badia",
    "synonyms" : [ "Badia Lüthi", "Badia Luthi" ]
  }, {
    "canonicalName" : "Clemence Nicolas",
    "synonyms" : [ "Nicolas Clemence", "Nicolas Clemence" ]
  }, {
    "canonicalName" : "Vatre Patricia",
    "synonyms" : [ "Patricia Vatre", "Patricia Vatre" ]
  }, {
    "canonicalName" : "Zimmermann Michel",
    "synonyms" : [ "Michel Zimmermann", "Michel Zimmermann" ]
  }, {
    "canonicalName" : "Viret Dora",
    "synonyms" : [ "Dora Viret", "Cécilia Viret", "Dora Viret", "Cecilia Viret" ]
  }, {
    "canonicalName" : "Velasco Alberto",
    "synonyms" : [ "Alberto Velasco", "Alberto Velasco" ]
  }, {
    "canonicalName" : "Fabre Michel",
    "synonyms" : [ "Michel Fabre", "Michel Fabre" ]
  }, {
    "canonicalName" : "De Battista Regis",
    "synonyms" : [ "Regis De Battista", "Regis De Battista" ]
  }, {
    "canonicalName" : "Deonna Emmanuel",
    "synonyms" : [ "Emmanuel Deonna", "Emmanuel Deonna" ]
  }, {
    "canonicalName" : "Tombola Jean-Pierre",
    "synonyms" : [ "Jean-Pierre Tombola", "Jean Pierre Tombola" ]
  }, {
    "canonicalName" : "Keel Theo",
    "synonyms" : [ "Theo Keel", "Theo Keel" ]
  }, {
    "canonicalName" : "Lapalud Patrick",
    "synonyms" : [ "Patrick Lapalud", "Patrick Lapalud" ]
  }, {
    "canonicalName" : "Barry Thierno",
    "synonyms" : [ "Thierno Barry", "Thierno Barry" ]
  }, {
    "canonicalName" : "Halimi Hysri",
    "synonyms" : [ "Hysri Halimi", "Hysri Halimi" ]
  }, {
    "canonicalName" : "Gajardo Munoz Jorge",
    "synonyms" : [ "Jorge Gajardo Munoz", "Jorge Gajardo Munoz" ]
  }, {
    "canonicalName" : "Alonso Unica Manuel",
    "synonyms" : [ "Manuel Alonso Unica", "Manuel Alonso Unica" ]
  }, {
    "canonicalName" : "Baldini Frédéric",
    "synonyms" : [ "Frédéric Baldini", "Frederic Baldini" ]
  }, {
    "canonicalName" : "Bruchez Thomas",
    "synonyms" : [ "Thomas Bruchez", "Thomas Bruchez" ]
  }, {
    "canonicalName" : "Benda Benjamin",
    "synonyms" : [ "Benjamin Benda", "Benjamin Benda" ]
  }, {
    "canonicalName" : "Burkhard Roland",
    "synonyms" : [ "Roland Burkhard", "Roland Burkhard" ]
  }, {
    "canonicalName" : "Bosshard Pierre Yves",
    "synonyms" : [ "Pierre Yves Bosshard", "Pierre Yves Bosshard" ]
  }, {
    "canonicalName" : "Kurteshi Ismet",
    "synonyms" : [ "Ismet Kurteshi", "Ismet Kurteshi" ]
  }, {
    "canonicalName" : "Maudet Pierre",
    "synonyms" : [ "Pierre Maudet", "Pierre Maudet" ]
  }, {
    "canonicalName" : "Fontanet Nathalie",
    "synonyms" : [ "Nathalie Fontanet", "Nathalie Fontanet" ]
  }, {
    "canonicalName" : "De Senarclens Alexandre",
    "synonyms" : [ "Alexandre De Senarclens", "Alexandre De Senarclens" ]
  }, {
    "canonicalName" : "De Montmollin Simone",
    "synonyms" : [ "Simone De Montmollin", "Simone De Montmollin" ]
  }, {
    "canonicalName" : "Morel Philippe",
    "synonyms" : [ "Philippe Morel", "Philippe Morel" ]
  }, {
    "canonicalName" : "Putallaz Jean",
    "synonyms" : [ "Jean Putallaz", "Jean Jean Romain", "Jean Putallaz", "Jean Jean Romain" ]
  }, {
    "canonicalName" : "Saudan Patrick",
    "synonyms" : [ "Patrick Saudan", "Patrick Saudan" ]
  }, {
    "canonicalName" : "Selleger Charles",
    "synonyms" : [ "Charles Selleger", "Charles Selleger" ]
  }, {
    "canonicalName" : "Uehlinger Pascal",
    "synonyms" : [ "Pascal Uehlinger", "Pascal Uehlinger" ]
  }, {
    "canonicalName" : "Vuillod Georges",
    "synonyms" : [ "Georges Vuillod", "Georges Vuillod" ]
  }, {
    "canonicalName" : "Wicky Raymond",
    "synonyms" : [ "Raymond Wicky", "Raymond Wicky" ]
  }, {
    "canonicalName" : "Zuber Céline",
    "synonyms" : [ "Céline Zuber", "Céline Roy", "Celine Zuber", "Celine Roy" ]
  }, {
    "canonicalName" : "Zweifel Yvan",
    "synonyms" : [ "Yvan Zweifel", "Yvan Zweifel" ]
  }, {
    "canonicalName" : "Aellen Cyril",
    "synonyms" : [ "Cyril Aellen", "Cyril Aellen" ]
  }, {
    "canonicalName" : "Alder Murat Julian",
    "synonyms" : [ "Murat Julian Alder", "Murat Julian Alder" ]
  }, {
    "canonicalName" : "Barbey Alexis",
    "synonyms" : [ "Alexis Barbey", "Alexis Barbey" ]
  }, {
    "canonicalName" : "Barde Antoine",
    "synonyms" : [ "Antoine Barde", "Antoine Barde" ]
  }, {
    "canonicalName" : "Béné Jacques",
    "synonyms" : [ "Jacques Béné", "Jacques Bene" ]
  }, {
    "canonicalName" : "De Candolle Beatriz",
    "synonyms" : [ "Beatriz De Candolle", "Beatriz De Candolle" ]
  }, {
    "canonicalName" : "Conne Pierre",
    "synonyms" : [ "Pierre Conne", "Pierre Conne" ]
  }, {
    "canonicalName" : "Cuendet Edouard",
    "synonyms" : [ "Edouard Cuendet", "Edouard Cuendet" ]
  }, {
    "canonicalName" : "Hardyn Nathalie",
    "synonyms" : [ "Nathalie Hardyn", "Nathalie Hardyn" ]
  }, {
    "canonicalName" : "Hiltpold Serge",
    "synonyms" : [ "Serge Hiltpold", "Serge Hiltpold" ]
  }, {
    "canonicalName" : "Malek-Asghar Patrick",
    "synonyms" : [ "Patrick Malek-Asghar", "Patrick Malek Asghar" ]
  }, {
    "canonicalName" : "Monbaron Fabienne",
    "synonyms" : [ "Fabienne Monbaron", "Fabienne Monbaron-Stress", "Fabienne Monbaron", "Fabienne Monbaron Stress" ]
  }, {
    "canonicalName" : "Morand Louise",
    "synonyms" : [ "Louise Morand", "Louise Morand" ]
  }, {
    "canonicalName" : "Nicollier Pierre",
    "synonyms" : [ "Pierre Nicollier", "Pierre Nicollier" ]
  }, {
    "canonicalName" : "Oppliger Danielle",
    "synonyms" : [ "Danielle Oppliger", "Danielle Oppliger" ]
  }, {
    "canonicalName" : "Orsini Antoine",
    "synonyms" : [ "Antoine Orsini", "Antoine Orsini" ]
  }, {
    "canonicalName" : "Pasquier Jean-Pierre",
    "synonyms" : [ "Jean-Pierre Pasquier", "Jean Pierre Pasquier" ]
  }, {
    "canonicalName" : "Patek Serge",
    "synonyms" : [ "Serge Patek", "Serge Patek" ]
  }, {
    "canonicalName" : "De Planta Francine",
    "synonyms" : [ "Francine De Planta", "Francine De Planta" ]
  }, {
    "canonicalName" : "Rana Zolana Ginior",
    "synonyms" : [ "Ginior Rana Zolana", "Ginior Rana Zolana" ]
  }, {
    "canonicalName" : "Rigotti Maria",
    "synonyms" : [ "Maria Rigotti", "Helena Rigotti", "Maria Rigotti", "Helena Rigotti" ]
  }, {
    "canonicalName" : "Roullet Michèle",
    "synonyms" : [ "Michèle Roullet", "Michele Roullet" ]
  }, {
    "canonicalName" : "Schaller Vincent",
    "synonyms" : [ "Vincent Schaller", "Vincent Schaller" ]
  }, {
    "canonicalName" : "Schneebeli Roland-Daniel",
    "synonyms" : [ "Roland-Daniel Schneebeli", "Roland Daniel Schneebeli" ]
  }, {
    "canonicalName" : "Senglet Christophe",
    "synonyms" : [ "Christophe Senglet", "Christophe Senglet" ]
  }, {
    "canonicalName" : "Serrano Philippe",
    "synonyms" : [ "Philippe Serrano", "Philippe Serrano" ]
  }, {
    "canonicalName" : "Sommer Monika",
    "synonyms" : [ "Monika Sommer", "Monika Sommer" ]
  }, {
    "canonicalName" : "Steiner Matthieu",
    "synonyms" : [ "Matthieu Steiner", "Matthieu Steiner" ]
  }, {
    "canonicalName" : "Subilia Vincent",
    "synonyms" : [ "Vincent Subilia", "Vincent Subilia" ]
  }, {
    "canonicalName" : "Taboada Francisco",
    "synonyms" : [ "Francisco Taboada", "Francisco Taboada" ]
  }, {
    "canonicalName" : "Tschopp Laurent",
    "synonyms" : [ "Laurent Tschopp", "Laurent Tschopp" ]
  }, {
    "canonicalName" : "Wavre Rolin",
    "synonyms" : [ "Rolin Wavre", "Rolin Wavre" ]
  }, {
    "canonicalName" : "Wicki Guy",
    "synonyms" : [ "Guy Wicki", "Guy Wicki" ]
  }, {
    "canonicalName" : "Wolfisberg François",
    "synonyms" : [ "François Wolfisberg", "Francois Wolfisberg" ]
  }, {
    "canonicalName" : "Agramunt Gian-Reto",
    "synonyms" : [ "Gian-Reto Agramunt", "Gian Reto Agramunt" ]
  }, {
    "canonicalName" : "Apothéloz Jacques",
    "synonyms" : [ "Jacques Apothéloz", "Jacques Apotheloz" ]
  }, {
    "canonicalName" : "Aubert Nicolas",
    "synonyms" : [ "Nicolas Aubert", "Nicolas Aubert" ]
  }, {
    "canonicalName" : "Barbier-Mueller Diane",
    "synonyms" : [ "Diane Barbier-Mueller", "Diane Barbier Mueller" ]
  }, {
    "canonicalName" : "Bellingeri Stefano Vito",
    "synonyms" : [ "Stefano Vito Bellingeri", "Stefano Vito Bellingeri" ]
  }, {
    "canonicalName" : "Bersier Julie",
    "synonyms" : [ "Julie Bersier", "Julie Bersier" ]
  }, {
    "canonicalName" : "Blanch Richard-Pascal",
    "synonyms" : [ "Richard-Pascal Blanch", "Pascal Blanch", "Richard Pascal Blanch", "Pascal Blanch" ]
  }, {
    "canonicalName" : "Böhler Frances",
    "synonyms" : [ "Frances Böhler", "Frances Böhler-GoodshipElizabeth BöhlerElizabeth Böhler-Goodship", "Frances Bohler", "Frances Bohler GoodshipElizabeth BohlerElizabeth Bohler Goodship" ]
  }, {
    "canonicalName" : "Bouvier Christine",
    "synonyms" : [ "Christine Bouvier", "Christine Bouvier" ]
  }, {
    "canonicalName" : "Brandt Simon",
    "synonyms" : [ "Simon Brandt", "Simon Brandt" ]
  }, {
    "canonicalName" : "Bron Gilles-Olivier",
    "synonyms" : [ "Gilles-Olivier Bron", "Gilles Olivier Bron" ]
  }, {
    "canonicalName" : "Brunel Mayori",
    "synonyms" : [ "Mayori Brunel", "Mayori Brunel" ]
  }, {
    "canonicalName" : "Burri Rémy",
    "synonyms" : [ "Rémy Burri", "Remy Burri" ]
  }, {
    "canonicalName" : "Cornu Renate",
    "synonyms" : [ "Renate Cornu", "Renate Cornu" ]
  }, {
    "canonicalName" : "Creffield Conrad",
    "synonyms" : [ "Conrad Creffield", "Conrad Creffield" ]
  }, {
    "canonicalName" : "Daher Vincent",
    "synonyms" : [ "Vincent Daher", "Vincent Daher" ]
  }, {
    "canonicalName" : "Dérobert Thierry",
    "synonyms" : [ "Thierry Dérobert", "Thierry Derobert" ]
  }, {
    "canonicalName" : "Desfayes Natacha",
    "synonyms" : [ "Natacha Desfayes", "Natacha Buffet-Desfayes", "Natacha Desfayes", "Natacha Buffet Desfayes" ]
  }, {
    "canonicalName" : "Douzals Jacques",
    "synonyms" : [ "Jacques Douzals", "Jacques Douzals" ]
  }, {
    "canonicalName" : "Fiss Joëlle",
    "synonyms" : [ "Joëlle Fiss", "Joelle Fiss" ]
  }, {
    "canonicalName" : "Genecand Adrien",
    "synonyms" : [ "Adrien Genecand", "Adrien Genecand" ]
  }, {
    "canonicalName" : "Giacobino Donata",
    "synonyms" : [ "Donata Giacobino", "Donata Giacobino-FroidevauxNadia GiacobinoNadia Giacobino-Froidevaux", "Donata Giacobino", "Donata Giacobino FroidevauxNadia GiacobinoNadia Giacobino Froidevaux" ]
  }, {
    "canonicalName" : "Grand Eric",
    "synonyms" : [ "Eric Grand", "Eric Grand" ]
  }, {
    "canonicalName" : "Grognuz Fabien",
    "synonyms" : [ "Fabien Grognuz", "Fabien Grognuz" ]
  }, {
    "canonicalName" : "Jay Sylvie",
    "synonyms" : [ "Sylvie Jay", "Sylvie Jay" ]
  }, {
    "canonicalName" : "Jud Philippe",
    "synonyms" : [ "Philippe Jud", "Philippe Jud" ]
  }, {
    "canonicalName" : "Kämpfen Véronique",
    "synonyms" : [ "Véronique Kämpfen", "Veronique Kampfen" ]
  }, {
    "canonicalName" : "Lämmel Valérie",
    "synonyms" : [ "Valérie Lämmel", "Valérie Laemmel-Juillard", "Valerie Lammel", "Valerie Laemmel Juillard" ]
  }, {
    "canonicalName" : "Leiser Jean-Marc",
    "synonyms" : [ "Jean-Marc Leiser", "Jean Marc Leiser" ]
  }, {
    "canonicalName" : "Locher Jean",
    "synonyms" : [ "Jean Locher", "Jean Locher" ]
  }, {
    "canonicalName" : "Luzzatto Christine",
    "synonyms" : [ "Christine Luzzatto", "Christine Luzzatto" ]
  }, {
    "canonicalName" : "Messerli Marie-Claire",
    "synonyms" : [ "Marie-Claire Messerli", "Marie Claire Messerli" ]
  }, {
    "canonicalName" : "Meyer Philippe",
    "synonyms" : [ "Philippe Meyer", "Philippe Meyer" ]
  }, {
    "canonicalName" : "Barthassat Luc",
    "synonyms" : [ "Luc Barthassat", "Luc Barthassat" ]
  }, {
    "canonicalName" : "Dal Busco Serge",
    "synonyms" : [ "Serge Dal Busco", "Serge Dal Busco" ]
  }, {
    "canonicalName" : "Buchs Bertrand",
    "synonyms" : [ "Bertrand Buchs", "Bertrand Buchs" ]
  }, {
    "canonicalName" : "Aebi Benjamin",
    "synonyms" : [ "Benjamin Aebi", "Benjamin Aebi" ]
  }, {
    "canonicalName" : "Angelozzi Philippe",
    "synonyms" : [ "Philippe Angelozzi", "Philippe Angelozzi" ]
  }, {
    "canonicalName" : "Von Arx-Vernon Anne-Marie",
    "synonyms" : [ "Anne-Marie Von Arx-Vernon", "Anne Marie Von Arx Vernon" ]
  }, {
    "canonicalName" : "Bachmann Delphine",
    "synonyms" : [ "Delphine Bachmann", "Delphine Bachmann" ]
  }, {
    "canonicalName" : "Bidaux Patricia",
    "synonyms" : [ "Patricia Bidaux", "Patricia Bidaux-Rodriguez", "Patricia Bidaux", "Patricia Bidaux Rodriguez" ]
  }, {
    "canonicalName" : "Blondin Jacques",
    "synonyms" : [ "Jacques Blondin", "Jacques Blondin" ]
  }, {
    "canonicalName" : "Bocquet Claude",
    "synonyms" : [ "Claude Bocquet", "Claude Bocquet" ]
  }, {
    "canonicalName" : "Bourbala Djamel",
    "synonyms" : [ "Djamel Bourbala", "Djamel Bourbala" ]
  }, {
    "canonicalName" : "Bouvier Jérémy",
    "synonyms" : [ "Jérémy Bouvier", "Jeremy Bouvier" ]
  }, {
    "canonicalName" : "Bugnion Jean-Michel",
    "synonyms" : [ "Jean-Michel Bugnion", "Jean Michel Bugnion" ]
  }, {
    "canonicalName" : "Casutt Martine",
    "synonyms" : [ "Martine Casutt", "Martine Casutt" ]
  }, {
    "canonicalName" : "Cerutti Olivier",
    "synonyms" : [ "Olivier Cerutti", "Olivier Cerutti" ]
  }, {
    "canonicalName" : "Chaker Mangeat Alia",
    "synonyms" : [ "Alia Chaker Mangeat", "Alia Chaker Mangeat" ]
  }, {
    "canonicalName" : "Chevalier Alexandre",
    "synonyms" : [ "Alexandre Chevalier", "Alexandre Chevalier" ]
  }, {
    "canonicalName" : "Decrey Christophe",
    "synonyms" : [ "Christophe Decrey", "Christophe Decrey" ]
  }, {
    "canonicalName" : "Deluermoz Cosima",
    "synonyms" : [ "Cosima Deluermoz", "Cosima Deluermoz" ]
  }, {
    "canonicalName" : "Desfayes Sébastien",
    "synonyms" : [ "Sébastien Desfayes", "Sebastien Desfayes" ]
  }, {
    "canonicalName" : "Dulex Christophe",
    "synonyms" : [ "Christophe Dulex", "Christophe Dulex" ]
  }, {
    "canonicalName" : "Dupont Thérèse",
    "synonyms" : [ "Thérèse Dupont", "Therese Dupont" ]
  }, {
    "canonicalName" : "Engelberts Marie-Thérèse",
    "synonyms" : [ "Marie-Thérèse Engelberts", "Marie-Thérèse Engelberts-Leone", "Marie Therese Engelberts", "Marie Therese Engelberts Leone" ]
  }, {
    "canonicalName" : "Fischer Daniel",
    "synonyms" : [ "Daniel Fischer", "Daniel Fischer" ]
  }, {
    "canonicalName" : "Forni Jean-Luc",
    "synonyms" : [ "Jean-Luc Forni", "Jean Luc Forni" ]
  }, {
    "canonicalName" : "Fournier Nicolas",
    "synonyms" : [ "Nicolas Fournier", "Nicolas Fournier" ]
  }, {
    "canonicalName" : "Frischknecht Catherine",
    "synonyms" : [ "Catherine Frischknecht", "Catherine Frischknecht" ]
  }, {
    "canonicalName" : "Gache Hélène",
    "synonyms" : [ "Hélène Gache", "Helene Gache" ]
  }, {
    "canonicalName" : "Gashi Sami",
    "synonyms" : [ "Sami Gashi", "Sami Gashi" ]
  }, {
    "canonicalName" : "Giannasi Anthony",
    "synonyms" : [ "Anthony Giannasi", "Anthony Giannasi" ]
  }, {
    "canonicalName" : "Giannelli Mark",
    "synonyms" : [ "Mark Giannelli", "Mark Giannelli" ]
  }, {
    "canonicalName" : "Gioria Gaëlle",
    "synonyms" : [ "Gaëlle Gioria", "Gaelle Gioria" ]
  }, {
    "canonicalName" : "Guinchard Jean-Marc",
    "synonyms" : [ "Jean-Marc Guinchard", "Jean Marc Guinchard" ]
  }, {
    "canonicalName" : "De Kalbermatten Alain",
    "synonyms" : [ "Alain De Kalbermatten", "Alain De Kalbermatten" ]
  }, {
    "canonicalName" : "Khattabi Hassar Houda",
    "synonyms" : [ "Houda Khattabi Hassar", "Houda Khattabi Hassar" ]
  }, {
    "canonicalName" : "Kunz Laurence",
    "synonyms" : [ "Laurence Kunz", "Laurence Kunz" ]
  }, {
    "canonicalName" : "Lance François",
    "synonyms" : [ "François Lance", "Francois Lance" ]
  }, {
    "canonicalName" : "Lathion Jean Charles",
    "synonyms" : [ "Jean Charles Lathion", "Jean Charles Lathion" ]
  }, {
    "canonicalName" : "Lehner Laurent",
    "synonyms" : [ "Laurent Lehner", "Laurent Lehner" ]
  }, {
    "canonicalName" : "Lupo Paolo",
    "synonyms" : [ "Paolo Lupo", "Paolo Lupo" ]
  }, {
    "canonicalName" : "Magnin Xavier",
    "synonyms" : [ "Xavier Magnin", "Xavier Magnin" ]
  }, {
    "canonicalName" : "Magnin Yves",
    "synonyms" : [ "Yves Magnin", "Yves Magnin" ]
  }, {
    "canonicalName" : "Maitre Vincent",
    "synonyms" : [ "Vincent Maitre", "Vincent Maitre" ]
  }, {
    "canonicalName" : "Makki Michela",
    "synonyms" : [ "Michela Makki", "Michèle Makki", "Michela Makki", "Michele Makki" ]
  }, {
    "canonicalName" : "Meissner Reyfer Christine",
    "synonyms" : [ "Christine Meissner Reyfer", "Christina Meissner Reyfer", "Christine Meissner Reyfer", "Christina Meissner Reyfer" ]
  }, {
    "canonicalName" : "Merle Emmanuelle",
    "synonyms" : [ "Emmanuelle Merle", "Emmanuelle Merle" ]
  }, {
    "canonicalName" : "Mettan Guy",
    "synonyms" : [ "Guy Mettan", "Guy Mettan" ]
  }, {
    "canonicalName" : "Meyer De Stadelhofen Philippe",
    "synonyms" : [ "Philippe Meyer De Stadelhofen", "Philippe Meyer De Stadelhofen" ]
  }, {
    "canonicalName" : "Mondoux Alexandre",
    "synonyms" : [ "Alexandre Mondoux", "Alexandre Mondoux" ]
  }, {
    "canonicalName" : "Moroni Catherine",
    "synonyms" : [ "Catherine Moroni", "Catherine Moroni" ]
  }, {
    "canonicalName" : "Neuder Isabelle",
    "synonyms" : [ "Isabelle Neuder", "Isabelle Neuder" ]
  }, {
    "canonicalName" : "Ouedraogo Moustapha",
    "synonyms" : [ "Moustapha Ouedraogo", "Moustapha Ouedraogo" ]
  }, {
    "canonicalName" : "Perret Vincent",
    "synonyms" : [ "Vincent Perret", "Vincent Perret" ]
  }, {
    "canonicalName" : "Pfeiffer Alex",
    "synonyms" : [ "Alex Pfeiffer", "Alex Pfeiffer" ]
  }, {
    "canonicalName" : "Progin Christian",
    "synonyms" : [ "Christian Progin", "Christian Progin" ]
  }, {
    "canonicalName" : "Putallaz Thomas",
    "synonyms" : [ "Thomas Putallaz", "Thomas Putallaz" ]
  }, {
    "canonicalName" : "Rasolo Daniel",
    "synonyms" : [ "Daniel Rasolo", "Daniel Rasolo" ]
  }, {
    "canonicalName" : "Ruchet Philippe",
    "synonyms" : [ "Philippe Ruchet", "Philippe Ruchet" ]
  }, {
    "canonicalName" : "Rys Alexandra",
    "synonyms" : [ "Alexandra Rys", "Alexandra Rys" ]
  }, {
    "canonicalName" : "Saudan Guy",
    "synonyms" : [ "Guy Saudan", "Guy Saudan" ]
  }, {
    "canonicalName" : "Sayegh Souheil",
    "synonyms" : [ "Souheil Sayegh", "Souheil Sayegh" ]
  }, {
    "canonicalName" : "Scandurra Alessandro",
    "synonyms" : [ "Alessandro Scandurra", "Alessandro Scandurra" ]
  }, {
    "canonicalName" : "Schmied Patrick",
    "synonyms" : [ "Patrick Schmied", "Patrick Schmied" ]
  }, {
    "canonicalName" : "Schrag Sylvianne",
    "synonyms" : [ "Sylvianne Schrag", "Sylvianne Schrag" ]
  }, {
    "canonicalName" : "Simoes Jose",
    "synonyms" : [ "Jose Simoes", "Jose Simoes" ]
  }, {
    "canonicalName" : "Sopi Dardan",
    "synonyms" : [ "Dardan Sopi", "Dardan Sopi" ]
  }, {
    "canonicalName" : "Squillaci Nicola",
    "synonyms" : [ "Nicola Squillaci", "Nicola Squillaci" ]
  }, {
    "canonicalName" : "Steinberg Candrian Melinda",
    "synonyms" : [ "Melinda Steinberg Candrian", "Melinda Steinberg Candrian" ]
  }, {
    "canonicalName" : "Tomassi Christine",
    "synonyms" : [ "Christine Tomassi", "Christine Tomassi" ]
  }, {
    "canonicalName" : "Tremblet Laurent",
    "synonyms" : [ "Laurent Tremblet", "Laurent Tremblet" ]
  }, {
    "canonicalName" : "Uong Dinh Manh",
    "synonyms" : [ "Dinh Manh Uong", "Dinh Manh Uong" ]
  }, {
    "canonicalName" : "Völki Robert",
    "synonyms" : [ "Robert Völki", "Robert Volki" ]
  }, {
    "canonicalName" : "Vuarnoz Emanuela",
    "synonyms" : [ "Emanuela Vuarnoz", "Emanuelle Vuarnoz", "Emanuela Vuarnoz", "Emanuelle Vuarnoz" ]
  }, {
    "canonicalName" : "Wehrli Patrick",
    "synonyms" : [ "Patrick Wehrli", "Patrick Wehrli" ]
  }, {
    "canonicalName" : "Zimmermann Luc",
    "synonyms" : [ "Luc Zimmermann", "Luc Zimmermann" ]
  }, {
    "canonicalName" : "Zimmermann Bertrand",
    "synonyms" : [ "Bertrand Zimmermann", "Bertrand Zimmermann" ]
  }, {
    "canonicalName" : "Nidegger Yves",
    "synonyms" : [ "Yves Nidegger", "Yves Nidegger" ]
  }, {
    "canonicalName" : "Bläsi Thomas",
    "synonyms" : [ "Thomas Bläsi", "Thomas Blasi" ]
  }, {
    "canonicalName" : "Florey Stéphane",
    "synonyms" : [ "Stéphane Florey", "Stephane Florey" ]
  }, {
    "canonicalName" : "Leyvraz Eric",
    "synonyms" : [ "Eric Leyvraz", "Eric Leyvraz" ]
  }, {
    "canonicalName" : "Fuhrmann Marc",
    "synonyms" : [ "Marc Fuhrmann", "Marc Fuhrmann" ]
  }, {
    "canonicalName" : "Lussi Patrick",
    "synonyms" : [ "Patrick Lussi", "Patrick Lussi" ]
  }, {
    "canonicalName" : "Ivanov Christo",
    "synonyms" : [ "Christo Ivanov", "Christo Ivanov" ]
  }, {
    "canonicalName" : "Falquet Marc",
    "synonyms" : [ "Marc Falquet", "Marc Falquet" ]
  }, {
    "canonicalName" : "Maendly Norbert",
    "synonyms" : [ "Norbert Maendly", "Norbert Maendly" ]
  }, {
    "canonicalName" : "Pfeffer André",
    "synonyms" : [ "André Pfeffer", "Andre Pfeffer" ]
  }, {
    "canonicalName" : "Catelain Gilbert",
    "synonyms" : [ "Gilbert Catelain", "Gilbert Catelain" ]
  }, {
    "canonicalName" : "Hulliger Patrick",
    "synonyms" : [ "Patrick Hulliger", "Patrick Hulliger" ]
  }, {
    "canonicalName" : "Michaud Eliane",
    "synonyms" : [ "Eliane Michaud", "Eliane Ansermet", "Eliane Michaud", "Eliane Ansermet" ]
  }, {
    "canonicalName" : "Scherb Peter",
    "synonyms" : [ "Peter Scherb", "Pierre Scherb", "Peter Scherb", "Pierre Scherb" ]
  }, {
    "canonicalName" : "Stark Riccardo",
    "synonyms" : [ "Riccardo Stark", "Richard Stark", "Riccardo Stark", "Richard Stark" ]
  }, {
    "canonicalName" : "Guinchard Damien",
    "synonyms" : [ "Damien Guinchard", "Damien Guinchard" ]
  }, {
    "canonicalName" : "Bisol Walter",
    "synonyms" : [ "Walter Bisol", "Walter Bisol" ]
  }, {
    "canonicalName" : "Masé Zora",
    "synonyms" : [ "Zora Masé", "Zora Mase" ]
  }, {
    "canonicalName" : "Velen François",
    "synonyms" : [ "François Velen", "Francois Velen" ]
  }, {
    "canonicalName" : "Knörr Stephen",
    "synonyms" : [ "Stephen Knörr", "Stephen Knorr" ]
  }, {
    "canonicalName" : "Rubeli Pascal",
    "synonyms" : [ "Pascal Rubeli", "Pascal Rubeli" ]
  }, {
    "canonicalName" : "Lyon Didier",
    "synonyms" : [ "Didier Lyon", "Didier Lyon" ]
  }, {
    "canonicalName" : "Perrenoud Philippe",
    "synonyms" : [ "Philippe Perrenoud", "Philippe Perrenoud" ]
  }, {
    "canonicalName" : "Dutruit André",
    "synonyms" : [ "André Dutruit", "Andre Dutruit" ]
  }, {
    "canonicalName" : "Altenbach Pascal",
    "synonyms" : [ "Pascal Altenbach", "Pascal Altenbach" ]
  }, {
    "canonicalName" : "Queffélec Philippe",
    "synonyms" : [ "Philippe Queffélec", "Philippe Queffelec" ]
  }, {
    "canonicalName" : "Laporte Claude",
    "synonyms" : [ "Claude Laporte", "Claude Laporte" ]
  }, {
    "canonicalName" : "Conti Virna",
    "synonyms" : [ "Virna Conti", "Virna Conti" ]
  }, {
    "canonicalName" : "Parel Loïc",
    "synonyms" : [ "Loïc Parel", "Loic Parel" ]
  }, {
    "canonicalName" : "Heddi Leila",
    "synonyms" : [ "Leila Heddi", "Leila Heddi" ]
  }, {
    "canonicalName" : "Gomes De Almeida José",
    "synonyms" : [ "José Gomes De Almeida", "Manuel Gomes De Almeida", "Jose Gomes De Almeida", "Manuel Gomes De Almeida" ]
  }, {
    "canonicalName" : "Bertinat Marie-Agnès",
    "synonyms" : [ "Marie-Agnès Bertinat", "Marie Agnes Bertinat" ]
  }, {
    "canonicalName" : "Mounla Alexandre",
    "synonyms" : [ "Alexandre Mounla", "Alexandre Mounla" ]
  }, {
    "canonicalName" : "Dournow David",
    "synonyms" : [ "David Dournow", "David Dournow" ]
  }, {
    "canonicalName" : "Chaussivert Patrice",
    "synonyms" : [ "Patrice Chaussivert", "Patrice Chaussivert" ]
  }, {
    "canonicalName" : "Knoll Tatiana",
    "synonyms" : [ "Tatiana Knoll", "Tatiana Knoll" ]
  }, {
    "canonicalName" : "Rime Alexandre",
    "synonyms" : [ "Alexandre Rime", "Alexandre Rime" ]
  }, {
    "canonicalName" : "Desyatkina Dzodziev Viktoriya",
    "synonyms" : [ "Viktoriya Desyatkina Dzodziev", "Viktoriya Desyatkina Dzodziev" ]
  }, {
    "canonicalName" : "Thomas Sébastien",
    "synonyms" : [ "Sébastien Thomas", "Sebastien Thomas" ]
  }, {
    "canonicalName" : "Romanens Mathieu",
    "synonyms" : [ "Mathieu Romanens", "Mathieu Romanens" ]
  }, {
    "canonicalName" : "Schweizer Adriana",
    "synonyms" : [ "Adriana Schweizer", "Adriana Schweizer" ]
  }, {
    "canonicalName" : "Khachatryan Gohar",
    "synonyms" : [ "Gohar Khachatryan", "Gohar Khachatryan" ]
  }, {
    "canonicalName" : "Prando Stéphane",
    "synonyms" : [ "Stéphane Prando", "Stephane Prando" ]
  }, {
    "canonicalName" : "Borer Maria Da Conceicao",
    "synonyms" : [ "Maria Da Conceicao Borer", "Maria Da Conceicao Borer" ]
  }, {
    "canonicalName" : "Akaba El Mostafa",
    "synonyms" : [ "El Mostafa Akaba", "El Mostafa Akaba" ]
  }, {
    "canonicalName" : "Léguillon Angèle",
    "synonyms" : [ "Angèle Léguillon", "Angele Leguillon" ]
  }, {
    "canonicalName" : "Bontoux Caroline",
    "synonyms" : [ "Caroline Bontoux", "Caroline Bontoux" ]
  }, {
    "canonicalName" : "Honegger Heller Manuela",
    "synonyms" : [ "Manuela Honegger Heller", "Manuela Honegger Heller" ]
  }, {
    "canonicalName" : "Ocharan Robles Rapaz Eva",
    "synonyms" : [ "Eva Ocharan Robles Rapaz", "Eva Ocharan Robles", "Eva Ocharan Robles Rapaz", "Eva Ocharan Robles" ]
  }, {
    "canonicalName" : "Da Cruz Pedro Anna",
    "synonyms" : [ "Anna Da Cruz Pedro", "Anna Da Cruz Perret-Gentil", "Anna Da Cruz Pedro", "Anna Da Cruz Perret Gentil" ]
  }, {
    "canonicalName" : "Borcard Anne",
    "synonyms" : [ "Anne Borcard", "Anne Borcard" ]
  }, {
    "canonicalName" : "Müller Fabienne",
    "synonyms" : [ "Fabienne Müller", "Fabienne Abramovich", "Fabienne Muller", "Fabienne Abramovich" ]
  }, {
    "canonicalName" : "Yol Diana",
    "synonyms" : [ "Diana Yol", "Diana Yol" ]
  }, {
    "canonicalName" : "Randegger Alice",
    "synonyms" : [ "Alice Randegger", "Alice Randegger" ]
  }, {
    "canonicalName" : "Depraetere Graciela",
    "synonyms" : [ "Graciela Depraetere", "Graciela Depraetere-Manulis", "Graciela Depraetere", "Graciela Depraetere Manulis" ]
  }, {
    "canonicalName" : "Ozdemir Elcim",
    "synonyms" : [ "Elcim Ozdemir", "Elcim ÖzdemirElçim OzdemirElçim Özdemir", "Elcim Ozdemir", "Elcim ÖzdemirElcim OzdemirElcim Özdemir" ]
  }, {
    "canonicalName" : "Ricciardi Werlen Jacqueline",
    "synonyms" : [ "Jacqueline Ricciardi Werlen", "Jacqueline Ricciardi Werlen" ]
  }, {
    "canonicalName" : "Rossier Fahrion Cerise",
    "synonyms" : [ "Cerise Rossier Fahrion", "Cerise Rossier Fahrion" ]
  }, {
    "canonicalName" : "Boselli Gauthey Monica",
    "synonyms" : [ "Monica Boselli Gauthey", "Monica Boselli Gauthey" ]
  }, {
    "canonicalName" : "Lavrador Dias Claudia",
    "synonyms" : [ "Claudia Lavrador Dias", "Claudia Dias", "Claudia Lavrador Dias", "Claudia Dias" ]
  }, {
    "canonicalName" : "Jauch Caroline",
    "synonyms" : [ "Caroline Jauch", "Caroline Jauch" ]
  }, {
    "canonicalName" : "Grange Marie-Florence",
    "synonyms" : [ "Marie-Florence Grange", "Marie Florence Grange" ]
  }, {
    "canonicalName" : "Mazzoni Nikita",
    "synonyms" : [ "Nikita Mazzoni", "Nikita Mazzoni" ]
  }, {
    "canonicalName" : "Langer Valérie",
    "synonyms" : [ "Valérie Langer", "Valerie Langer" ]
  }, {
    "canonicalName" : "Mayoral Edo Corinne",
    "synonyms" : [ "Corinne Mayoral Edo", "Corinne Mayoral", "Corinne Mayoral Edo", "Corinne Mayoral" ]
  }, {
    "canonicalName" : "Thomias Leduc Diana",
    "synonyms" : [ "Diana Thomias Leduc", "Diana Thomias Leduc" ]
  }, {
    "canonicalName" : "Orsini Magali",
    "synonyms" : [ "Magali Orsini", "Magali Orsini" ]
  }, {
    "canonicalName" : "Gauthier Pierre",
    "synonyms" : [ "Pierre Gauthier", "Pierre Gauthier" ]
  }, {
    "canonicalName" : "Armand Catherine",
    "synonyms" : [ "Catherine Armand", "Catherine Armand" ]
  }, {
    "canonicalName" : "Guex Stéphane",
    "synonyms" : [ "Stéphane Guex", "dit Guex-Pierre Guex", "Stephane Guex", "dit Guex Pierre Guex" ]
  }, {
    "canonicalName" : "Humberset Corinne",
    "synonyms" : [ "Corinne Humberset", "Corinne Humberset" ]
  }, {
    "canonicalName" : "Ruckterstuhl Jean-Claude",
    "synonyms" : [ "Jean-Claude Ruckterstuhl", "Jean Claude Ruckterstuhl" ]
  }, {
    "canonicalName" : "Longo Katrin",
    "synonyms" : [ "Katrin Longo", "Katrin Longo" ]
  }, {
    "canonicalName" : "Girod Nicolas",
    "synonyms" : [ "Nicolas Girod", "Nicolas Girod" ]
  }, {
    "canonicalName" : "Küderli Berkane Nicole",
    "synonyms" : [ "Nicole Küderli Berkane", "Nicole Kuderli Berkane" ]
  }, {
    "canonicalName" : "Flaks Joël",
    "synonyms" : [ "Joël Flaks", "Joel Flaks" ]
  }, {
    "canonicalName" : "Perrin Brigitte",
    "synonyms" : [ "Brigitte Perrin", "Brigitte Perrin" ]
  }, {
    "canonicalName" : "Goudal Renaud",
    "synonyms" : [ "Renaud Goudal", "Renaud Goudal" ]
  }, {
    "canonicalName" : "Meynet Danielle",
    "synonyms" : [ "Danielle Meynet", "Danielle Meynet" ]
  }, {
    "canonicalName" : "Meynet Leon",
    "synonyms" : [ "Leon Meynet", "Leon Meynet" ]
  }, {
    "canonicalName" : "Turnowsky Serge",
    "synonyms" : [ "Serge Turnowsky", "Serge Turnowsky" ]
  }, {
    "canonicalName" : "Zimmermann Olivier",
    "synonyms" : [ "Olivier Zimmermann", "Olivier Zimmermann" ]
  }, {
    "canonicalName" : "Chatelain Dimitri",
    "synonyms" : [ "Dimitri Chatelain", "Dimitri Chatelain" ]
  }, {
    "canonicalName" : "Stauffer Eric",
    "synonyms" : [ "Eric Stauffer", "Eric Stauffer" ]
  }, {
    "canonicalName" : "Zacharias Ronald",
    "synonyms" : [ "Ronald Zacharias", "Ronald Zacharias" ]
  }, {
    "canonicalName" : "Saraiva Medeiros Carlos",
    "synonyms" : [ "Carlos Saraiva Medeiros", "Carlos Saraiva Medeiros" ]
  }, {
    "canonicalName" : "Spühler Pascal",
    "synonyms" : [ "Pascal Spühler", "Pascal Spuhler" ]
  }, {
    "canonicalName" : "Gaetanino Marco",
    "synonyms" : [ "Marco Gaetanino", "Marco Gaetanino" ]
  }, {
    "canonicalName" : "Le Jeune Giacobbi Cristina",
    "synonyms" : [ "Cristina Le Jeune Giacobbi", "Cristina Le Jeune Giacobbi" ]
  }, {
    "canonicalName" : "Walther Thierry",
    "synonyms" : [ "Thierry Walther", "Thierry Walther" ]
  }, {
    "canonicalName" : "Hüssy Coppex Viviana Ximena Anghela",
    "synonyms" : [ "Viviana Ximena Anghela Hüssy Coppex", "Viviana Ximena Anghela Hussy Coppex" ]
  }, {
    "canonicalName" : "Loeillet-Rouzier Anne",
    "synonyms" : [ "Anne Loeillet-Rouzier", "Marie Loeillet-Rouzier", "Anne Loeillet Rouzier", "Marie Loeillet Rouzier" ]
  }, {
    "canonicalName" : "Fusco Gerardo",
    "synonyms" : [ "Gerardo Fusco", "Gerardo Fusco" ]
  }, {
    "canonicalName" : "Gamberoni Dominique",
    "synonyms" : [ "Dominique Gamberoni", "Dominique Gamberoni" ]
  }, {
    "canonicalName" : "Nobs Cyril",
    "synonyms" : [ "Cyril Nobs", "Cyril Nobs" ]
  }, {
    "canonicalName" : "Noël Daniel",
    "synonyms" : [ "Daniel Noël", "Daniel Noel" ]
  }, {
    "canonicalName" : "Santi Michel",
    "synonyms" : [ "Michel Santi", "Michel Santi" ]
  }, {
    "canonicalName" : "Picot Jérôme",
    "synonyms" : [ "Jérôme Picot", "Jerome Picot" ]
  }, {
    "canonicalName" : "Ruchonnet Jean-François",
    "synonyms" : [ "Jean-François Ruchonnet", "Jean Francois Ruchonnet" ]
  }, {
    "canonicalName" : "Galetto Frédéric",
    "synonyms" : [ "Frédéric Galetto", "Frederic Galetto" ]
  }, {
    "canonicalName" : "Beck Victoria",
    "synonyms" : [ "Victoria Beck", "Victoria Beck" ]
  }, {
    "canonicalName" : "Antoine Jean-Marc",
    "synonyms" : [ "Jean-Marc Antoine", "Jean Marc Antoine" ]
  }, {
    "canonicalName" : "Rime Fatma",
    "synonyms" : [ "Fatma Rime", "Fatima Rime", "Fatma Rime", "Fatima Rime" ]
  }, {
    "canonicalName" : "L'Huillier Eric",
    "synonyms" : [ "Eric L'Huillier", "Eric L Huillier" ]
  }, {
    "canonicalName" : "Paraná Júnior Valério",
    "synonyms" : [ "Valério Paraná Júnior", "Valerio Paraná Júnior" ]
  }, {
    "canonicalName" : "Lota Raphaëlle",
    "synonyms" : [ "Raphaëlle Lota", "Raphaelle Lota" ]
  }, {
    "canonicalName" : "Thomsen Elena",
    "synonyms" : [ "Elena Thomsen", "Elena Milakova", "Elena Thomsen", "Elena Milakova" ]
  }, {
    "canonicalName" : "Ballesteros Stefan",
    "synonyms" : [ "Stefan Ballesteros", "Stefan Ballesteros" ]
  }, {
    "canonicalName" : "Fabre Jean",
    "synonyms" : [ "Jean Fabre", "Jean Fabre" ]
  }, {
    "canonicalName" : "Nguyen Van Minh",
    "synonyms" : [ "Van Minh Nguyen", "Van Minh Nguyen" ]
  }, {
    "canonicalName" : "Martel Frédéric",
    "synonyms" : [ "Frédéric Martel", "Frederic Martel" ]
  }, {
    "canonicalName" : "Frey Priscilla",
    "synonyms" : [ "Priscilla Frey", "Priscilla Frey" ]
  }, {
    "canonicalName" : "Brkic Vitomir",
    "synonyms" : [ "Vitomir Brkic", "Vitomir Brkic" ]
  }, {
    "canonicalName" : "Levy Yossef",
    "synonyms" : [ "Yossef Levy", "Hai Levy", "Yossef Levy", "Hai Levy" ]
  }, {
    "canonicalName" : "Bissoli Marion",
    "synonyms" : [ "Marion Bissoli", "Marion Le Bacquer", "Marion Bissoli", "Marion Le Bacquer" ]
  }, {
    "canonicalName" : "Cohen Olivier",
    "synonyms" : [ "Olivier Cohen", "Olivier Cohen" ]
  }, {
    "canonicalName" : "Bruguier Michel",
    "synonyms" : [ "Michel Bruguier", "Michel Bruguier" ]
  }, {
    "canonicalName" : "Solteiro Jorge",
    "synonyms" : [ "Jorge Solteiro", "Jorge Solteiro" ]
  }, {
    "canonicalName" : "Halimi Arsim",
    "synonyms" : [ "Arsim Halimi", "Arsim Halimi" ]
  }, {
    "canonicalName" : "Berlemont Alain",
    "synonyms" : [ "Alain Berlemont", "Alain Berlemont" ]
  }, {
    "canonicalName" : "Gargantini Yves",
    "synonyms" : [ "Yves Gargantini", "Yves Gargantini" ]
  }, {
    "canonicalName" : "Maigre Maria Inès",
    "synonyms" : [ "Maria Inès Maigre", "Maria Ines Maigre" ]
  }, {
    "canonicalName" : "Farinha Horacio",
    "synonyms" : [ "Horacio Farinha", "Horacio Farinha" ]
  }, {
    "canonicalName" : "Vidonne Thierry",
    "synonyms" : [ "Thierry Vidonne", "Thierry Vidonne" ]
  }, {
    "canonicalName" : "Leitner André",
    "synonyms" : [ "André Leitner", "Andre Leitner" ]
  }, {
    "canonicalName" : "Delacquis Cédric",
    "synonyms" : [ "Cédric Delacquis", "Cedric Delacquis" ]
  }, {
    "canonicalName" : "Zagato Sophie",
    "synonyms" : [ "Sophie Zagato", "Sophie Zagato" ]
  }, {
    "canonicalName" : "Vidonne Valérie",
    "synonyms" : [ "Valérie Vidonne", "Valerie Vidonne" ]
  }, {
    "canonicalName" : "Ferrand Guy",
    "synonyms" : [ "Guy Ferrand", "Guy Ferrand" ]
  }, {
    "canonicalName" : "Kunzi Nicolas",
    "synonyms" : [ "Nicolas Kunzi", "Nicolas Kunzi" ]
  }, {
    "canonicalName" : "Kugel Mark",
    "synonyms" : [ "Mark Kugel", "Mark Kugel" ]
  }, {
    "canonicalName" : "Thurnherr Laurent",
    "synonyms" : [ "Laurent Thurnherr", "Laurent Thurnherr" ]
  }, {
    "canonicalName" : "Vidonne David",
    "synonyms" : [ "David Vidonne", "David Vidonne" ]
  }, {
    "canonicalName" : "Beureux Silvain",
    "synonyms" : [ "Silvain Beureux", "Silvain Beureux" ]
  }, {
    "canonicalName" : "Kunzi Philippe",
    "synonyms" : [ "Philippe Kunzi", "Philippe Kunzi" ]
  }, {
    "canonicalName" : "Fader Annette",
    "synonyms" : [ "Annette Fader", "Yasuka Fader", "Annette Fader", "Yasuka Fader" ]
  }, {
    "canonicalName" : "Thurnherr Sylvain",
    "synonyms" : [ "Sylvain Thurnherr", "Sylvain Thurnherr" ]
  }, {
    "canonicalName" : "Beureux Johan",
    "synonyms" : [ "Johan Beureux", "Johan Beureux" ]
  }, {
    "canonicalName" : "Poggia Mauro",
    "synonyms" : [ "Mauro Poggia", "Mauro Poggia" ]
  }, {
    "canonicalName" : "Golay Roger",
    "synonyms" : [ "Roger Golay", "Roger Golay" ]
  }, {
    "canonicalName" : "Roch Ana Belen",
    "synonyms" : [ "Ana Belen Roch", "Ana Belen Roch" ]
  }, {
    "canonicalName" : "Sormanni Daniel",
    "synonyms" : [ "Daniel Sormanni", "Daniel Sormanni" ]
  }, {
    "canonicalName" : "Cerutti Thierry",
    "synonyms" : [ "Thierry Cerutti", "Thierry Cerutti" ]
  }, {
    "canonicalName" : "Voumard Jean Marie",
    "synonyms" : [ "Jean Marie Voumard", "Jean Marie Voumard" ]
  }, {
    "canonicalName" : "Le Joncour-Brülhart Céline",
    "synonyms" : [ "Céline Le Joncour-Brülhart", "Celine Le Joncour Brulhart" ]
  }, {
    "canonicalName" : "Bärtschi François",
    "synonyms" : [ "François Bärtschi", "Francois Bartschi" ]
  }, {
    "canonicalName" : "Pistis Sandro",
    "synonyms" : [ "Sandro Pistis", "Sandro Pistis" ]
  }, {
    "canonicalName" : "Derouette Jean-Paul",
    "synonyms" : [ "Jean-Paul Derouette", "Jean Paul Derouette" ]
  }, {
    "canonicalName" : "Magnin Danièle",
    "synonyms" : [ "Danièle Magnin", "Daniele Magnin" ]
  }, {
    "canonicalName" : "Valentin Francisco",
    "synonyms" : [ "Francisco Valentin", "Francisco Valentin" ]
  }, {
    "canonicalName" : "Sapin Françoise",
    "synonyms" : [ "Françoise Sapin", "Francoise Sapin" ]
  }, {
    "canonicalName" : "Flury Christian",
    "synonyms" : [ "Christian Flury", "Christian Flury" ]
  }, {
    "canonicalName" : "Golay Sandra",
    "synonyms" : [ "Sandra Golay", "Sandra Golay" ]
  }, {
    "canonicalName" : "Python André",
    "synonyms" : [ "André Python", "Andre Python" ]
  }, {
    "canonicalName" : "Rappaz Henry",
    "synonyms" : [ "Henry Rappaz", "Henry Rappaz" ]
  }, {
    "canonicalName" : "Gander Florian",
    "synonyms" : [ "Florian Gander", "Florian Gander" ]
  }, {
    "canonicalName" : "Decorvet Christian",
    "synonyms" : [ "Christian Decorvet", "Christian Decorvet" ]
  }, {
    "canonicalName" : "Sonderegger Gabriela",
    "synonyms" : [ "Gabriela Sonderegger", "Gabriela Sonderegger" ]
  }, {
    "canonicalName" : "Dimier Patrick",
    "synonyms" : [ "Patrick Dimier", "Patrick Dimier" ]
  }, {
    "canonicalName" : "Fontaine-Vive-Curtaz Jean",
    "synonyms" : [ "Jean Fontaine-Vive-Curtaz", "Jean Fontaine Vive Curtaz" ]
  }, {
    "canonicalName" : "Saas Alexandra",
    "synonyms" : [ "Alexandra Saas", "Alexandra Saas" ]
  }, {
    "canonicalName" : "Zogg Thomas",
    "synonyms" : [ "Thomas Zogg", "Thomas Zogg" ]
  }, {
    "canonicalName" : "Pascarella Louise",
    "synonyms" : [ "Louise Pascarella", "Louise Pascarella" ]
  }, {
    "canonicalName" : "Fekkak Hatem",
    "synonyms" : [ "Hatem Fekkak", "Hatem Fekkak" ]
  }, {
    "canonicalName" : "Angelo Antonio",
    "synonyms" : [ "Antonio Angelo", "Antonio Angelo" ]
  }, {
    "canonicalName" : "Cattin Jean-Pascal",
    "synonyms" : [ "Jean-Pascal Cattin", "Jean Pascal Cattin" ]
  }, {
    "canonicalName" : "Baryeka Jarek",
    "synonyms" : [ "Jarek Baryeka", "Jarek Baryeka" ]
  }, {
    "canonicalName" : "Reichenbach Kevin",
    "synonyms" : [ "Kevin Reichenbach", "Kevin Reichenbach" ]
  }, {
    "canonicalName" : "Chapou Frédéric",
    "synonyms" : [ "Frédéric Chapou", "Frederic Chapou" ]
  }, {
    "canonicalName" : "Madani Amar",
    "synonyms" : [ "Amar Madani", "Amar Madani" ]
  }, {
    "canonicalName" : "Leisi Laurent",
    "synonyms" : [ "Laurent Leisi", "Laurent Leisi" ]
  }, {
    "canonicalName" : "Oudin Rémy",
    "synonyms" : [ "Rémy Oudin", "Remy Oudin" ]
  }, {
    "canonicalName" : "Villette Jean",
    "synonyms" : [ "Jean Villette", "Jean Villette" ]
  }, {
    "canonicalName" : "Ambrosio François",
    "synonyms" : [ "François Ambrosio", "Francois Ambrosio" ]
  }, {
    "canonicalName" : "Teixeira Albano",
    "synonyms" : [ "Albano Teixeira", "Albano Teixeira" ]
  }, {
    "canonicalName" : "Frauchiger Roger",
    "synonyms" : [ "Roger Frauchiger", "Roger Frauchiger" ]
  }, {
    "canonicalName" : "Dellagiovanna Daniel",
    "synonyms" : [ "Daniel Dellagiovanna", "Daniel Dellagiovanna" ]
  }, {
    "canonicalName" : "Roulin Claude",
    "synonyms" : [ "Claude Roulin", "Claude Roulin" ]
  }, {
    "canonicalName" : "Couto Armando",
    "synonyms" : [ "Armando Couto", "Armando Couto" ]
  }, {
    "canonicalName" : "Nieto Alexandre",
    "synonyms" : [ "Alexandre Nieto", "Alexandre Nieto" ]
  }, {
    "canonicalName" : "Chaoui Laïla",
    "synonyms" : [ "Laïla Chaoui", "Laila Chaoui" ]
  }, {
    "canonicalName" : "Sotomayor André",
    "synonyms" : [ "André Sotomayor", "Andre Sotomayor" ]
  }, {
    "canonicalName" : "Do Rego Ricardo",
    "synonyms" : [ "Ricardo Do Rego", "Ricardo Do Rego" ]
  }, {
    "canonicalName" : "Vendrell Marie",
    "synonyms" : [ "Marie Vendrell", "Marie Vendrell" ]
  }, {
    "canonicalName" : "Ménétrey Yasmine",
    "synonyms" : [ "Yasmine Ménétrey", "Yasmine Menetrey" ]
  }, {
    "canonicalName" : "Angeloz Claude",
    "synonyms" : [ "Claude Angeloz", "Claude Angeloz" ]
  }, {
    "canonicalName" : "Laurent Pierre-Alain",
    "synonyms" : [ "Pierre-Alain Laurent", "Pierre Alain Laurent" ]
  }, {
    "canonicalName" : "Jahija Burim",
    "synonyms" : [ "Burim Jahija", "Burim Jahija" ]
  }, {
    "canonicalName" : "Di Salvo Giuseppe",
    "synonyms" : [ "Giuseppe Di Salvo", "Giuseppe Di Salvo" ]
  }, {
    "canonicalName" : "Heimo Philippe",
    "synonyms" : [ "Philippe Heimo", "Philippe Heimo" ]
  }, {
    "canonicalName" : "Chappaz Marc",
    "synonyms" : [ "Marc Chappaz", "Marc Chappaz" ]
  }, {
    "canonicalName" : "Barry Minkailou",
    "synonyms" : [ "Minkailou Barry", "Minkailou Barry" ]
  }, {
    "canonicalName" : "Catalan Joëlle",
    "synonyms" : [ "Joëlle Catalan", "Joelle Catalan" ]
  }, {
    "canonicalName" : "Reolon Bruno",
    "synonyms" : [ "Bruno Reolon", "Bruno Reolon" ]
  }, {
    "canonicalName" : "Albanesi Jean-François",
    "synonyms" : [ "Jean-François Albanesi", "Jean Francois Albanesi" ]
  }, {
    "canonicalName" : "Klingele Olivier",
    "synonyms" : [ "Olivier Klingele", "Olivier Klingele" ]
  }, {
    "canonicalName" : "Bencker Jeanne",
    "synonyms" : [ "Jeanne Bencker", "Jeanne Bencker" ]
  }, {
    "canonicalName" : "Marguet Tex",
    "synonyms" : [ "Tex Marguet", "Tex Marguet" ]
  }, {
    "canonicalName" : "Delmenico Janine",
    "synonyms" : [ "Janine Delmenico", "Janine Delmenico" ]
  }, {
    "canonicalName" : "Shlyapina Elena",
    "synonyms" : [ "Elena Shlyapina", "Elena Shlyapina" ]
  }, {
    "canonicalName" : "Mudry Yves",
    "synonyms" : [ "Yves Mudry", "Yves Mudry" ]
  }, {
    "canonicalName" : "Gostoli Gérard",
    "synonyms" : [ "Gérard Gostoli", "Gerard Gostoli" ]
  }, {
    "canonicalName" : "Yau Helen",
    "synonyms" : [ "Helen Yau", "Helen Yau" ]
  }, {
    "canonicalName" : "Innocenti Flavio",
    "synonyms" : [ "Flavio Innocenti", "Flavio Innocenti" ]
  }, {
    "canonicalName" : "Cover Sabina",
    "synonyms" : [ "Sabina Cover", "Sabina Cover" ]
  }, {
    "canonicalName" : "Ambord Cédric",
    "synonyms" : [ "Cédric Ambord", "Sandro Ambord", "Cedric Ambord", "Sandro Ambord" ]
  }, {
    "canonicalName" : "Garcia Javier",
    "synonyms" : [ "Javier Garcia", "Javier Garcia" ]
  }, {
    "canonicalName" : "Belcastro De Luca Nathalie",
    "synonyms" : [ "Nathalie Belcastro De Luca", "Nathalie Belcastro De Luca" ]
  }, {
    "canonicalName" : "Zbinden Jean-Luc",
    "synonyms" : [ "Jean-Luc Zbinden", "Jean Luc Zbinden" ]
  }, {
    "canonicalName" : "Ahdab Ahmad",
    "synonyms" : [ "Ahmad Ahdab", "Chawki Ahdab", "Ahmad Ahdab", "Chawki Ahdab" ]
  }, {
    "canonicalName" : "Baiunco Aurora",
    "synonyms" : [ "Aurora Baiunco", "Aurora Baiunco" ]
  }, {
    "canonicalName" : "Oliveira Rui",
    "synonyms" : [ "Rui Oliveira", "Rui Oliveira" ]
  }, {
    "canonicalName" : "Pastore Daniel",
    "synonyms" : [ "Daniel Pastore", "Dany Pastore", "Daniel Pastore", "Dany Pastore" ]
  }, {
    "canonicalName" : "Draskovic Rada",
    "synonyms" : [ "Rada Draskovic", "Rada Draskovic" ]
  }, {
    "canonicalName" : "Haymoz William",
    "synonyms" : [ "William Haymoz", "William Haymoz" ]
  }, {
    "canonicalName" : "Besse Muriel",
    "synonyms" : [ "Muriel Besse", "Muriel Besse" ]
  }, {
    "canonicalName" : "Naine Marie-Josée",
    "synonyms" : [ "Marie-Josée Naine", "Marie Josee Naine" ]
  }, {
    "canonicalName" : "Gharbi Mohamed",
    "synonyms" : [ "Mohamed Gharbi", "Mohamed Gharbi" ]
  }, {
    "canonicalName" : "Loosli Bertille",
    "synonyms" : [ "Bertille Loosli", "Clarence Loosli", "Bertille Loosli", "Clarence Loosli" ]
  }, {
    "canonicalName" : "Emonet Sarah",
    "synonyms" : [ "Sarah Emonet", "Sarah Emonet" ]
  }, {
    "canonicalName" : "Müller Olivier",
    "synonyms" : [ "Olivier Müller", "Olivier Muller" ]
  }, {
    "canonicalName" : "Loddo Olivier",
    "synonyms" : [ "Olivier Loddo", "Olivier Henrioud", "Olivier Loddo", "Olivier Henrioud" ]
  }, {
    "canonicalName" : "Ben Chaabane Salah",
    "synonyms" : [ "Salah Ben Chaabane", "Salah Ben Chaabane" ]
  }, {
    "canonicalName" : "De Oliveira Nunes Vitor",
    "synonyms" : [ "Vitor De Oliveira Nunes", "Vitor De Oliveira Nunes" ]
  }, {
    "canonicalName" : "Martignoni Alain",
    "synonyms" : [ "Alain Martignoni", "Alain Martignoni" ]
  }, {
    "canonicalName" : "Maréchal Christophe",
    "synonyms" : [ "Christophe Maréchal", "Christophe Marechal" ]
  }, {
    "canonicalName" : "Spagnolo Salvatore",
    "synonyms" : [ "Salvatore Spagnolo", "Salvatore Spagnolo" ]
  }, {
    "canonicalName" : "Pierre Toussaint Sircee",
    "synonyms" : [ "Sircee Pierre Toussaint", "Sircee Pierre Toussaint" ]
  }, {
    "canonicalName" : "Steiner Christian",
    "synonyms" : [ "Christian Steiner", "Christian Steiner" ]
  }, {
    "canonicalName" : "Beun Christine",
    "synonyms" : [ "Christine Beun", "Kristine Beun", "Christine Beun", "Kristine Beun" ]
  }, {
    "canonicalName" : "Bissat Rose",
    "synonyms" : [ "Rose Bissat", "Marie Angeline Bissat", "Rose Bissat", "Marie Angeline Bissat" ]
  }, {
    "canonicalName" : "Guisy Milène",
    "synonyms" : [ "Milène Guisy", "Milene Guisy" ]
  }, {
    "canonicalName" : "Martin Emmanuel",
    "synonyms" : [ "Emmanuel Martin", "Emmanuel Martin" ]
  }, {
    "canonicalName" : "Dussan Julien",
    "synonyms" : [ "Julien Dussan", "Julien Dussan" ]
  }, {
    "canonicalName" : "Bonvin Philippe",
    "synonyms" : [ "Philippe Bonvin", "Philippe Bonvin" ]
  }, {
    "canonicalName" : "Sauser Nicolas",
    "synonyms" : [ "Nicolas Sauser", "Nicolas Sauser" ]
  }, {
    "canonicalName" : "Ryser Alain",
    "synonyms" : [ "Alain Ryser", "Alain Ryser" ]
  }, {
    "canonicalName" : "Monney Armand",
    "synonyms" : [ "Armand Monney", "Armand Monney" ]
  }, {
    "canonicalName" : "Peyraud Alexandre",
    "synonyms" : [ "Alexandre Peyraud", "Alexandre Peyraud" ]
  }, {
    "canonicalName" : "Häusermann Elisabeth",
    "synonyms" : [ "Elisabeth Häusermann", "Elisabeth Hausermann" ]
  }, {
    "canonicalName" : "Gautrot Maria Magdalena",
    "synonyms" : [ "Maria Magdalena Gautrot", "Marielena Gautrot", "Maria Magdalena Gautrot", "Marielena Gautrot" ]
  }, {
    "canonicalName" : "Fontana Jérôme",
    "synonyms" : [ "Jérôme Fontana", "Jerome Fontana" ]
  }, {
    "canonicalName" : "Piguet Frédéric",
    "synonyms" : [ "Frédéric Piguet", "Paul Piguet", "Frederic Piguet", "Paul Piguet" ]
  }, {
    "canonicalName" : "Wuarin Marc",
    "synonyms" : [ "Marc Wuarin", "Marc Wuarin" ]
  }, {
    "canonicalName" : "Samim Firouzsalari Atefeh",
    "synonyms" : [ "Atefeh Samim Firouzsalari", "Atefeh Samim Firouzsalari" ]
  }, {
    "canonicalName" : "Bustamante Hernandez Eric",
    "synonyms" : [ "Eric Bustamante Hernandez", "Eric Bustamante Hernandez" ]
  }, {
    "canonicalName" : "Hamoir Fursy",
    "synonyms" : [ "Fursy Hamoir", "Fursy Hamoir" ]
  }, {
    "canonicalName" : "Preisig Robert",
    "synonyms" : [ "Robert Preisig", "Robert Preisig" ]
  }, {
    "canonicalName" : "Jeanmonod Christian",
    "synonyms" : [ "Christian Jeanmonod", "Christian Jeanmonod" ]
  }, {
    "canonicalName" : "Meylan Jean Michel",
    "synonyms" : [ "Jean Michel Meylan", "Jean Michel Meylan" ]
  }, {
    "canonicalName" : "Cori Claudio",
    "synonyms" : [ "Claudio Cori", "Claudio Cori" ]
  }, {
    "canonicalName" : "Wittwer Christoph",
    "synonyms" : [ "Christoph Wittwer", "Christoph Wittwer" ]
  }, {
    "canonicalName" : "Besomi Alessandro",
    "synonyms" : [ "Alessandro Besomi", "Alex Besomi", "Alessandro Besomi", "Alex Besomi" ]
  }, {
    "canonicalName" : "Ritter Sven",
    "synonyms" : [ "Sven Ritter", "Sven Ritter" ]
  }, {
    "canonicalName" : "Duvnjak Sanja",
    "synonyms" : [ "Sanja Duvnjak", "Sanja Duvnjak" ]
  }, {
    "canonicalName" : "Frammery Chloe",
    "synonyms" : [ "Chloe Frammery", "Chloe Frammery" ]
  }, {
    "canonicalName" : "Fouda Amougou Charlotte",
    "synonyms" : [ "Charlotte Fouda Amougou", "Charlotte Fouda Amougou" ]
  }, {
    "canonicalName" : "Scheller Gérard",
    "synonyms" : [ "Gérard Scheller", "Gerard Scheller" ]
  }, {
    "canonicalName" : "Rossellat Blaise",
    "synonyms" : [ "Blaise Rossellat", "Blaise Rossellat" ]
  }, {
    "canonicalName" : "Dachroune Samir",
    "synonyms" : [ "Samir Dachroune", "Samir Dachroune" ]
  }, {
    "canonicalName" : "Bult Christoph",
    "synonyms" : [ "Christoph Bult", "Christoph Bult" ]
  }, {
    "canonicalName" : "Monshengwo Jessica",
    "synonyms" : [ "Jessica Monshengwo", "Jessica Monshengwo" ]
  }, {
    "canonicalName" : "Lopez Julien",
    "synonyms" : [ "Julien Lopez", "Julien Lopez" ]
  }, {
    "canonicalName" : "Fraudeau Delphine",
    "synonyms" : [ "Delphine Fraudeau", "Delphine Fraudeau" ]
  }, {
    "canonicalName" : "Abesse Hayet",
    "synonyms" : [ "Hayet Abesse", "Hayet Abesse" ]
  }, {
    "canonicalName" : "Golay Séverine",
    "synonyms" : [ "Séverine Golay", "Severine Golay" ]
  }, {
    "canonicalName" : "Jordan Claude",
    "synonyms" : [ "Claude Jordan", "Claude Jordan" ]
  }, {
    "canonicalName" : "Regamey Murielle",
    "synonyms" : [ "Murielle Regamey", "Murielle Regamey" ]
  }, {
    "canonicalName" : "Schucani Grégoire",
    "synonyms" : [ "Grégoire Schucani", "Gregoire Schucani" ]
  }, {
    "canonicalName" : "Amberger Axel",
    "synonyms" : [ "Axel Amberger", "Axel Amberger" ]
  }, {
    "canonicalName" : "Aymon Paul",
    "synonyms" : [ "Paul Aymon", "dit Paul Sierre Aymon", "Paul Aymon", "dit Paul Sierre Aymon" ]
  }, {
    "canonicalName" : "Cretegny Willy",
    "synonyms" : [ "Willy Cretegny", "Willy Cretegny" ]
  }, {
    "canonicalName" : "Amsler Susanne",
    "synonyms" : [ "Susanne Amsler", "Susanne Amsler" ]
  } ],
  "namedEntityRuleParams" : [ ]
}