{
  "name" : "Candidat_CE",
  "description" : "Candidates for CE only",
  "type" : "ENUMVALUES",
  "enumValues" : [ {
    "canonicalName" : "AMBERGER Axel",
    "synonyms" : [ "axel", "amberger", "axel", "Amberger" ]
  }, {
    "canonicalName" : "AYMON Paul",
    "synonyms" : [ "paul", "aymon", "dit", "paul", "sierre", "paul", "aymon", "said", "paul", "sierre" ]
  }, {
    "canonicalName" : "CRETEGNY Willy",
    "synonyms" : [ "willy", "cretegny", "willy", "Cretegny" ]
  }, {
    "canonicalName" : "AMSLER Susanne",
    "synonyms" : [ "susanne", "amsler", "susanne", "amsler" ]
  } ],
  "namedEntityRuleParams" : [ ]
}