{
  "name" : "Conseiller_ere_d_Etat",
  "type" : "ENUMVALUES",
  "enumValues" : [ {
    "canonicalName" : "EMERY-TORRACINTA Anne",
    "synonyms" : [ "Anne", "EMERY", "TORRACINTA", "TORACINTTA" ]
  }, {
    "canonicalName" : "APOTHÉLOZ Thierry",
    "synonyms" : [ "Thierry", "APOTHÉLOZ" ]
  }, {
    "canonicalName" : "SALERNO Sandrine",
    "synonyms" : [ "Sandrine", "SALERNO" ]
  }, {
    "canonicalName" : "HODGERS Antonio",
    "synonyms" : [ "Antonio", "HODGERS" ]
  }, {
    "canonicalName" : "DE CHASTONAY Marjorie",
    "synonyms" : [ "Marjorie", "DE", "CHASTONAY", "CHASTONNAY" ]
  }, {
    "canonicalName" : "ROCHAT Yvan",
    "synonyms" : [ "Yvan", "ROCHAT" ]
  }, {
    "canonicalName" : "HALLER Jocelyne",
    "synonyms" : [ "Jocelyne", "HALLER", "HALER" ]
  }, {
    "canonicalName" : "WENGER Saliha",
    "synonyms" : [ "Saliha", "WENGER", "Salika" ]
  }, {
    "canonicalName" : "BURGERMEISTER Jean",
    "synonyms" : [ "Jean", "BURGERMEISTER" ]
  }, {
    "canonicalName" : "POGGIA Mauro",
    "synonyms" : [ "Mauro", "POGGIA", "POGIA" ]
  }, {
    "canonicalName" : "ROCH Ana Belen",
    "synonyms" : [ "Ana", "Belen", "ROCH" ]
  }, {
    "canonicalName" : "SORMANNI Daniel",
    "synonyms" : [ "Daniel", "SORMANNI", "SORMANI" ]
  }, {
    "canonicalName" : "MAUDET Pierre",
    "synonyms" : [ "Pierre", "MAUDET" ]
  }, {
    "canonicalName" : "DAL BUSCO Serge",
    "synonyms" : [ "Serge", "DAL", "BUSCO" ]
  }, {
    "canonicalName" : "BARTHASSAT Luc",
    "synonyms" : [ "Luc", "BARTHASSAT", "BARTASSAT" ]
  }, {
    "canonicalName" : "FONTANET Nathalie",
    "synonyms" : [ "Nathalie", "FONTANET", "FONTANNET" ]
  }, {
    "canonicalName" : "DE SENARCLENS Alexandre",
    "synonyms" : [ "Alexandre", "DE", "SENARCLENS", "DE SENARCLENT" ]
  }, {
    "canonicalName" : "AMBERGER Axel",
    "synonyms" : [ "Axel", "AMBERGER" ]
  }, {
    "canonicalName" : "AYMON Paul",
    "synonyms" : [ "Paul", "AYMON", "dit", "Paul", "Sierre" ]
  }, {
    "canonicalName" : "NIDEGGER Yves",
    "synonyms" : [ "Yves", "NIDEGGER", "NYDEGGER", "NIDEGER", "NYDEGER" ]
  }, {
    "canonicalName" : "BLÄSI Thomas",
    "synonyms" : [ "Thomas", "BLÄSI", "BLASI" ]
  }, {
    "canonicalName" : "FLOREY Stéphane",
    "synonyms" : [ "Stéphane", "FLOREY", "FLOREST" ]
  }, {
    "canonicalName" : "CRETEGNY Willy",
    "synonyms" : [ "Willy", "CRETEGNY" ]
  }, {
    "canonicalName" : "ORSINI Magali",
    "synonyms" : [ "Magali", "ORSINI" ]
  }, {
    "canonicalName" : "GAUTHIER Pierre",
    "synonyms" : [ "Pierre", "GAUTHIER", "GAUTIER" ]
  }, {
    "canonicalName" : "STAUFFER Eric",
    "synonyms" : [ "Eric", "STAUFFER", "STAUFER" ]
  }, {
    "canonicalName" : "ZACHARIAS Ronald",
    "synonyms" : [ "Ronald", "ZACHARIAS" ]
  }, {
    "canonicalName" : "VIDONNE Thierry",
    "synonyms" : [ "Thierry", "VIDONNE", "VIDONNE" ]
  }, {
    "canonicalName" : "LEITNER André",
    "synonyms" : [ "André", "LEITNER", "LEYTNER" ]
  }, {
    "canonicalName" : "FONTANA Jérôme",
    "synonyms" : [ "Jérôme", "FONTANA" ]
  }, {
    "canonicalName" : "AMSLER Susanne",
    "synonyms" : [ "Susanne", "AMSLER" ]
  } ],
  "namedEntityRuleParams" : [ ]
}