{
  "name" : "Conseiller_ere_d_Etat",
  "description" : "liste of candidates to CE",
  "type" : "ENUMVALUES",
  "enumValues" : [ {
    "canonicalName" : "EMERY-TORRACINTA Anne",
    "synonyms" : [ "Anne", "EMERY", "TORRACINTA", "TORACINTTA", "Anne", "EMERY", "TORRACINTA", "TORACINTTA" ]
  }, {
    "canonicalName" : "APOTHÉLOZ Thierry",
    "synonyms" : [ "Thierry", "APOTHÉLOZ", "Thierry", "APOTHELOZ" ]
  }, {
    "canonicalName" : "SALERNO Sandrine",
    "synonyms" : [ "Sandrine", "SALERNO", "Sandrine", "SALERNO" ]
  }, {
    "canonicalName" : "HODGERS Antonio",
    "synonyms" : [ "Antonio", "HODGERS", "Antonio", "Hodgers" ]
  }, {
    "canonicalName" : "DE CHASTONAY Marjorie",
    "synonyms" : [ "Marjorie", "DE", "CHASTONAY", "CHASTONNAY", "Marjorie", "DE", "Chastonay", "CHASTONNAY" ]
  }, {
    "canonicalName" : "ROCHAT Yvan",
    "synonyms" : [ "Yvan", "ROCHAT", "Yvan", "ROCHAT" ]
  }, {
    "canonicalName" : "HALLER Jocelyne",
    "synonyms" : [ "Jocelyne", "HALLER", "HALER", "Jocelyne", "HALLER", "HALER" ]
  }, {
    "canonicalName" : "WENGER Saliha",
    "synonyms" : [ "Saliha", "WENGER", "Salika", "Saliha", "WENGER", "Salika" ]
  }, {
    "canonicalName" : "BURGERMEISTER Jean",
    "synonyms" : [ "Jean", "BURGERMEISTER", "John", "BURGERMEISTER" ]
  }, {
    "canonicalName" : "POGGIA Mauro",
    "synonyms" : [ "Mauro", "POGGIA", "POGIA", "Mauro", "Poggia", "POGIA" ]
  }, {
    "canonicalName" : "ROCH Ana Belen",
    "synonyms" : [ "Ana", "Belen", "ROCH", "Ana", "Belen", "ROCH" ]
  }, {
    "canonicalName" : "SORMANNI Daniel",
    "synonyms" : [ "Daniel", "SORMANNI", "SORMANI", "Daniel", "SORMANNI", "SORMANI" ]
  }, {
    "canonicalName" : "MAUDET Pierre",
    "synonyms" : [ "Pierre", "MAUDET", "Peter", "MAUDET" ]
  }, {
    "canonicalName" : "DAL BUSCO Serge",
    "synonyms" : [ "Serge", "DAL", "BUSCO", "Serge", "DAL", "BUSCO" ]
  }, {
    "canonicalName" : "BARTHASSAT Luc",
    "synonyms" : [ "Luc", "BARTHASSAT", "BARTASSAT", "Luke", "Barthassat", "BARTASSAT" ]
  }, {
    "canonicalName" : "FONTANET Nathalie",
    "synonyms" : [ "Nathalie", "FONTANET", "FONTANNET", "Nathalie", "FONTANET", "Fontannet" ]
  }, {
    "canonicalName" : "DE SENARCLENS Alexandre",
    "synonyms" : [ "Alexandre", "DE", "SENARCLENS", "DE", "SENARCLENT", "Alexandre", "FROM", "SENARCLENS", "FROM", "SENARCLENT" ]
  }, {
    "canonicalName" : "AMBERGER Axel",
    "synonyms" : [ "Axel", "AMBERGER", "Axel", "AMBERGER" ]
  }, {
    "canonicalName" : "AYMON Paul",
    "synonyms" : [ "Paul", "AYMON", "dit", "Paul", "Sierre", "Paul", "AYMON", "said", "Paul", "Sierre" ]
  }, {
    "canonicalName" : "NIDEGGER Yves",
    "synonyms" : [ "Yves", "NIDEGGER", "NYDEGGER", "NIDEGER", "NYDEGER", "Yves", "Nidegger", "NYDEGGER", "NIDEGER", "NYDEGER" ]
  }, {
    "canonicalName" : "BLÄSI Thomas",
    "synonyms" : [ "Thomas", "BLÄSI", "BLASI", "Thomas", "Blasi", "BLASI" ]
  }, {
    "canonicalName" : "FLOREY Stéphane",
    "synonyms" : [ "Stéphane", "FLOREY", "FLOREST", "Stéphane", "FLOREY", "Florest" ]
  }, {
    "canonicalName" : "CRETEGNY Willy",
    "synonyms" : [ "Willy", "CRETEGNY", "Willy", "Cretegny" ]
  }, {
    "canonicalName" : "ORSINI Magali",
    "synonyms" : [ "Magali", "ORSINI", "Magali", "ORSINI" ]
  }, {
    "canonicalName" : "GAUTHIER Pierre",
    "synonyms" : [ "Pierre", "GAUTHIER", "GAUTIER", "Peter", "GAUTHIER", "GAUTIER" ]
  }, {
    "canonicalName" : "STAUFFER Eric",
    "synonyms" : [ "Eric", "STAUFFER", "STAUFER", "Eric", "Stauffer", "STAUFER" ]
  }, {
    "canonicalName" : "ZACHARIAS Ronald",
    "synonyms" : [ "Ronald", "ZACHARIAS", "Ronald", "Zacharias" ]
  }, {
    "canonicalName" : "VIDONNE Thierry",
    "synonyms" : [ "Thierry", "VIDONNE", "VIDONNE", "Thierry", "VIDONNE", "VIDONNE" ]
  }, {
    "canonicalName" : "LEITNER André",
    "synonyms" : [ "André", "LEITNER", "LEYTNER", "André", "LEITNER", "Leytner" ]
  }, {
    "canonicalName" : "FONTANA Jérôme",
    "synonyms" : [ "Jérôme", "FONTANA", "Jerome", "FONTANA" ]
  }, {
    "canonicalName" : "AMSLER Susanne",
    "synonyms" : [ "Susanne", "AMSLER", "Susanne", "AMSLER" ]
  } ],
  "namedEntityRuleParams" : [ ]
}