{
  "name" : "Depute_e",
  "description" : "liste of candidates to GC",
  "type" : "ENUMVALUES",
  "enumValues" : [ {
    "canonicalName" : "PAGANI Rémy",
    "synonyms" : [ "Rémy", "PAGANI", "Remy", "PAGANI" ]
  }, {
    "canonicalName" : "WENGER Saliha",
    "synonyms" : [ "Saliha", "WENGER", "Salika", "Saliha", "WENGER", "Salika" ]
  }, {
    "canonicalName" : "ZAUGG Christian",
    "synonyms" : [ "Christian", "ZAUGG", "ZAUG", "ZOG", "ZOGG", "Christian", "ZAUGG", "ZAUG", "ZOG", "ZOGG" ]
  }, {
    "canonicalName" : "HALLER Jocelyne",
    "synonyms" : [ "Jocelyne", "HALLER", "HALER", "Jocelyne", "HALLER", "HALER" ]
  }, {
    "canonicalName" : "ENILINE Alexander",
    "synonyms" : [ "Alexander", "ENILINE", "Alexander", "ENILINE" ]
  }, {
    "canonicalName" : "CRUCHON Pablo",
    "synonyms" : [ "Pablo", "CRUCHON", "Pablo", "CRUCHON" ]
  }, {
    "canonicalName" : "VALENTINO Stéphanie",
    "synonyms" : [ "Stéphanie", "VALENTINO", "Stephanie", "VALENTINO" ]
  }, {
    "canonicalName" : "BURGERMEISTER Jean",
    "synonyms" : [ "Jean", "BURGERMEISTER", "John", "BURGERMEISTER" ]
  }, {
    "canonicalName" : "ECUYER Hélène",
    "synonyms" : [ "Hélène", "ECUYER", "Helena", "ECUYER" ]
  }, {
    "canonicalName" : "ISSOM David-Zacharie",
    "synonyms" : [ "David", "Zacharie", "ISSOM", "ISOM", "David", "Zechariah", "ISSOM", "ISOM" ]
  }, {
    "canonicalName" : "OSSMANN Sekna",
    "synonyms" : [ "Sekna", "OSSMANN", "OSMANN", "OSSMAN", "Sekna", "Ossmann", "Osmann", "Ossman" ]
  }, {
    "canonicalName" : "NYFFELER BATOU Françoise",
    "synonyms" : [ "Françoise", "NYFFELER", "BATOU", "NIFFELER", "NYFELLER", "Françoise", "NYFFELER", "Batou", "Niffeler", "NYFELLER" ]
  }, {
    "canonicalName" : "JANUZI Bashkim",
    "synonyms" : [ "Bashkim", "JANUZI", "Baskim", "JANUZZI", "Bashkim", "Januzi", "Baskim", "Januzzi" ]
  }, {
    "canonicalName" : "ECUYER Sébastien",
    "synonyms" : [ "Sébastien", "ECUYER", "Sebastian", "Squire" ]
  }, {
    "canonicalName" : "OVETT BONDI Davinia",
    "synonyms" : [ "Davinia", "OVETT", "BONDI", "OVET", "Davinia", "OVETT", "BONDI", "OVET" ]
  }, {
    "canonicalName" : "JIMENEZ Jean-Daniel",
    "synonyms" : [ "Jean", "Daniel", "JIMENEZ", "Jean", "Daniel", "JIMENEZ" ]
  }, {
    "canonicalName" : "ECUYER Annick",
    "synonyms" : [ "Annick", "ECUYER", "Annick", "ECUYER" ]
  }, {
    "canonicalName" : "PERADOTTO Julie",
    "synonyms" : [ "Julie", "PERADOTTO", "PERADOTO", "PERRADOTO", "PERADOTTO", "Julie", "Peradotto", "PERADOTO", "PERRADOTO", "Peradotto" ]
  }, {
    "canonicalName" : "MANRÍQUEZ Matías",
    "synonyms" : [ "Matías", "MANRÍQUEZ", "Matías", "Manriquez" ]
  }, {
    "canonicalName" : "ZEHFUS Yves",
    "synonyms" : [ "Yves", "ZEHFUS", "ZHEFUS", "ZEHFUSS", "ZHEFUSS", "Yves", "Zehfus", "ZHEFUS", "ZEHFUSS", "ZHEFUSS" ]
  }, {
    "canonicalName" : "ZAUGG Daniel",
    "synonyms" : [ "Daniel", "ZAUGG", "ZAUG", "ZOG", "ZOGG", "Daniel", "ZAUGG", "ZAUG", "ZOG", "ZOGG" ]
  }, {
    "canonicalName" : "PEREZ Maria",
    "synonyms" : [ "Maria", "PEREZ", "Lou", "Maria", "Perez", "Lou" ]
  }, {
    "canonicalName" : "SCHNEBLI Tobias",
    "synonyms" : [ "Tobias", "SCHNEBLI", "Tobia", "SHNEBLI", "TOBIAS", "Schnebli", "Tobia", "SHNEBLI" ]
  }, {
    "canonicalName" : "MISSOH DZIKUNOO Massan",
    "synonyms" : [ "Massan", "MISSOH", "DZIKUNOO", "DZIKOUNO", "MISSO", "MISHO", "Massan", "MISSOH", "DZIKUNOO", "DZIKOUNO", "MISSO", "Misho" ]
  }, {
    "canonicalName" : "MARTENOT Aude",
    "synonyms" : [ "Aude", "MARTENOT", "Aude", "MARTENOT" ]
  }, {
    "canonicalName" : "VANEK Pierre",
    "synonyms" : [ "Pierre", "VANEK", "VANECK", "Peter", "VANEK", "vaneck" ]
  }, {
    "canonicalName" : "CLEMENT Patrice",
    "synonyms" : [ "Patrice", "CLEMENT", "Patrice", "CLEMENT" ]
  }, {
    "canonicalName" : "PREZIOSO BATOU Stefania",
    "synonyms" : [ "Stefania", "PREZIOSO", "BATOU", "PRESIOSO", "Stefania", "PREZIOSO", "Batou", "PRESIOSO" ]
  }, {
    "canonicalName" : "ESAKI KABEYA Elisabeth",
    "synonyms" : [ "Elisabeth", "ESAKI", "KABEYA", "Elisabeth", "Esaki", "KABEYA" ]
  }, {
    "canonicalName" : "LANGFORD Pia",
    "synonyms" : [ "Pia", "LANGFORD", "Pia", "LANGFORD" ]
  }, {
    "canonicalName" : "VINCENT Michel",
    "synonyms" : [ "Michel", "VINCENT", "Michel", "VINCENT" ]
  }, {
    "canonicalName" : "RUMPCZYK Delphine",
    "synonyms" : [ "Delphine", "RUMPCZYK", "RUMPTCHIK", "RUMPTCHYK", "RUMPZYK", "Delphine", "RUMPCZYK", "RUMPTCHIK", "RUMPTCHYK", "RUMPZYK" ]
  }, {
    "canonicalName" : "SALM DARBOE Karijn",
    "synonyms" : [ "Karijn", "SALM", "DARBOE", "Karijn", "SALM", "Darboe" ]
  }, {
    "canonicalName" : "ANDENMATTEN David",
    "synonyms" : [ "David", "ANDENMATTEN", "ANDENMATEN", "David", "ANDENMATTEN", "ANDENMATEN" ]
  }, {
    "canonicalName" : "SCHMID Audrey",
    "synonyms" : [ "Audrey", "SCHMID", "SCHMIT", "SCHMITT", "Audrey", "SCHMID", "SCHMIT", "SCHMITT" ]
  }, {
    "canonicalName" : "GUEVARA Francisco",
    "synonyms" : [ "Francisco", "GUEVARA", "Francisco", "GUEVARA" ]
  }, {
    "canonicalName" : "BATOU Jean",
    "synonyms" : [ "Jean", "BATOU", "John", "Batou" ]
  }, {
    "canonicalName" : "STEBLER GUENAT Henriette",
    "synonyms" : [ "Henriette", "STEBLER", "GUENAT", "GUENAZ", "GUENAD", "Henriette", "STEBLER", "GUENAT", "GUENAZ", "GUENAD" ]
  }, {
    "canonicalName" : "EDJEOU Corinne",
    "synonyms" : [ "Corinne", "EDJEOU", "BUNTSCHU", "BUNTCHU", "Corinne", "EDJEOU", "BUNTSCHU", "BUNTCHU" ]
  }, {
    "canonicalName" : "ZAUGG Cecilia",
    "synonyms" : [ "Cecilia", "ZAUGG;ZAUG", "ZOG", "ZOGG", "Cecilia", "ZAUGG;", "ZAUG", "ZOG", "ZOGG" ]
  }, {
    "canonicalName" : "BAUD Olivier",
    "synonyms" : [ "Olivier", "BAUD", "BEAUD", "BEAU", "Olivier", "Baud", "BEAUD", "BEAU" ]
  }, {
    "canonicalName" : "ZBINDEN Livia",
    "synonyms" : [ "Livia", "ZBINDEN", "Livia", "ZBINDEN" ]
  }, {
    "canonicalName" : "ROSSEL Pascal",
    "synonyms" : [ "Pascal", "ROSSEL", "ROSEL", "ROSSELL", "Pascal", "ROSSEL", "ROSEL", "ROSSELL" ]
  }, {
    "canonicalName" : "BAYENET Pierre",
    "synonyms" : [ "Pierre", "BAYENET", "BAIENET", "Peter", "Bayenet", "BAIENET" ]
  }, {
    "canonicalName" : "BAILAT Ariane",
    "synonyms" : [ "Ariane", "BAILAT", "BAILLAT", "Ariane", "Bailat", "BAILLAT" ]
  }, {
    "canonicalName" : "MAILLEFER Denise",
    "synonyms" : [ "Denise", "MAILLEFER", "MAILEFER", "Denise", "MAILLEFER", "MAILEFER" ]
  }, {
    "canonicalName" : "MEIERHOFER MANYAGOUA BOUMTCHÉ Charlotte",
    "synonyms" : [ "Charlotte", "MEIERHOFER", "MANYAGOUA", "BOUMTCHÉ", "MEIERHOFFER", "MANIAGOUA", "Charlotte", "MEIERHOFER", "MANYAGOUA", "BOUMTCHÉ", "MEIERHOFFER", "MANIAGOUA" ]
  }, {
    "canonicalName" : "BLANCHET Marjo",
    "synonyms" : [ "Marjo", "BLANCHET", "Marjo", "Blanchet" ]
  }, {
    "canonicalName" : "MARTI Werner",
    "synonyms" : [ "Werner", "MARTI", "MARTY", "Werner", "MARTI", "MARTY" ]
  }, {
    "canonicalName" : "KHAOUCHI Corinne",
    "synonyms" : [ "Corinne", "KHAOUCHI", "KAOUCHI", "KAHOUCHI", "Corinne", "KHAOUCHI", "KAOUCHI", "KAHOUCHI" ]
  }, {
    "canonicalName" : "BOLAY ROBIN Stéphanie",
    "synonyms" : [ "Stéphanie", "BOLAY", "ROBIN", "Stephanie", "BOLAY", "ROBIN" ]
  }, {
    "canonicalName" : "BLANCO Luis",
    "synonyms" : [ "Luis", "BLANCO", "Luis", "BLANCO" ]
  }, {
    "canonicalName" : "MAMIN François",
    "synonyms" : [ "François", "MAMIN", "Francis", "MAMIN" ]
  }, {
    "canonicalName" : "DE MELO MARCELINO Amélia",
    "synonyms" : [ "Amélia", "DE", "MELO", "MARCELINO", "Amelia", "DE", "MELO", "MARCELINO" ]
  }, {
    "canonicalName" : "BOUZID Mohamed",
    "synonyms" : [ "Mohamed", "BOUZID", "Mohamed", "Bouzid" ]
  }, {
    "canonicalName" : "BOUJEMAA Sanae",
    "synonyms" : [ "Sanae", "BOUJEMAA", "BOUJEMA", "Sanae", "BOUJEMAA", "Boujema" ]
  }, {
    "canonicalName" : "GALLAND Eduardo",
    "synonyms" : [ "Eduardo", "GALLAND", "GALLANT", "Eduardo", "Galland", "GALLANT" ]
  }, {
    "canonicalName" : "JELK Andrée",
    "synonyms" : [ "Andrée", "JELK", "JELK", "PEILA", "JELCK", "PELA", "Andree", "JELK", "JELK", "PEILA", "JELCK", "PELA" ]
  }, {
    "canonicalName" : "CASTRO Gloria",
    "synonyms" : [ "Gloria", "CASTRO", "Gloria", "CASTRO" ]
  }, {
    "canonicalName" : "CAMELO Alfredo",
    "synonyms" : [ "Alfredo", "CAMELO", "Alfredo", "CAMELO" ]
  }, {
    "canonicalName" : "NOETZLIN Simon",
    "synonyms" : [ "Simon", "NOETZLIN", "Simon", "NOETZLIN" ]
  }, {
    "canonicalName" : "DURAKU Fitore",
    "synonyms" : [ "Fitore", "DURAKU", "Fitore", "Duraku" ]
  }, {
    "canonicalName" : "DURAKU Edon",
    "synonyms" : [ "Edon", "DURAKU", "Edon", "Duraku" ]
  }, {
    "canonicalName" : "FERREIRA Elisabeth",
    "synonyms" : [ "Elisabeth", "FERREIRA", "FEREIRAI", "FERRERA", "Elisabeth", "FERREIRA", "FEREIRAI", "FERRERA" ]
  }, {
    "canonicalName" : "CHRISTINAT Jean-David",
    "synonyms" : [ "Jean", "David", "CHRISTINAT", "CHRISTINA", "John", "David", "CHRISTINAT", "CHRISTINA" ]
  }, {
    "canonicalName" : "GERARDO FÉLIZ GRUBI Ynes",
    "synonyms" : [ "Ynes", "GERARDO", "FÉLIZ", "GRUBI", "FELIX", "Ynes", "GERARDO", "Feliz", "Grubi", "FELIX" ]
  }, {
    "canonicalName" : "CARLO Xavier",
    "synonyms" : [ "Xavier", "CARLO", "Xavier", "CARLO" ]
  }, {
    "canonicalName" : "SAHIN Gazi",
    "synonyms" : [ "Gazi", "SAHIN", "Gazi", "SAHIN" ]
  }, {
    "canonicalName" : "HODGERS Antonio",
    "synonyms" : [ "Antonio", "HODGERS", "Antonio", "Hodgers" ]
  }, {
    "canonicalName" : "DE CHASTONAY Marjorie",
    "synonyms" : [ "Marjorie", "DE", "CHASTONAY", "DECHASTONAY", "DE", "CHASTONNAY", "DE", "CHASTONAIT", "Marjorie", "FROM", "CHASTONAY", "DECHASTONAY", "FROM", "CHASTONNAY", "FROM", "CHASTONAIT" ]
  }, {
    "canonicalName" : "ROCHAT Yvan",
    "synonyms" : [ "Yvan", "ROCHAT", "Yvan", "ROCHAT" ]
  }, {
    "canonicalName" : "PERLER Frédérique",
    "synonyms" : [ "Frédérique", "PERLER", "Frédérique", "PERLER" ]
  }, {
    "canonicalName" : "BUSCHBECK Mathias",
    "synonyms" : [ "Mathias", "BUSCHBECK", "BUCHBECK", "BUSHBECK", "BUSCHBEK", "Mathias", "Buschbeck", "BUCHBECK", "BUSHBECK", "BUSCHBEK" ]
  }, {
    "canonicalName" : "LEFORT François",
    "synonyms" : [ "François", "LEFORT", "François", "LEFORT" ]
  }, {
    "canonicalName" : "LEONELLI Katia",
    "synonyms" : [ "Katia", "LEONELLI", "LEONNELLI", "LEONELI", "Katia", "LEONELLI", "LEONNELLI", "LEONELI" ]
  }, {
    "canonicalName" : "MACCHIAVELLI Marta",
    "synonyms" : [ "Marta", "MACCHIAVELLI", "Marta", "Julia", "MACHIAVELLI", "MACCHIAVELI", "Marta", "MACCHIAVELLI", "Marta", "Julia", "Machiavelli", "MACCHIAVELI" ]
  }, {
    "canonicalName" : "MAKOSSO William",
    "synonyms" : [ "William", "MAKOSSO", "MAKOSO", "MACKOSSO", "William", "Makosso", "MAKOSO", "Mackosso" ]
  }, {
    "canonicalName" : "MARTIN David",
    "synonyms" : [ "David", "MARTIN", "David", "MARTIN" ]
  }, {
    "canonicalName" : "MÜLLER SONTAG Corinne",
    "synonyms" : [ "Corinne", "MÜLLER", "SONTAG", "Corinne", "Müller", "SONTAG" ]
  }, {
    "canonicalName" : "NICOLET-DIT-FELIX Julien",
    "synonyms" : [ "Julien", "NICOLET", "DIT", "FELIX", "Julien", "Nicolet", "DIT", "FELIX" ]
  }, {
    "canonicalName" : "NOËL Philippe",
    "synonyms" : [ "Philippe", "NOËL", "Philip", "CHRISTMAS" ]
  }, {
    "canonicalName" : "ORIOLO Alessandra",
    "synonyms" : [ "Alessandra", "ORIOLO", "ORIOLLO", "Alessandra", "ORIOLO", "ORIOLLO" ]
  }, {
    "canonicalName" : "OZTÜRK Dilara",
    "synonyms" : [ "Dilara", "OZTÜRK", "Dilara", "Ozturk" ]
  }, {
    "canonicalName" : "PASQUIER Isabelle",
    "synonyms" : [ "Isabelle", "PASQUIER", "PASQUIER", "EICHENBERGER", "Isabelle", "Pasquier", "Pasquier", "EICHENBERGER" ]
  }, {
    "canonicalName" : "POGET Philippe",
    "synonyms" : [ "Philippe", "POGET", "Philip", "POGET" ]
  }, {
    "canonicalName" : "QUIJANO GARCIA Maria",
    "synonyms" : [ "Maria", "QUIJANO", "GARCIA", "Maria", "José", "Maria", "QUIJANO", "GARCIA", "Maria", "Jose" ]
  }, {
    "canonicalName" : "RODRIGUEZ Mario",
    "synonyms" : [ "Mario", "RODRIGUEZ", "RODRIGUES", "Mario", "RODRIGUEZ", "RODRIGUES" ]
  }, {
    "canonicalName" : "ROGG Catharina",
    "synonyms" : [ "Catharina", "ROGG", "Olowine", "ROG", "Catharina", "ROGG", "Olowine", "ROG" ]
  }, {
    "canonicalName" : "ROSSIAUD Jean",
    "synonyms" : [ "Jean", "ROSSIAUD", "ROSSIAUT", "John", "ROSSIAUD", "ROSSIAUT" ]
  }, {
    "canonicalName" : "SAA BAUD Yubitza",
    "synonyms" : [ "Yubitza", "SAA", "BAUD", "Youbitza", "BEAUD", "Yubitza", "SAA", "Baud", "Youbitza", "BEAUD" ]
  }, {
    "canonicalName" : "SCHALK Antoine",
    "synonyms" : [ "Antoine", "SCHALK", "Antoine", "SCHALK" ]
  }, {
    "canonicalName" : "SCHAUFELBERGER Esther",
    "synonyms" : [ "Esther", "SCHAUFELBERGER", "Esther", "SCHAUFELBERGER" ]
  }, {
    "canonicalName" : "SORDET Adrienne",
    "synonyms" : [ "Adrienne", "SORDET", "Adrienne", "SORDET" ]
  }, {
    "canonicalName" : "TALEGHANI Majid",
    "synonyms" : [ "Majid", "TALEGHANI", "TALEGANI", "TALEGANNI", "Majid", "Taleghani", "TALEGANI", "TALEGANNI" ]
  }, {
    "canonicalName" : "TCHAMKERTEN Jolanka",
    "synonyms" : [ "Jolanka", "TCHAMKERTEN", "Jolanka", "Tchamkerten" ]
  }, {
    "canonicalName" : "TIGUEMOUNINE Sabine",
    "synonyms" : [ "Sabine", "TIGUEMOUNINE", "Sabine", "TIGUEMOUNINE" ]
  }, {
    "canonicalName" : "TINGUELY Dominique",
    "synonyms" : [ "Dominique", "TINGUELY", "Dominica", "TINGUELY" ]
  }, {
    "canonicalName" : "TSCHUDI Paloma",
    "synonyms" : [ "Paloma", "TSCHUDI", "TCHUDI", "Paloma", "TSCHUDI", "TCHUDI" ]
  }, {
    "canonicalName" : "VAN WOERDEN Wendy",
    "synonyms" : [ "Wendy", "VAN", "WOERDEN", "Wendy", "VAN", "WOERDEN" ]
  }, {
    "canonicalName" : "VEIGA ARIAS Damian",
    "synonyms" : [ "Damian", "VEIGA", "ARIAS", "VEIGA", "LÖFFEL", "Damian", "VEIGA", "ARIAS", "VEIGA", "LÖFFEL" ]
  }, {
    "canonicalName" : "WISARD PRADO Leyma",
    "synonyms" : [ "Leyma", "WISARD", "PRADO", "WIZARD", "WISART", "Leyma", "WISARD", "PRADO", "WIZARD", "Wisart" ]
  }, {
    "canonicalName" : "YUNUS EBENER Mariam",
    "synonyms" : [ "Mariam", "YUNUS", "EBENER", "Maryam", "Mariam", "YUNUS", "EBENER", "Maryam" ]
  }, {
    "canonicalName" : "AMATO Maurice",
    "synonyms" : [ "Maurice", "AMATO", "AMSELEM", "OSSIPOV", "Mauritius", "AMATO", "AMSELEM", "Osipov" ]
  }, {
    "canonicalName" : "AMSELLEM Benedicte",
    "synonyms" : [ "Benedicte", "AMSELLEM", "AMSELLEM", "OSSIPOW", "AMSELEM", "OSSIPOV", "Benedicte", "AMSELLEM", "AMSELLEM", "Ossipow", "AMSELEM", "Osipov" ]
  }, {
    "canonicalName" : "ARDIZZONE Ivan",
    "synonyms" : [ "Ivan", "ARDIZZONE", "Ivan", "ARDIZZONE" ]
  }, {
    "canonicalName" : "AZZABI Omar",
    "synonyms" : [ "Omar", "AZZABI", "AZABBI", "Omar", "AZZABI", "AZABBI" ]
  }, {
    "canonicalName" : "BÄNZIGER Ruth",
    "synonyms" : [ "Ruth", "BÄNZIGER", "Ruth", "BANZIGER" ]
  }, {
    "canonicalName" : "BARCIELA VILLAR Ana",
    "synonyms" : [ "Ana", "BARCIELA", "VILLAR", "Ana", "Barciela", "VILLAR" ]
  }, {
    "canonicalName" : "BAVAREL Christian",
    "synonyms" : [ "Christian", "BAVAREL", "Christian", "Bavarel" ]
  }, {
    "canonicalName" : "BOCCARD Damien",
    "synonyms" : [ "Damien", "BOCCARD", "Damien", "Baptiste", "BOCARD", "Damien", "Boccard", "Damien", "Baptist", "BOCARD" ]
  }, {
    "canonicalName" : "BONNY Didier",
    "synonyms" : [ "Didier", "BONNY", "Didier", "BONNY" ]
  }, {
    "canonicalName" : "BONVIN BONFANTI Anne",
    "synonyms" : [ "Anne", "BONVIN", "BONFANTI", "Anne", "BONVIN", "BONFANTI" ]
  }, {
    "canonicalName" : "BUCHER Denis",
    "synonyms" : [ "Denis", "BUCHER", "Denis", "Bucher" ]
  }, {
    "canonicalName" : "BUENZOD Christian",
    "synonyms" : [ "Christian", "BUENZOD", "Christian", "Buenzod" ]
  }, {
    "canonicalName" : "BUI Aurore",
    "synonyms" : [ "Aurore", "BUI", "BUY", "Aurora", "BUI", "BUY" ]
  }, {
    "canonicalName" : "CABITZA Marina",
    "synonyms" : [ "Marina", "CABITZA", "Marina", "Cabitza" ]
  }, {
    "canonicalName" : "CALAME Boris",
    "synonyms" : [ "Boris", "CALAME", "Boris", "CALAME" ]
  }, {
    "canonicalName" : "CALAME Fabrice",
    "synonyms" : [ "Fabrice", "CALAME", "Fabrizio", "CALAME" ]
  }, {
    "canonicalName" : "CHAUDIEU Anne",
    "synonyms" : [ "Anne", "CHAUDIEU", "Anne", "Chaudieu" ]
  }, {
    "canonicalName" : "CONCHA Celtia",
    "synonyms" : [ "Celtia", "CONCHA", "Celtia", "CONCHA" ]
  }, {
    "canonicalName" : "CORPATAUX Laurence",
    "synonyms" : [ "Laurence", "CORPATAUX", "CORPATAUX", "Laurence", "CORPATAUX", "CORPATAUX" ]
  }, {
    "canonicalName" : "DALPHIN Marc",
    "synonyms" : [ "Marc", "DALPHIN", "DALFIN", "Marc", "dalphin", "DALFIN" ]
  }, {
    "canonicalName" : "DE FELICE Nicolas",
    "synonyms" : [ "Nicolas", "DE", "FELICE", "Nicolas", "DE", "FELICE" ]
  }, {
    "canonicalName" : "DE MAIO Sara",
    "synonyms" : [ "Sara", "DE", "MAIO", "Sara", "DE", "MAIO" ]
  }, {
    "canonicalName" : "DE MATTEIS Yves",
    "synonyms" : [ "Yves", "DE", "MATTEIS", "DE", "MATEIS", "Yves", "DE", "MATTEIS", "BY", "MATEIS" ]
  }, {
    "canonicalName" : "DE ROUGEMONT Philippe",
    "synonyms" : [ "Philippe", "DE", "ROUGEMONT", "Philippe", "DE", "ROUGEMONT" ]
  }, {
    "canonicalName" : "DESBIOLLES Sophie",
    "synonyms" : [ "Sophie", "DESBIOLLES", "Sophie", "DESBIOLLES" ]
  }, {
    "canonicalName" : "DESCOMBES Isabelle",
    "synonyms" : [ "Isabelle", "DESCOMBES", "DECOMBES", "Isabelle", "DESCOMBES", "DECOMBES" ]
  }, {
    "canonicalName" : "DUJOUX Valentin",
    "synonyms" : [ "Valentin", "DUJOUX", "Valentin", "DUJOUX" ]
  }, {
    "canonicalName" : "DUPUIS Renaud",
    "synonyms" : [ "Renaud", "DUPUIS", "Renaud", "DUPUIS" ]
  }, {
    "canonicalName" : "EBENER Christophe",
    "synonyms" : [ "Christophe", "EBENER", "Christophe", "EBENER" ]
  }, {
    "canonicalName" : "ECKERT Pierre",
    "synonyms" : [ "Pierre", "ECKERT", "EKERT", "Peter", "ECKERT", "EKERT" ]
  }, {
    "canonicalName" : "FISCHER Fabienne",
    "synonyms" : [ "Fabienne", "FISCHER", "Fabienne", "FISCHER" ]
  }, {
    "canonicalName" : "FREYMOND Pascal",
    "synonyms" : [ "Pascal", "FREYMOND", "FREYMONT", "Pascal", "FREYMOND", "FREYMONT" ]
  }, {
    "canonicalName" : "GEOFFROY Elias",
    "synonyms" : [ "Elias", "GEOFFROY", "GEOFROY", "Elias", "Geoffroy", "Geofroy" ]
  }, {
    "canonicalName" : "GOMEZ Alfonso",
    "synonyms" : [ "Alfonso", "GOMEZ", "Alfonso", "Gomez" ]
  }, {
    "canonicalName" : "HAAS François",
    "synonyms" : [ "François", "HAAS", "HAS", "François", "HAAS", "HAS" ]
  }, {
    "canonicalName" : "HARTMANN Esther",
    "synonyms" : [ "Esther", "HARTMANN", "HARTMAN", "Esther", "HARTMANN", "HARTMAN" ]
  }, {
    "canonicalName" : "HEBERLEIN SIMONETT Claudia",
    "synonyms" : [ "Claudia", "HEBERLEIN", "SIMONETT", "SIMONET", "Claudia", "HEBERLEIN", "SIMONETT", "SIMONET" ]
  }, {
    "canonicalName" : "HERREN Yves",
    "synonyms" : [ "Yves", "HERREN", "Yves", "HERREN" ]
  }, {
    "canonicalName" : "KHAMIS VANNINI Uzma",
    "synonyms" : [ "Uzma", "KHAMIS", "VANNINI", "KAMIS", "Uzma", "KHAMIS", "VANNINI", "KAMIS" ]
  }, {
    "canonicalName" : "KLOPFENSTEIN BROGGINI Delphine",
    "synonyms" : [ "Delphine", "KLOPFENSTEIN", "BROGGINI", "BOGINI", "Delphine", "KLOPFENSTEIN", "BROGGINI", "BOGINI" ]
  }, {
    "canonicalName" : "KÜNDIG Ralph",
    "synonyms" : [ "Ralph", "KÜNDIG", "Ralph", "KÜNDIG" ]
  }, {
    "canonicalName" : "LATOUR Sabine",
    "synonyms" : [ "Sabine", "LATOUR", "Sabine", "LATOUR" ]
  }, {
    "canonicalName" : "EMERY-TORRACINTA Anne",
    "synonyms" : [ "Anne", "EMERY", "TORRACINTA", "TORACINTA", "Anne", "EMERY", "TORRACINTA", "TORACINTA" ]
  }, {
    "canonicalName" : "APOTHÉLOZ Thierry",
    "synonyms" : [ "Thierry", "APOTHÉLOZ", "Thierry", "APOTHELOZ" ]
  }, {
    "canonicalName" : "SALERNO Sandrine",
    "synonyms" : [ "Sandrine", "SALERNO", "Sandrine", "SALERNO" ]
  }, {
    "canonicalName" : "DE SAINTE-MARIE Romain",
    "synonyms" : [ "Romain", "DE", "SAINTE", "MARIE", "Romain", "DE", "SAINTE", "MARIE" ]
  }, {
    "canonicalName" : "KAST Carole-Anne",
    "synonyms" : [ "Carole", "Anne", "KAST", "Carole", "Anne", "KAST" ]
  }, {
    "canonicalName" : "WENGER Thomas",
    "synonyms" : [ "Thomas", "WENGER", "Thomas", "WENGER" ]
  }, {
    "canonicalName" : "MARTI Caroline",
    "synonyms" : [ "Caroline", "MARTI", "MARTY", "Caroline", "MARTI", "MARTY" ]
  }, {
    "canonicalName" : "BANDLER Marko",
    "synonyms" : [ "Marko", "BANDLER", "Marko", "Bandler" ]
  }, {
    "canonicalName" : "MOYARD MIZRAHI Salima",
    "synonyms" : [ "Salima", "MOYARD", "MIZRAHI", "Salima", "MOYARD", "MIZRAHI" ]
  }, {
    "canonicalName" : "DANDRÈS Christian",
    "synonyms" : [ "Christian", "DANDRÈS", "Christian", "Dandres" ]
  }, {
    "canonicalName" : "VERISSIMO DE FREITAS Helena",
    "synonyms" : [ "Helena", "VERISSIMO", "DE", "FREITAS", "Helena", "VERISSIMO", "DE", "FREITAS" ]
  }, {
    "canonicalName" : "CARASSO Grégoire",
    "synonyms" : [ "Grégoire", "CARASSO", "Gregory", "CARASSO" ]
  }, {
    "canonicalName" : "SOBANEK Marion",
    "synonyms" : [ "Marion", "SOBANEK", "SOBANECK", "Marion", "SOBANEK", "SOBANECK" ]
  }, {
    "canonicalName" : "THÉVOZ Sylvain",
    "synonyms" : [ "Sylvain", "THÉVOZ", "Sylvain", "Thévoz" ]
  }, {
    "canonicalName" : "CONTI Jennifer",
    "synonyms" : [ "Jennifer", "CONTI", "Jennifer", "CONTI" ]
  }, {
    "canonicalName" : "STAUB Martin",
    "synonyms" : [ "Martin", "STAUB", "GRECUCIO", "Martin", "STAUB", "GRECUCIO" ]
  }, {
    "canonicalName" : "VALIQUER GRECUCCIO Nicole",
    "synonyms" : [ "Nicole", "VALIQUER", "GRECUCCIO", "Nicole", "VALIQUER", "Grecuccio" ]
  }, {
    "canonicalName" : "RIELLE Jean Charles",
    "synonyms" : [ "Jean", "Charles", "RIELLE", "Jean", "Charles", "RIELLE" ]
  }, {
    "canonicalName" : "GAVILANES Amanda",
    "synonyms" : [ "Amanda", "GAVILANES", "Amanda", "GAVILANES" ]
  }, {
    "canonicalName" : "MIZRAHI Cyril",
    "synonyms" : [ "Cyril", "MIZRAHI", "Cyril", "MIZRAHI" ]
  }, {
    "canonicalName" : "CASARES Maria Jesus",
    "synonyms" : [ "Maria", "Jesus", "CASARES", "Maria", "Jesus", "CASARES" ]
  }, {
    "canonicalName" : "POMATTO Michel",
    "synonyms" : [ "Michel", "POMATTO", "Michel", "Pomatto" ]
  }, {
    "canonicalName" : "STRASSER Léna",
    "synonyms" : [ "Léna", "STRASSER", "Lena", "Strasser" ]
  }, {
    "canonicalName" : "KOKOT Guilhem",
    "synonyms" : [ "Guilhem", "KOKOT", "Guilhem", "KOKOT" ]
  }, {
    "canonicalName" : "ROMANO Maria",
    "synonyms" : [ "Maria", "ROMANO", "Maria", "Vittoria", "Maria", "ROMANO", "Maria", "Vittoria" ]
  }, {
    "canonicalName" : "MUSSA Ahmed",
    "synonyms" : [ "Ahmed", "MUSSA", "Youniss", "Ahmed", "Mussa", "Youniss" ]
  }, {
    "canonicalName" : "OSMANI Xhevrie",
    "synonyms" : [ "Xhevrie", "OSMANI", "Xhevrie", "OSMANI" ]
  }, {
    "canonicalName" : "ESTEBAN Diego",
    "synonyms" : [ "Diego", "ESTEBAN", "Diego", "ESTEBAN" ]
  }, {
    "canonicalName" : "BAILLON Glenna",
    "synonyms" : [ "Glenna", "BAILLON", "Glenna", "BAILLON" ]
  }, {
    "canonicalName" : "EYA NCHAMA Cruz Melchor",
    "synonyms" : [ "Cruz", "Melchor", "EYA", "NCHAMA", "Cruz", "Melchor", "EYA", "NCHAMA" ]
  }, {
    "canonicalName" : "BRANDRUP Gladys",
    "synonyms" : [ "Gladys", "BRANDRUP", "ACOSTA", "BRANDRUP", "Gladys", "BRANDRUP", "ACOSTA", "BRANDRUP" ]
  }, {
    "canonicalName" : "CHIARADONNA Denis",
    "synonyms" : [ "Denis", "CHIARADONNA", "CHIARADONA", "Denis", "CHIARADONNA", "CHIARADONA" ]
  }, {
    "canonicalName" : "LÜTHI Badia",
    "synonyms" : [ "Badia", "LÜTHI", "LUTHY", "Badia", "LÜTHI", "LUTHY" ]
  }, {
    "canonicalName" : "CLEMENCE Nicolas",
    "synonyms" : [ "Nicolas", "CLEMENCE", "Nicolas", "CLEMENCE" ]
  }, {
    "canonicalName" : "VATRE Patricia",
    "synonyms" : [ "Patricia", "VATRE", "Patricia", "Vatre" ]
  }, {
    "canonicalName" : "ZIMMERMANN Michel",
    "synonyms" : [ "Michel", "ZIMMERMANN", "ZIMERMANN", "ZIMMERMAN", "Michel", "ZIMMERMANN", "Zimermann", "ZIMMERMAN" ]
  }, {
    "canonicalName" : "VIRET Dora",
    "synonyms" : [ "Dora", "VIRET", "Cécilia", "Dora", "VIRET", "Cecilia" ]
  }, {
    "canonicalName" : "VELASCO Alberto",
    "synonyms" : [ "Alberto", "VELASCO", "FAVRE", "Alberto", "VELASCO", "FAVRE" ]
  }, {
    "canonicalName" : "FABRE Michel",
    "synonyms" : [ "Michel", "FABRE", "Michel", "Fabre" ]
  }, {
    "canonicalName" : "DE BATTISTA Regis",
    "synonyms" : [ "Regis", "DE", "BATTISTA", "DE", "BATISTA", "Regis", "FROM", "BATTISTA", "FROM", "BATISTA" ]
  }, {
    "canonicalName" : "DEONNA Emmanuel",
    "synonyms" : [ "Emmanuel", "DEONNA", "DEONA", "Emmanuel", "DEONNA", "Deona" ]
  }, {
    "canonicalName" : "TOMBOLA Jean-Pierre",
    "synonyms" : [ "Jean", "Pierre", "TOMBOLA", "Jean", "Pierre", "RAFFLE" ]
  }, {
    "canonicalName" : "KEEL Theo",
    "synonyms" : [ "Theo", "KEEL", "Theo", "KEEL" ]
  }, {
    "canonicalName" : "LAPALUD Patrick",
    "synonyms" : [ "Patrick", "LAPALUD", "Patrick", "LAPALUD" ]
  }, {
    "canonicalName" : "BARRY Thierno",
    "synonyms" : [ "Thierno", "BARRY", "Thierno", "BARRY" ]
  }, {
    "canonicalName" : "HALIMI Hysri",
    "synonyms" : [ "Hysri", "HALIMI", "Hysri", "HALIMI" ]
  }, {
    "canonicalName" : "GAJARDO MUNOZ Jorge",
    "synonyms" : [ "Jorge", "GAJARDO", "MUNOZ", "Jorge", "GAJARDO", "MUNOZ" ]
  }, {
    "canonicalName" : "ALONSO UNICA Manuel",
    "synonyms" : [ "Manuel", "ALONSO", "UNICA", "Manual", "ALONSO", "UNICA" ]
  }, {
    "canonicalName" : "BALDINI Frédéric",
    "synonyms" : [ "Frédéric", "BALDINI", "Frederick", "BALDINI" ]
  }, {
    "canonicalName" : "BRUCHEZ Thomas",
    "synonyms" : [ "Thomas", "BRUCHEZ", "Thomas", "BRUCHEZ" ]
  }, {
    "canonicalName" : "BENDA Benjamin",
    "synonyms" : [ "Benjamin", "BENDA", "Benjamin", "Benda" ]
  }, {
    "canonicalName" : "BURKHARD Roland",
    "synonyms" : [ "Roland", "BURKHARD", "BURKHART", "BURKARDT", "Roland", "BURKHARD", "BURKHART", "BURKARDT" ]
  }, {
    "canonicalName" : "BOSSHARD Pierre Yves",
    "synonyms" : [ "Pierre", "Yves", "BOSSHARD", "BOSSHART", "BOSSARDT", "Pierre", "Yves", "BOSSHARD", "BOSSHART", "Bossardt" ]
  }, {
    "canonicalName" : "KURTESHI Ismet",
    "synonyms" : [ "Ismet", "KURTESHI", "KURTECHI", "Ismet", "KURTESHI", "KURTECHI" ]
  }, {
    "canonicalName" : "MAUDET Pierre",
    "synonyms" : [ "Pierre", "MAUDET", "Peter", "MAUDET" ]
  }, {
    "canonicalName" : "FONTANET Nathalie",
    "synonyms" : [ "Nathalie", "FONTANET", "Nathalie", "FONTANET" ]
  }, {
    "canonicalName" : "DE SENARCLENS Alexandre",
    "synonyms" : [ "Alexandre", "DE", "SENARCLENS", "Alexander", "DE", "SENARCLENS" ]
  }, {
    "canonicalName" : "DE MONTMOLLIN Simone",
    "synonyms" : [ "Simone", "DE", "MONTMOLLIN", "MONTMOLIN", "Simone", "DE", "MONTMOLLIN", "MONTMOLIN" ]
  }, {
    "canonicalName" : "MOREL Philippe",
    "synonyms" : [ "Philippe", "MOREL", "Philippe", "MOREL" ]
  }, {
    "canonicalName" : "PUTALLAZ Jean",
    "synonyms" : [ "Jean", "PUTALLAZ", "Jean", "ROMAIN", "PUTALAZ", "John", "Putallaz", "Jean", "ROMAN", "PUTALAZ" ]
  }, {
    "canonicalName" : "SAUDAN Patrick",
    "synonyms" : [ "Patrick", "SAUDAN", "Patrick", "SAUDAN" ]
  }, {
    "canonicalName" : "SELLEGER Charles",
    "synonyms" : [ "Charles", "SELLEGER", "Charles", "Selleger" ]
  }, {
    "canonicalName" : "UEHLINGER Pascal",
    "synonyms" : [ "Pascal", "UEHLINGER", "UELINGER", "Pascal", "Uehlinger", "UELINGER" ]
  }, {
    "canonicalName" : "VUILLOD Georges",
    "synonyms" : [ "Georges", "VUILLOD", "VUILLOT", "Georges", "VUILLOD", "VUILLOT" ]
  }, {
    "canonicalName" : "WICKY Raymond",
    "synonyms" : [ "Raymond", "WICKY", "WICKI", "Raymond", "WICKY", "WICKI" ]
  }, {
    "canonicalName" : "ZUBER Céline",
    "synonyms" : [ "Céline", "ZUBER", "ROY", "Celine", "ZUBER", "ROY" ]
  }, {
    "canonicalName" : "ZWEIFEL Yvan",
    "synonyms" : [ "Yvan", "ZWEIFEL", "ZWEIFFEL", "Yvan", "ZWEIFEL", "Zweiffel" ]
  }, {
    "canonicalName" : "AELLEN Cyril",
    "synonyms" : [ "Cyril", "AELLEN", "AELEN", "Cyril", "AELLEN", "Aelen" ]
  }, {
    "canonicalName" : "ALDER Murat Julian",
    "synonyms" : [ "Murat", "Julian", "ALDER", "Murat", "Julian", "ALDER" ]
  }, {
    "canonicalName" : "BARBEY Alexis",
    "synonyms" : [ "Alexis", "BARBEY", "BARBET", "Alexis", "BARBEY", "BARBET" ]
  }, {
    "canonicalName" : "BARDE Antoine",
    "synonyms" : [ "Antoine", "BARDE", "Antoine", "BARD" ]
  }, {
    "canonicalName" : "BÉNÉ Jacques",
    "synonyms" : [ "Jacques", "BÉNÉ", "Jacques", "Bene" ]
  }, {
    "canonicalName" : "DE CANDOLLE Beatriz",
    "synonyms" : [ "Beatriz", "DE", "CANDOLLE", "CANDOLE", "Beatriz", "DE", "CANDOLLE", "Candole" ]
  }, {
    "canonicalName" : "CONNE Pierre",
    "synonyms" : [ "Pierre", "CONNE", "Peter", "CONNE" ]
  }, {
    "canonicalName" : "CUENDET Edouard",
    "synonyms" : [ "Edouard", "CUENDET", "Edward", "CUENDET" ]
  }, {
    "canonicalName" : "HARDYN Nathalie",
    "synonyms" : [ "Nathalie", "HARDYN", "HARDIN", "Nathalie", "Hardyn", "HARDIN" ]
  }, {
    "canonicalName" : "HILTPOLD Serge",
    "synonyms" : [ "Serge", "HILTPOLD", "HITPOLD", "Serge", "Hiltpold", "HITPOLD" ]
  }, {
    "canonicalName" : "MALEK-ASGHAR Patrick",
    "synonyms" : [ "Patrick", "MALEK", "ASGHAR", "MALECK", "AGSHAR", "Patrick", "MALEK", "ASGHAR", "Malek", "AGSHAR" ]
  }, {
    "canonicalName" : "MONBARON Fabienne",
    "synonyms" : [ "Fabienne", "MONBARON", "MONBARON", "STRESS", "STRES", "Fabienne", "MONBARON", "MONBARON", "STRESS", "STRES" ]
  }, {
    "canonicalName" : "MORAND Louise",
    "synonyms" : [ "Louise", "MORAND", "MORANT", "Louise", "MORAND", "MORANT" ]
  }, {
    "canonicalName" : "NICOLLIER Pierre",
    "synonyms" : [ "Pierre", "NICOLLIER", "NICOLIER", "Peter", "NICOLLIER", "NICOLIER" ]
  }, {
    "canonicalName" : "OPPLIGER Danielle",
    "synonyms" : [ "Danielle", "OPPLIGER", "OPLIGER", "OPPLIGGER", "Danielle", "OPPLIGER", "OPLIGER", "OPPLIGGER" ]
  }, {
    "canonicalName" : "ORSINI Antoine",
    "synonyms" : [ "Antoine", "ORSINI", "Antoine", "ORSINI" ]
  }, {
    "canonicalName" : "PASQUIER Jean-Pierre",
    "synonyms" : [ "Jean", "Pierre", "PASQUIER", "Jean", "Pierre", "Pasquier" ]
  }, {
    "canonicalName" : "PATEK Serge",
    "synonyms" : [ "Serge", "PATEK", "Serge", "PATEK" ]
  }, {
    "canonicalName" : "DE PLANTA Francine",
    "synonyms" : [ "Francine", "DE", "PLANTA", "Francine", "DE", "PLANTA" ]
  }, {
    "canonicalName" : "RANA ZOLANA Ginior",
    "synonyms" : [ "Ginior", "RANA", "ZOLANA", "Ginior", "RANA", "zolana" ]
  }, {
    "canonicalName" : "RIGOTTI Maria",
    "synonyms" : [ "Maria", "RIGOTTI", "Helena", "RIGOTI", "Maria", "RIGOTTI", "Helena", "RIGOTI" ]
  }, {
    "canonicalName" : "ROULLET Michèle",
    "synonyms" : [ "Michèle", "ROULLET", "Michele", "ROULLET" ]
  }, {
    "canonicalName" : "SCHALLER Vincent",
    "synonyms" : [ "Vincent", "SCHALLER", "SCHALER", "Vincent", "SCHALLER", "Schäler" ]
  }, {
    "canonicalName" : "SCHNEEBELI Roland-Daniel",
    "synonyms" : [ "Roland", "Daniel", "SCHNEEBELI", "SCHEBELI", "SCHEEBBELI", "Roland", "Daniel", "SCHNEEBELI", "SCHEBELI", "SCHEEBBELI" ]
  }, {
    "canonicalName" : "SENGLET Christophe",
    "synonyms" : [ "Christophe", "SENGLET", "Christophe", "Senglet" ]
  }, {
    "canonicalName" : "SERRANO Philippe",
    "synonyms" : [ "Philippe", "SERRANO", "SERANO", "Philippe", "SERRANO", "SERANO" ]
  }, {
    "canonicalName" : "SOMMER Monika",
    "synonyms" : [ "Monika", "SOMMER", "SOMER", "SOMERE", "Monika", "SOMMER", "Somer", "Somere" ]
  }, {
    "canonicalName" : "STEINER Matthieu",
    "synonyms" : [ "Matthieu", "STEINER", "Matthew", "STEINER" ]
  }, {
    "canonicalName" : "SUBILIA Vincent",
    "synonyms" : [ "Vincent", "SUBILIA", "Vincent", "SUBILIA" ]
  }, {
    "canonicalName" : "TABOADA Francisco",
    "synonyms" : [ "Francisco", "TABOADA", "Francisco", "TABOADA" ]
  }, {
    "canonicalName" : "TSCHOPP Laurent",
    "synonyms" : [ "Laurent", "TSCHOPP", "TCHOPP", "TSHOPP", "Laurent", "Tschopp", "TCHOPP", "TSHOPP" ]
  }, {
    "canonicalName" : "WAVRE Rolin",
    "synonyms" : [ "Rolin", "WAVRE", "Rolin", "WAVRE" ]
  }, {
    "canonicalName" : "WICKI Guy",
    "synonyms" : [ "Guy", "WICKI", "WICKY", "WYCKI", "Guy", "WICKI", "WICKY", "WYCKI" ]
  }, {
    "canonicalName" : "WOLFISBERG François",
    "synonyms" : [ "François", "WOLFISBERG", "Francis", "wolfisberg" ]
  }, {
    "canonicalName" : "AGRAMUNT Gian-Reto",
    "synonyms" : [ "Gian", "Reto", "AGRAMUNT", "Gian", "Reto", "AGRAMUNT" ]
  }, {
    "canonicalName" : "APOTHÉLOZ Jacques",
    "synonyms" : [ "Jacques", "APOTHÉLOZ", "Jacques", "APOTHELOZ" ]
  }, {
    "canonicalName" : "AUBERT Nicolas",
    "synonyms" : [ "Nicolas", "AUBERT", "Nicolas", "AUBERT" ]
  }, {
    "canonicalName" : "BARBIER-MUELLER Diane",
    "synonyms" : [ "Diane", "BARBIER", "MUELLER", "Diane", "BARBER", "MUELLER" ]
  }, {
    "canonicalName" : "BELLINGERI Stefano Vito",
    "synonyms" : [ "Stefano", "Vito", "BELLINGERI", "BELINGERI", "Stefano", "Vito", "Bellingeri", "BELINGERI" ]
  }, {
    "canonicalName" : "BERSIER Julie",
    "synonyms" : [ "Julie", "BERSIER", "Julie", "BERSIER" ]
  }, {
    "canonicalName" : "BLANCH Richard-Pascal",
    "synonyms" : [ "Richard", "Pascal", "BLANCH", "Pascal", "Richard", "Pascal", "BLANCH", "Pascal" ]
  }, {
    "canonicalName" : "BÖHLER Frances",
    "synonyms" : [ "Frances", "BÖHLER", "Elizabeth", "BÖHLER", "GOODSHIP", "BÖLLER", "Frances", "BÖHLER", "Elizabeth", "BÖHLER", "Goodship", "Boller" ]
  }, {
    "canonicalName" : "BOUVIER Christine",
    "synonyms" : [ "Christine", "BOUVIER", "Christine", "Bouvier" ]
  }, {
    "canonicalName" : "BRANDT Simon",
    "synonyms" : [ "Simon", "BRANDT", "BRAND", "BRANT", "Simon", "BRANDT", "BRAND", "BRANT" ]
  }, {
    "canonicalName" : "BRON Gilles-Olivier",
    "synonyms" : [ "Gilles", "Olivier", "BRON", "Gilles", "Olivier", "BRON" ]
  }, {
    "canonicalName" : "BRUNEL Mayori",
    "synonyms" : [ "Mayori", "BRUNEL", "BRUNELL", "BRUNNEL", "Mayori", "Brunel", "Brunell", "Brunnel" ]
  }, {
    "canonicalName" : "BURRI Rémy",
    "synonyms" : [ "Rémy", "BURRI", "Remy", "BURRI" ]
  }, {
    "canonicalName" : "CORNU Renate",
    "synonyms" : [ "Renate", "CORNU", "Renate", "CORNU" ]
  }, {
    "canonicalName" : "CREFFIELD Conrad",
    "synonyms" : [ "Conrad", "CREFFIELD", "Conrad", "Creffield" ]
  }, {
    "canonicalName" : "DAHER Vincent",
    "synonyms" : [ "Vincent", "DAHER", "Vincent", "DAHER" ]
  }, {
    "canonicalName" : "DÉROBERT Thierry",
    "synonyms" : [ "Thierry", "DÉROBERT", "Thierry", "Dérobert" ]
  }, {
    "canonicalName" : "DESFAYES Natacha",
    "synonyms" : [ "Natacha", "DESFAYES", "BUFFET", "DESFAYES", "Natacha", "DESFAYES", "BUFFET", "DESFAYES" ]
  }, {
    "canonicalName" : "DOUZALS Jacques",
    "synonyms" : [ "Jacques", "DOUZALS", "Jacques", "DOUZALS" ]
  }, {
    "canonicalName" : "FISS Joëlle",
    "synonyms" : [ "Joëlle", "FISS", "Joëlle", "HSIF" ]
  }, {
    "canonicalName" : "GENECAND Adrien",
    "synonyms" : [ "Adrien", "GENECAND", "Adrien", "Genecand" ]
  }, {
    "canonicalName" : "GIACOBINO Donata",
    "synonyms" : [ "Donata", "GIACOBINO", "Nadia", "GIACOBINO", "FROIDEVAUX", "Donata", "Giacobino", "Nadia", "Giacobino", "FROIDEVAUX" ]
  }, {
    "canonicalName" : "GRAND Eric",
    "synonyms" : [ "Eric", "GRAND", "Eric", "GRAND" ]
  }, {
    "canonicalName" : "GROGNUZ Fabien",
    "synonyms" : [ "Fabien", "GROGNUZ", "Fabien", "Grognuz" ]
  }, {
    "canonicalName" : "JAY Sylvie",
    "synonyms" : [ "Sylvie", "JAY", "Sylvie", "JAY" ]
  }, {
    "canonicalName" : "JUD Philippe",
    "synonyms" : [ "Philippe", "JUD", "Philip", "JUD" ]
  }, {
    "canonicalName" : "KÄMPFEN Véronique",
    "synonyms" : [ "Véronique", "KÄMPFEN", "Veronica", "Kämpfen" ]
  }, {
    "canonicalName" : "LÄMMEL Valérie",
    "synonyms" : [ "Valérie", "LÄMMEL", "LAEMMEL", "JUILLARD", "Valerie", "Researcher", "LAEMMEL", "JUILLARD" ]
  }, {
    "canonicalName" : "LEISER Jean-Marc",
    "synonyms" : [ "Jean", "Marc", "LEISER", "Jean", "Marc", "LEISER" ]
  }, {
    "canonicalName" : "LOCHER Jean",
    "synonyms" : [ "Jean", "LOCHER", "John", "Locher" ]
  }, {
    "canonicalName" : "LUZZATTO Christine",
    "synonyms" : [ "Christine", "LUZZATTO", "LUZATO", "LUZZATO", "LUZATTO", "Christine", "Luzzatto", "LUZATO", "Luzzatto", "Luzatto" ]
  }, {
    "canonicalName" : "MESSERLI Marie-Claire",
    "synonyms" : [ "Marie", "Claire", "MESSERLI", "Marie", "Claire", "MESSERLI" ]
  }, {
    "canonicalName" : "MEYER Philippe",
    "synonyms" : [ "Philippe", "MEYER", "MEIER", "Philip", "MEYER", "MEIER" ]
  }, {
    "canonicalName" : "BARTHASSAT Luc",
    "synonyms" : [ "Luc", "BARTHASSAT", "BARTASSAT", "Luke", "Barthassat", "BARTASSAT" ]
  }, {
    "canonicalName" : "DAL BUSCO Serge",
    "synonyms" : [ "Serge", "DAL", "BUSCO", "Serge", "DAL", "BUSCO" ]
  }, {
    "canonicalName" : "BUCHS Bertrand",
    "synonyms" : [ "Bertrand", "BUCHS", "Bertrand", "BUCHS" ]
  }, {
    "canonicalName" : "AEBI Benjamin",
    "synonyms" : [ "Benjamin", "AEBI", "Benjamin", "AEBI" ]
  }, {
    "canonicalName" : "ANGELOZZI Philippe",
    "synonyms" : [ "Philippe", "ANGELOZZI", "Philip", "ANGELOZZI" ]
  }, {
    "canonicalName" : "VON ARX-VERNON Anne-Marie",
    "synonyms" : [ "Anne", "Marie", "VON", "ARX", "VERNON", "Anne", "Marie", "VON", "ARX", "VERNON" ]
  }, {
    "canonicalName" : "BACHMANN Delphine",
    "synonyms" : [ "Delphine", "BACHMANN", "BACHMAN", "Delphine", "BACHMANN", "BACHMAN" ]
  }, {
    "canonicalName" : "BIDAUX Patricia",
    "synonyms" : [ "Patricia", "BIDAUX", "BIDAUX", "RODRIGUEZ", "RODRIGUES", "Patricia", "BIDAUX", "BIDAUX", "RODRIGUEZ", "RODRIGUES" ]
  }, {
    "canonicalName" : "BLONDIN Jacques",
    "synonyms" : [ "Jacques", "BLONDIN", "Jacques", "BLONDIN" ]
  }, {
    "canonicalName" : "BOCQUET Claude",
    "synonyms" : [ "Claude", "BOCQUET", "Claude", "BOCQUET" ]
  }, {
    "canonicalName" : "BOURBALA Djamel",
    "synonyms" : [ "Djamel", "BOURBALA", "Djamel", "BOURBALA" ]
  }, {
    "canonicalName" : "BOUVIER Jérémy",
    "synonyms" : [ "Jérémy", "BOUVIER", "Jeremy", "Bouvier" ]
  }, {
    "canonicalName" : "BUGNION Jean-Michel",
    "synonyms" : [ "Jean", "Michel", "BUGNION", "Jean", "Michel", "Bugnion" ]
  }, {
    "canonicalName" : "CASUTT Martine",
    "synonyms" : [ "Martine", "CASUTT", "CASUT", "KASUTT", "Martine", "Casutt", "Casut", "KASUTT" ]
  }, {
    "canonicalName" : "CERUTTI Olivier",
    "synonyms" : [ "Olivier", "CERUTTI", "CERUTI", "CERRUTI", "CERUTTI", "Olivier", "CERUTTI", "CERUTI", "CERRUTI", "CERUTTI" ]
  }, {
    "canonicalName" : "CHAKER MANGEAT Alia",
    "synonyms" : [ "Alia", "CHAKER", "MANGEAT", "Alia", "CHAKER", "Mangeat" ]
  }, {
    "canonicalName" : "CHEVALIER Alexandre",
    "synonyms" : [ "Alexandre", "CHEVALIER", "Alexander", "KNIGHT" ]
  }, {
    "canonicalName" : "DECREY Christophe",
    "synonyms" : [ "Christophe", "DECREY", "Christophe", "DECREY" ]
  }, {
    "canonicalName" : "DELUERMOZ Cosima",
    "synonyms" : [ "Cosima", "DELUERMOZ", "Cosima", "DELUERMOZ" ]
  }, {
    "canonicalName" : "DESFAYES Sébastien",
    "synonyms" : [ "Sébastien", "DESFAYES", "DEFAYES", "DESFAYE", "Sebastian", "DESFAYES", "Défayes", "DESFAYE" ]
  }, {
    "canonicalName" : "DULEX Christophe",
    "synonyms" : [ "Christophe", "DULEX", "Christophe", "Dulex" ]
  }, {
    "canonicalName" : "DUPONT Thérèse",
    "synonyms" : [ "Thérèse", "DUPONT", "Thérèse", "DUPONT" ]
  }, {
    "canonicalName" : "ENGELBERTS Marie-Thérèse",
    "synonyms" : [ "Marie", "Thérèse", "ENGELBERTS", "ENGELBERTS", "LEONE", "Mary", "Theresa", "ENGELBERTS", "ENGELBERTS", "LEONE" ]
  }, {
    "canonicalName" : "FISCHER Daniel",
    "synonyms" : [ "Daniel", "FISCHER", "DANIEL", "FISCHER" ]
  }, {
    "canonicalName" : "FORNI Jean-Luc",
    "synonyms" : [ "Jean", "Luc", "FORNI", "Jean", "Luc", "FORNI" ]
  }, {
    "canonicalName" : "FOURNIER Nicolas",
    "synonyms" : [ "Nicolas", "FOURNIER", "Nicolas", "FOURNIER" ]
  }, {
    "canonicalName" : "FRISCHKNECHT Catherine",
    "synonyms" : [ "Catherine", "FRISCHKNECHT", "FRICHKNECHT", "Catherine", "FRISCHKNECHT", "FRICHKNECHT" ]
  }, {
    "canonicalName" : "GACHE Hélène",
    "synonyms" : [ "Hélène", "GACHE", "Helen", "STRIKE" ]
  }, {
    "canonicalName" : "GASHI Sami",
    "synonyms" : [ "Sami", "GASHI", "Sami", "GASHI" ]
  }, {
    "canonicalName" : "GIANNASI Anthony",
    "synonyms" : [ "Anthony", "GIANNASI", "GIANASI", "Anthony", "Giannasi", "GIANASI" ]
  }, {
    "canonicalName" : "GIANNELLI Mark",
    "synonyms" : [ "Mark", "GIANNELLI", "GIANELI", "GIANELLI", "GIANNELI", "Mark", "GIANNELLI", "GIANELI", "GIANELLI", "GIANNELI" ]
  }, {
    "canonicalName" : "GIORIA Gaëlle",
    "synonyms" : [ "Gaëlle", "GIORIA", "Gaëlle", "GIORIA" ]
  }, {
    "canonicalName" : "GUINCHARD Jean-Marc",
    "synonyms" : [ "Jean", "Marc", "GUINCHARD", "GUINCHART", "Jean", "Marc", "GUINCHARD", "GUINCHART" ]
  }, {
    "canonicalName" : "DE KALBERMATTEN Alain",
    "synonyms" : [ "Alain", "DE", "KALBERMATTEN", "KALBERMATEN", "Alain", "DE", "Kalbermatten", "KALBERMATEN" ]
  }, {
    "canonicalName" : "KHATTABI HASSAR Houda",
    "synonyms" : [ "Houda", "KHATTABI", "HASSAR", "KATTABI", "KATABI", "Houda", "KHATTABI", "Hassar", "KATTABI", "Katabi" ]
  }, {
    "canonicalName" : "KUNZ Laurence",
    "synonyms" : [ "Laurence", "KUNZ", "Laurence", "KUNZ" ]
  }, {
    "canonicalName" : "LANCE François",
    "synonyms" : [ "François", "LANCE", "Francis", "LAUNCHES" ]
  }, {
    "canonicalName" : "LATHION Jean Charles",
    "synonyms" : [ "Jean", "Charles", "LATHION", "Jean", "Charles", "Lathion" ]
  }, {
    "canonicalName" : "LEHNER Laurent",
    "synonyms" : [ "Laurent", "LEHNER", "Lawrence", "LEHNER" ]
  }, {
    "canonicalName" : "LUPO Paolo",
    "synonyms" : [ "Paolo", "LUPO", "Paolo", "LUPO" ]
  }, {
    "canonicalName" : "MAGNIN Xavier",
    "synonyms" : [ "Xavier", "MAGNIN", "Xavier", "MAGNIN" ]
  }, {
    "canonicalName" : "MAGNIN Yves",
    "synonyms" : [ "Yves", "MAGNIN", "Yves", "MAGNIN" ]
  }, {
    "canonicalName" : "MAITRE Vincent",
    "synonyms" : [ "Vincent", "MAITRE", "Vincent", "MASTER" ]
  }, {
    "canonicalName" : "MAKKI Michela",
    "synonyms" : [ "Michela", "MAKKI", "Michèle", "Michela", "MAKKI", "Michèle" ]
  }, {
    "canonicalName" : "MEISSNER REYFER Christine",
    "synonyms" : [ "Christine", "MEISSNER", "REYFER", "Christina", "Christine", "MEISSNER", "REYFER", "Christina" ]
  }, {
    "canonicalName" : "MERLE Emmanuelle",
    "synonyms" : [ "Emmanuelle", "MERLE", "Emmanuelle", "MERLE" ]
  }, {
    "canonicalName" : "METTAN Guy",
    "synonyms" : [ "Guy", "METTAN", "Guy", "Mettan" ]
  }, {
    "canonicalName" : "MEYER DE STADELHOFEN Philippe",
    "synonyms" : [ "Philippe", "MEYER", "DE", "STADELHOFEN", "STADELOFFEN", "Philip", "MEYER", "DE", "Stadelhofen", "STADELOFFEN" ]
  }, {
    "canonicalName" : "MONDOUX Alexandre",
    "synonyms" : [ "Alexandre", "MONDOUX", "Alexander", "MONDOUX" ]
  }, {
    "canonicalName" : "MORONI Catherine",
    "synonyms" : [ "Catherine", "MORONI", "Catherine", "MORONI" ]
  }, {
    "canonicalName" : "NEUDER Isabelle",
    "synonyms" : [ "Isabelle", "NEUDER", "Isabelle", "NEUDER" ]
  }, {
    "canonicalName" : "OUEDRAOGO Moustapha",
    "synonyms" : [ "Moustapha", "OUEDRAOGO", "Moustapha", "OUEDRAOGO" ]
  }, {
    "canonicalName" : "PERRET Vincent",
    "synonyms" : [ "Vincent", "PERRET", "Vincent", "Perret" ]
  }, {
    "canonicalName" : "PFEIFFER Alex",
    "synonyms" : [ "Alex", "PFEIFFER", "Alex", "PFEIFFER" ]
  }, {
    "canonicalName" : "PROGIN Christian",
    "synonyms" : [ "Christian", "PROGIN", "Christian", "PROGIN" ]
  }, {
    "canonicalName" : "PUTALLAZ Thomas",
    "synonyms" : [ "Thomas", "PUTALLAZ", "PUTALAZ", "Thomas", "Putallaz", "PUTALAZ" ]
  }, {
    "canonicalName" : "RASOLO Daniel",
    "synonyms" : [ "Daniel", "RASOLO", "Daniel", "Rasolo" ]
  }, {
    "canonicalName" : "RUCHET Philippe",
    "synonyms" : [ "Philippe", "RUCHET", "Philip", "RUCHET" ]
  }, {
    "canonicalName" : "RYS Alexandra",
    "synonyms" : [ "Alexandra", "RYS", "Alexandra", "RYS" ]
  }, {
    "canonicalName" : "SAUDAN Guy",
    "synonyms" : [ "Guy", "SAUDAN", "Guy", "SAUDAN" ]
  }, {
    "canonicalName" : "SAYEGH Souheil",
    "synonyms" : [ "Souheil", "SAYEGH", "SAYEHG", "SAYEG", "Souheil", "SAYEGH", "SAYEHG", "SAYEG" ]
  }, {
    "canonicalName" : "SCANDURRA Alessandro",
    "synonyms" : [ "Alessandro", "SCANDURRA", "SCANDURA", "Alessandro", "Scandurra", "Scandura" ]
  }, {
    "canonicalName" : "SCHMIED Patrick",
    "synonyms" : [ "Patrick", "SCHMIED", "SCHMITT", "Patrick", "SCHMIED", "SCHMITT" ]
  }, {
    "canonicalName" : "SCHRAG Sylvianne",
    "synonyms" : [ "Sylvianne", "SCHRAG", "Sylviane", "SCHRAG" ]
  }, {
    "canonicalName" : "SIMOES Jose",
    "synonyms" : [ "Jose", "SIMOES", "Jose", "SIMOES" ]
  }, {
    "canonicalName" : "SOPI Dardan",
    "synonyms" : [ "Dardan", "SOPI", "Dardan", "SOPI" ]
  }, {
    "canonicalName" : "SQUILLACI Nicola",
    "synonyms" : [ "Nicola", "SQUILLACI", "SQUILACCI", "SQUILACI", "Nicola", "SQUILLACI", "SQUILACCI", "SQUILACI" ]
  }, {
    "canonicalName" : "STEINBERG CANDRIAN Melinda",
    "synonyms" : [ "Melinda", "STEINBERG", "CANDRIAN", "Melinda", "STEINBERG", "CANDRIAN" ]
  }, {
    "canonicalName" : "TOMASSI Christine",
    "synonyms" : [ "Christine", "TOMASSI", "Christine", "TOMASSI" ]
  }, {
    "canonicalName" : "TREMBLET Laurent",
    "synonyms" : [ "Laurent", "TREMBLET", "TREMBLAY", "Lawrence", "TREMBLET", "TREMBLAY" ]
  }, {
    "canonicalName" : "UONG Dinh Manh",
    "synonyms" : [ "Dinh", "Manh", "UONG", "Din", "Man", "Dinh", "Manh", "UONG", "Din", "Man" ]
  }, {
    "canonicalName" : "VÖLKI Robert",
    "synonyms" : [ "Robert", "VÖLKI", "Robert", "volki" ]
  }, {
    "canonicalName" : "VUARNOZ Emanuela",
    "synonyms" : [ "Emanuela", "VUARNOZ", "Emanuelle", "Emanuela", "Vuarnoz", "Emanuelle" ]
  }, {
    "canonicalName" : "WEHRLI Patrick",
    "synonyms" : [ "Patrick", "WEHRLI", "Patrick", "WEHRLI" ]
  }, {
    "canonicalName" : "ZIMMERMANN Luc",
    "synonyms" : [ "Luc", "ZIMMERMANN", "ZIMERMANN", "ZIMMERMAN", "Luke", "ZIMMERMANN", "Zimermann", "ZIMMERMAN" ]
  }, {
    "canonicalName" : "ZIMMERMANN Bertrand",
    "synonyms" : [ "Bertrand", "ZIMMERMANN", "ZIMERMANN", "ZIMMERMAN", "Bertrand", "ZIMMERMANN", "Zimermann", "ZIMMERMAN" ]
  }, {
    "canonicalName" : "NIDEGGER Yves",
    "synonyms" : [ "Yves", "NIDEGGER", "NIDEGER", "NYDEGGER", "NYDEGER", "Yves", "Nidegger", "NIDEGER", "NYDEGGER", "NYDEGER" ]
  }, {
    "canonicalName" : "BLÄSI Thomas",
    "synonyms" : [ "Thomas", "BLÄSI", "Thomas", "Blasi" ]
  }, {
    "canonicalName" : "FLOREY Stéphane",
    "synonyms" : [ "Stéphane", "FLOREY", "Stéphane", "FLOREY" ]
  }, {
    "canonicalName" : "LEYVRAZ Eric",
    "synonyms" : [ "Eric", "LEYVRAZ", "LEVRAZ", "LEYVRAT", "Eric", "LEYVRAZ", "LEVRAZ", "LEYVRAT" ]
  }, {
    "canonicalName" : "FUHRMANN Marc",
    "synonyms" : [ "Marc", "FUHRMANN", "FUHRMAN", "FHURMANN", "FHURMAN", "Marc", "FUHRMANN", "FUHRMAN", "FHURMANN", "FHURMAN" ]
  }, {
    "canonicalName" : "LUSSI Patrick",
    "synonyms" : [ "Patrick", "LUSSI", "Patrick", "LUSSI" ]
  }, {
    "canonicalName" : "IVANOV Christo",
    "synonyms" : [ "Christo", "IVANOV", "Christo", "IVANOV" ]
  }, {
    "canonicalName" : "FALQUET Marc",
    "synonyms" : [ "Marc", "FALQUET", "Marc", "FALQUET" ]
  }, {
    "canonicalName" : "MAENDLY Norbert",
    "synonyms" : [ "Norbert", "MAENDLY", "MINDLY", "MAENDLI", "Norbert", "Maendly", "MINDLY", "MAENDLI" ]
  }, {
    "canonicalName" : "PFEFFER André",
    "synonyms" : [ "André", "PFEFFER", "PFEFER", "André", "PFEFFER", "PFEFER" ]
  }, {
    "canonicalName" : "CATELAIN Gilbert",
    "synonyms" : [ "Gilbert", "CATELAIN", "Gilbert", "CATELAIN" ]
  }, {
    "canonicalName" : "HULLIGER Patrick",
    "synonyms" : [ "Patrick", "HULLIGER", "HULIGER", "HULLIGGER", "Patrick", "Hulliger", "HULIGER", "HULLIGGER" ]
  }, {
    "canonicalName" : "MICHAUD Eliane",
    "synonyms" : [ "Eliane", "MICHAUD", "ANSERMET", "Eliane", "MICHAUD", "ANSERMET" ]
  }, {
    "canonicalName" : "SCHERB Peter",
    "synonyms" : [ "Peter", "SCHERB", "Pierre", "Peter", "SCHERB", "Pierre" ]
  }, {
    "canonicalName" : "STARK Riccardo",
    "synonyms" : [ "Riccardo", "STARK", "Richard", "Riccardo", "STARK", "Richard" ]
  }, {
    "canonicalName" : "GUINCHARD Damien",
    "synonyms" : [ "Damien", "GUINCHARD", "Damien", "GUINCHARD" ]
  }, {
    "canonicalName" : "BISOL Walter",
    "synonyms" : [ "Walter", "BISOL", "Walter", "BISOL" ]
  }, {
    "canonicalName" : "MASÉ Zora",
    "synonyms" : [ "Zora", "MASÉ", "MAZE", "Zora", "Mase", "MAZE" ]
  }, {
    "canonicalName" : "VELEN François",
    "synonyms" : [ "François", "VELEN", "Francis", "VELEN" ]
  }, {
    "canonicalName" : "KNÖRR Stephen",
    "synonyms" : [ "Stephen", "KNÖRR", "Stephen", "Knorr" ]
  }, {
    "canonicalName" : "RUBELI Pascal",
    "synonyms" : [ "Pascal", "RUBELI", "Pascal", "Rubeli" ]
  }, {
    "canonicalName" : "LYON Didier",
    "synonyms" : [ "Didier", "LYON", "Didier", "LYON" ]
  }, {
    "canonicalName" : "PERRENOUD Philippe",
    "synonyms" : [ "Philippe", "PERRENOUD", "PERNOUD", "Philip", "PERRENOUD", "PERNOUD" ]
  }, {
    "canonicalName" : "DUTRUIT André",
    "synonyms" : [ "André", "DUTRUIT", "André", "Dutruit" ]
  }, {
    "canonicalName" : "ALTENBACH Pascal",
    "synonyms" : [ "Pascal", "ALTENBACH", "Pascal", "ALTENBACH" ]
  }, {
    "canonicalName" : "QUEFFÉLEC Philippe",
    "synonyms" : [ "Philippe", "QUEFFÉLEC", "QUEFELEC", "Philip", "QUEFFÉLEC", "QUEFELEC" ]
  }, {
    "canonicalName" : "LAPORTE Claude",
    "synonyms" : [ "Claude", "LAPORTE", "Claude", "LAPORTE" ]
  }, {
    "canonicalName" : "CONTI Virna",
    "synonyms" : [ "Virna", "CONTI", "Virna", "CONTI" ]
  }, {
    "canonicalName" : "PAREL Loïc",
    "synonyms" : [ "Loïc", "PAREL", "Loïc", "PAREL" ]
  }, {
    "canonicalName" : "HEDDI Leila",
    "synonyms" : [ "Leila", "HEDDI", "Leila", "Heddi" ]
  }, {
    "canonicalName" : "GOMES DE ALMEIDA José",
    "synonyms" : [ "José", "GOMES", "DE", "ALMEIDA", "Manuel", "Jose", "GOMES", "DE", "ALMEIDA", "Manuel" ]
  }, {
    "canonicalName" : "BERTINAT Marie-Agnès",
    "synonyms" : [ "Marie", "Agnès", "BERTINAT", "Mary", "Agnes", "Bertinat" ]
  }, {
    "canonicalName" : "MOUNLA Alexandre",
    "synonyms" : [ "Alexandre", "MOUNLA", "Alexander", "Mounla" ]
  }, {
    "canonicalName" : "DOURNOW David",
    "synonyms" : [ "David", "DOURNOW", "David", "Dournow" ]
  }, {
    "canonicalName" : "CHAUSSIVERT Patrice",
    "synonyms" : [ "Patrice", "CHAUSSIVERT", "CHAUSSIVERRE", "Patrice", "CHAUSSIVERT", "CHAUSSIVERRE" ]
  }, {
    "canonicalName" : "KNOLL Tatiana",
    "synonyms" : [ "Tatiana", "KNOLL", "Tatiana", "KNOLL" ]
  }, {
    "canonicalName" : "RIME Alexandre",
    "synonyms" : [ "Alexandre", "RIME", "Alexander", "RIME" ]
  }, {
    "canonicalName" : "DESYATKINA DZODZIEV Viktoriya",
    "synonyms" : [ "Viktoriya", "DESYATKINA", "DZODZIEV", "DZOZIEW", "DZOZIEV", "Viktoriya", "DESYATKINA", "DZODZIEV", "DZOZIEW", "DZOZIEV" ]
  }, {
    "canonicalName" : "THOMAS Sébastien",
    "synonyms" : [ "Sébastien", "THOMAS", "Sébastien", "THOMAS" ]
  }, {
    "canonicalName" : "ROMANENS Mathieu",
    "synonyms" : [ "Mathieu", "ROMANENS", "Mathieu", "ROMANENS" ]
  }, {
    "canonicalName" : "SCHWEIZER Adriana",
    "synonyms" : [ "Adriana", "SCHWEIZER", "Adriana", "SCHWEIZER" ]
  }, {
    "canonicalName" : "KHACHATRYAN Gohar",
    "synonyms" : [ "Gohar", "KHACHATRYAN", "KACHATRYAN", "Gohar", "KHACHATRYAN", "KACHATRYAN" ]
  }, {
    "canonicalName" : "PRANDO Stéphane",
    "synonyms" : [ "Stéphane", "PRANDO", "Stéphane", "PRANDO" ]
  }, {
    "canonicalName" : "BORER Maria Da Conceicao",
    "synonyms" : [ "Maria", "Da", "Conceicao", "BORER", "Maria", "Da", "Conceicao", "BORER" ]
  }, {
    "canonicalName" : "AKABA El Mostafa",
    "synonyms" : [ "El", "Mostafa", "AKABA", "El", "Mostafa", "AKABA" ]
  }, {
    "canonicalName" : "LÉGUILLON Angèle",
    "synonyms" : [ "Angèle", "LÉGUILLON", "Angela", "Léguillon" ]
  }, {
    "canonicalName" : "BONTOUX Caroline",
    "synonyms" : [ "Caroline", "BONTOUX", "Carolina", "BONTOUX" ]
  }, {
    "canonicalName" : "HONEGGER HELLER Manuela",
    "synonyms" : [ "Manuela", "HONEGGER", "HELLER", "HONEGER", "Manuela", "HONEGGER", "HELLER", "HONEGER" ]
  }, {
    "canonicalName" : "OCHARAN ROBLES RAPAZ Eva",
    "synonyms" : [ "Eva", "OCHARAN", "ROBLES", "RAPAZ", "OCHARAN", "ROBLES", "RAPPAZ", "Eva", "Ocharán", "ROBLES", "RAPAZ", "Ocharán", "ROBLES", "RAPPAZ" ]
  }, {
    "canonicalName" : "DA CRUZ PEDRO Anna",
    "synonyms" : [ "Anna", "DA", "CRUZ", "PEDRO", "DA", "CRUZ", "PERRET", "GENTIL", "Ana", "Anna", "DA", "CRUZ", "PEDRO", "DA", "CRUZ", "CLARA", "NICE", "Ana" ]
  }, {
    "canonicalName" : "BORCARD Anne",
    "synonyms" : [ "Anne", "BORCARD", "Anne", "BORCARD" ]
  }, {
    "canonicalName" : "MÜLLER Fabienne",
    "synonyms" : [ "Fabienne", "MÜLLER", "ABRAMOVICH", "Fabienne", "MULLER", "ABRAMOVICH" ]
  }, {
    "canonicalName" : "YOL Diana",
    "synonyms" : [ "Diana", "YOL", "Diana", "YOL" ]
  }, {
    "canonicalName" : "RANDEGGER Alice",
    "synonyms" : [ "Alice", "RANDEGGER", "RANDEGER", "Alice", "RANDEGGER", "RANDEGER" ]
  }, {
    "canonicalName" : "DEPRAETERE Graciela",
    "synonyms" : [ "Graciela", "DEPRAETERE", "DEPRAETERE", "MANULIS", "Graciela", "DEPRAETERE", "DEPRAETERE", "Manulis" ]
  }, {
    "canonicalName" : "OZDEMIR Elcim",
    "synonyms" : [ "Elcim", "OZDEMIR", "Elçim", "ÖZDEMIR", "ELCIM", "OZDEMIR", "Elçim", "ÖZDEMIR" ]
  }, {
    "canonicalName" : "RICCIARDI WERLEN Jacqueline",
    "synonyms" : [ "Jacqueline", "RICCIARDI", "WERLEN", "RICHIARDI", "Jacqueline", "Ricciardi", "Werlen", "RICHIARDI" ]
  }, {
    "canonicalName" : "ROSSIER FAHRION Cerise",
    "synonyms" : [ "Cerise", "ROSSIER", "FAHRION", "FARION", "Cherry", "ROSSIER", "FAHRION", "FARION" ]
  }, {
    "canonicalName" : "BOSELLI GAUTHEY Monica",
    "synonyms" : [ "Monica", "BOSELLI", "GAUTHEY", "Monica", "Boselli", "GAUTHEY" ]
  }, {
    "canonicalName" : "LAVRADOR DIAS Claudia",
    "synonyms" : [ "Claudia", "LAVRADOR", "DIAS", "DIAS", "Claudia", "LAVRADOR", "DIAS", "DIAS" ]
  }, {
    "canonicalName" : "JAUCH Caroline",
    "synonyms" : [ "Caroline", "JAUCH", "Carolina", "JAUCH" ]
  }, {
    "canonicalName" : "GRANGE Marie-Florence",
    "synonyms" : [ "Marie", "Florence", "GRANGE", "Mary", "Florence", "GRANGE" ]
  }, {
    "canonicalName" : "MAZZONI Nikita",
    "synonyms" : [ "Nikita", "MAZZONI", "MAZONNI", "Nikita", "MAZZONI", "MAZONNI" ]
  }, {
    "canonicalName" : "LANGER Valérie",
    "synonyms" : [ "Valérie", "LANGER", "Valerie", "LANGER" ]
  }, {
    "canonicalName" : "MAYORAL EDO Corinne",
    "synonyms" : [ "Corinne", "MAYORAL", "EDO", "MAYORAL", "Corinne", "MAYORAL", "ODE", "MAYORAL" ]
  }, {
    "canonicalName" : "THOMIAS LEDUC Diana",
    "synonyms" : [ "Diana", "THOMIAS", "LEDUC", "Diana", "THOMIAS", "LEDUC" ]
  }, {
    "canonicalName" : "ORSINI Magali",
    "synonyms" : [ "Magali", "ORSINI", "Magali", "ORSINI" ]
  }, {
    "canonicalName" : "GAUTHIER Pierre",
    "synonyms" : [ "Pierre", "GAUTHIER", "Peter", "GAUTHIER" ]
  }, {
    "canonicalName" : "ARMAND Catherine",
    "synonyms" : [ "Catherine", "ARMAND", "Catherine", "ARMAND" ]
  }, {
    "canonicalName" : "GUEX Stéphane",
    "synonyms" : [ "Stéphane", "GUEX", "dit", "Guex", "Pierre", "Stéphane", "GUEX", "said", "Guex", "Pierre" ]
  }, {
    "canonicalName" : "HUMBERSET Corinne",
    "synonyms" : [ "Corinne", "HUMBERSET", "Corinne", "Humberset" ]
  }, {
    "canonicalName" : "RUCKTERSTUHL Jean-Claude",
    "synonyms" : [ "Jean", "Claude", "RUCKTERSTUHL", "Jean", "Claude", "RUCKTERSTUHL" ]
  }, {
    "canonicalName" : "LONGO Katrin",
    "synonyms" : [ "Katrin", "LONGO", "Katrin", "LONGO" ]
  }, {
    "canonicalName" : "GIROD Nicolas",
    "synonyms" : [ "Nicolas", "GIROD", "Nicolas", "Girod" ]
  }, {
    "canonicalName" : "KÜDERLI BERKANE Nicole",
    "synonyms" : [ "Nicole", "KÜDERLI", "BERKANE", "Nicole", "Küderli", "BERKANE" ]
  }, {
    "canonicalName" : "FLAKS Joël",
    "synonyms" : [ "Joël", "FLAKS", "FLACKS", "Joel", "Flaks", "flacks" ]
  }, {
    "canonicalName" : "PERRIN Brigitte",
    "synonyms" : [ "Brigitte", "PERRIN", "Brigitte", "PERRIN" ]
  }, {
    "canonicalName" : "GOUDAL Renaud",
    "synonyms" : [ "Renaud", "GOUDAL", "Renaud", "GOUDAL" ]
  }, {
    "canonicalName" : "MEYNET Danielle",
    "synonyms" : [ "Danielle", "MEYNET", "MEINET", "Danielle", "MEYNET", "MEINET" ]
  }, {
    "canonicalName" : "MEYNET Leon",
    "synonyms" : [ "Leon", "MEYNET", "MEINET", "Leon", "MEYNET", "MEINET" ]
  }, {
    "canonicalName" : "TURNOWSKY Serge",
    "synonyms" : [ "Serge", "TURNOWSKY", "Serge", "Turnowsky" ]
  }, {
    "canonicalName" : "ZIMMERMANN Olivier",
    "synonyms" : [ "Olivier", "ZIMMERMANN", "ZIMERMANN", "ZIMMERMAN", "Olivier", "ZIMMERMANN", "Zimermann", "ZIMMERMAN" ]
  }, {
    "canonicalName" : "CHATELAIN Dimitri",
    "synonyms" : [ "Dimitri", "CHATELAIN", "Dimitri", "CHATELAIN" ]
  }, {
    "canonicalName" : "STAUFFER Eric",
    "synonyms" : [ "Eric", "STAUFFER", "STAUFER", "Eric", "Stauffer", "STAUFER" ]
  }, {
    "canonicalName" : "ZACHARIAS Ronald",
    "synonyms" : [ "Ronald", "ZACHARIAS", "ZACCHARIAS", "ZACHARRIAS", "Ronald", "Zacharias", "Zaccharias", "ZACHARRIAS" ]
  }, {
    "canonicalName" : "SARAIVA MEDEIROS Carlos",
    "synonyms" : [ "Carlos", "SARAIVA", "MEDEIROS", "SAREVA", "MEDEROS", "MEDEYROS", "Carlos", "Saraiva", "MEDEIROS", "Sareva", "Mederos", "MEDEYROS" ]
  }, {
    "canonicalName" : "SPÜHLER Pascal",
    "synonyms" : [ "Pascal", "SPÜHLER", "SPULER", "Pascal", "SPÜHLER", "Spüler" ]
  }, {
    "canonicalName" : "GAETANINO Marco",
    "synonyms" : [ "Marco", "GAETANINO", "Marco", "Gaetanino" ]
  }, {
    "canonicalName" : "LE JEUNE GIACOBBI Cristina",
    "synonyms" : [ "Cristina", "LE", "JEUNE", "GIACOBBI", "GIACOBI", "JACCOBI", "Cristina", "PRODUCT", "YOUNG", "GIACOBBI", "GIACOBI", "JACCOBI" ]
  }, {
    "canonicalName" : "WALTHER Thierry",
    "synonyms" : [ "Thierry", "WALTHER", "WALTER", "Thierry", "WALTHER", "WALTER" ]
  }, {
    "canonicalName" : "HÜSSY COPPEX Viviana Ximena Anghela",
    "synonyms" : [ "Viviana", "Ximena", "Anghela", "HÜSSY", "COPPEX", "Angela", "Viviana", "Ximena", "Anghela", "Hussy", "Coppex", "Angela" ]
  }, {
    "canonicalName" : "LOEILLET-ROUZIER Anne",
    "synonyms" : [ "Anne", "LOEILLET", "ROUZIER", "Marie", "L", "ŒILLET", "Anne", "LOEILLET", "ROUZIER", "Mary", "EYELET" ]
  }, {
    "canonicalName" : "FUSCO Gerardo",
    "synonyms" : [ "Gerardo", "FUSCO", "Gerardo", "FUSCO" ]
  }, {
    "canonicalName" : "GAMBERONI Dominique",
    "synonyms" : [ "Dominique", "GAMBERONI", "GAMBERRONI", "GAMBERONNI", "Dominica", "GAMBERONI", "GAMBERRONI", "GAMBERONNI" ]
  }, {
    "canonicalName" : "NOBS Cyril",
    "synonyms" : [ "Cyril", "NOBS", "Cyril", "NOBS" ]
  }, {
    "canonicalName" : "NOËL Daniel",
    "synonyms" : [ "Daniel", "NOËL", "Daniel", "CHRISTMAS" ]
  }, {
    "canonicalName" : "SANTI Michel",
    "synonyms" : [ "Michel", "SANTI", "Michel", "SANTI" ]
  }, {
    "canonicalName" : "PICOT Jérôme",
    "synonyms" : [ "Jérôme", "PICOT", "Jerome", "PICOT" ]
  }, {
    "canonicalName" : "RUCHONNET Jean-François",
    "synonyms" : [ "Jean", "François", "RUCHONNET", "RUCHONET", "Jean", "François", "Ruchonnet", "RUCHONET" ]
  }, {
    "canonicalName" : "GALETTO Frédéric",
    "synonyms" : [ "Frédéric", "GALETTO", "GALLETTO", "GAELETO", "Frederick", "GALETTO", "GALLETTO", "GAELETO" ]
  }, {
    "canonicalName" : "BECK Victoria",
    "synonyms" : [ "Victoria", "BECK", "BECH", "Victoria", "BECK", "Bech" ]
  }, {
    "canonicalName" : "ANTOINE Jean-Marc",
    "synonyms" : [ "Jean", "Marc", "ANTOINE", "Jean", "Marc", "ANTOINE" ]
  }, {
    "canonicalName" : "RIME Fatma",
    "synonyms" : [ "Fatma", "RIME", "Fatima", "Fatma", "RIME", "Fatima" ]
  }, {
    "canonicalName" : "L'HUILLIER Eric",
    "synonyms" : [ "Eric", "L", "HUILLIER", "LHUILLIER", "Eric", "The", "HUILLIER", "LHUILLIER" ]
  }, {
    "canonicalName" : "PARANÁ JÚNIOR Valério",
    "synonyms" : [ "Valério", "PARANÁ", "JÚNIOR", "Valerio", "PARANÁ", "JÚNIOR" ]
  }, {
    "canonicalName" : "LOTA Raphaëlle",
    "synonyms" : [ "Raphaëlle", "LOTA", "Raphaelle", "LOTA" ]
  }, {
    "canonicalName" : "THOMSEN Elena",
    "synonyms" : [ "Elena", "THOMSEN", "MILAKOVA", "TOHMSEN", "Elena", "THOMSEN", "MILAKOVA", "TOHMSEN" ]
  }, {
    "canonicalName" : "BALLESTEROS Stefan",
    "synonyms" : [ "Stefan", "BALLESTEROS", "BALESTEROS", "Stefan", "BALLESTEROS", "Balesteros" ]
  }, {
    "canonicalName" : "FABRE Jean",
    "synonyms" : [ "Jean", "FABRE", "FAVRE", "John", "Fabre", "FAVRE" ]
  }, {
    "canonicalName" : "NGUYEN Van Minh",
    "synonyms" : [ "Van", "Minh", "NGUYEN", "Van", "Min", "N", "GUYEN", "Van", "Minh", "NGUYEN", "Van", "Min", "N", "GUYEN" ]
  }, {
    "canonicalName" : "MARTEL Frédéric",
    "synonyms" : [ "Frédéric", "MARTEL", "Frederic", "MARTEL" ]
  }, {
    "canonicalName" : "FREY Priscilla",
    "synonyms" : [ "Priscilla", "FREY", "Priscilla", "FREY" ]
  }, {
    "canonicalName" : "BRKIC Vitomir",
    "synonyms" : [ "Vitomir", "BRKIC", "BRKICH", "Vitomir", "BRKIC", "Brkich" ]
  }, {
    "canonicalName" : "LEVY Yossef",
    "synonyms" : [ "Yossef", "LEVY", "Hai", "Yosef", "Josef", "Jossef", "LEVI", "Yosef", "LEVY", "Hai", "Yosef", "Josef", "Jossef", "LEVI" ]
  }, {
    "canonicalName" : "BISSOLI Marion",
    "synonyms" : [ "Marion", "BISSOLI", "LE", "BACQUER", "LE", "BAQUER", "Marion", "BISSOLI", "THE", "BACQUER", "THE", "BAQUER" ]
  }, {
    "canonicalName" : "COHEN Olivier",
    "synonyms" : [ "Olivier", "COHEN", "Olivier", "COHEN" ]
  }, {
    "canonicalName" : "BRUGUIER Michel",
    "synonyms" : [ "Michel", "BRUGUIER", "Michel", "BRUGUIER" ]
  }, {
    "canonicalName" : "SOLTEIRO Jorge",
    "synonyms" : [ "Jorge", "SOLTEIRO", "SOLTERO", "Jorge", "solteiro", "SOLTERO" ]
  }, {
    "canonicalName" : "HALIMI Arsim",
    "synonyms" : [ "Arsim", "HALIMI", "Arsim", "HALIMI" ]
  }, {
    "canonicalName" : "BERLEMONT Alain",
    "synonyms" : [ "Alain", "BERLEMONT", "Alain", "BERLEMONT" ]
  }, {
    "canonicalName" : "GARGANTINI Yves",
    "synonyms" : [ "Yves", "GARGANTINI", "Yves", "GARGANTINI" ]
  }, {
    "canonicalName" : "MAIGRE Maria Inès",
    "synonyms" : [ "Maria", "Inès", "MAIGRE", "Maria", "Ines", "LEAN" ]
  }, {
    "canonicalName" : "FARINHA Horacio",
    "synonyms" : [ "Horacio", "FARINHA", "FARINA", "FARINNA", "FARINAH", "Horacio", "FARINHA", "FARINA", "FARINNA", "FARINAH" ]
  }, {
    "canonicalName" : "VIDONNE Thierry",
    "synonyms" : [ "Thierry", "VIDONNE", "VIODNE", "Thierry", "VIDONNE", "VIODNE" ]
  }, {
    "canonicalName" : "LEITNER André",
    "synonyms" : [ "André", "LEITNER", "André", "LEITNER" ]
  }, {
    "canonicalName" : "DELACQUIS Cédric",
    "synonyms" : [ "Cédric", "DELACQUIS", "DELAQUIS", "Cedric", "Delacquis", "DELAQUIS" ]
  }, {
    "canonicalName" : "ZAGATO Sophie",
    "synonyms" : [ "Sophie", "ZAGATO", "ZAGGATO", "ZAGATTO", "Sophie", "Zagato", "ZAGGATO", "Zagatto" ]
  }, {
    "canonicalName" : "VIDONNE Valérie",
    "synonyms" : [ "Valérie", "VIDONNE", "VIDONE", "Valerie", "VIDONNE", "VIDONE" ]
  }, {
    "canonicalName" : "FERRAND Guy",
    "synonyms" : [ "Guy", "FERRAND", "FERAND", "FERRANT", "Guy", "FERRAND", "FERAND", "FERRANT" ]
  }, {
    "canonicalName" : "KUNZI Nicolas",
    "synonyms" : [ "Nicolas", "KUNZI", "Nicolas", "KUNZI" ]
  }, {
    "canonicalName" : "KUGEL Mark",
    "synonyms" : [ "Mark", "KUGEL", "KUGGEL", "Mark", "KUGEL", "KUGGEL" ]
  }, {
    "canonicalName" : "THURNHERR Laurent",
    "synonyms" : [ "Laurent", "THURNHERR", "TURNER", "TURNHERR", "THURNHER", "Lawrence", "THURNHERR", "TURNER", "TURNHERR", "THURNHER" ]
  }, {
    "canonicalName" : "VIDONNE David",
    "synonyms" : [ "David", "VIDONNE", "VIDONE", "David", "VIDONNE", "VIDONE" ]
  }, {
    "canonicalName" : "BEUREUX Silvain",
    "synonyms" : [ "Silvain", "BEUREUX", "Silvain", "Beureux" ]
  }, {
    "canonicalName" : "KUNZI Philippe",
    "synonyms" : [ "Philippe", "KUNZI", "Philip", "KUNZI" ]
  }, {
    "canonicalName" : "FADER Annette",
    "synonyms" : [ "Annette", "FADER", "Yasuka", "Annette", "FADER", "YASUKA" ]
  }, {
    "canonicalName" : "THURNHERR Sylvain",
    "synonyms" : [ "Sylvain", "THURNHERR", "TURNER", "TURNHERR", "THURNHER", "Sylvain", "THURNHERR", "TURNER", "TURNHERR", "THURNHER" ]
  }, {
    "canonicalName" : "BEUREUX Johan",
    "synonyms" : [ "Johan", "BEUREUX", "Johan", "Beureux" ]
  }, {
    "canonicalName" : "POGGIA Mauro",
    "synonyms" : [ "Mauro", "POGGIA", "POGIA", "Mauro", "Poggia", "POGIA" ]
  }, {
    "canonicalName" : "GOLAY Roger",
    "synonyms" : [ "Roger", "GOLAY", "Roger", "GOLAY" ]
  }, {
    "canonicalName" : "ROCH Ana Belen",
    "synonyms" : [ "Ana", "Belen", "ROCH", "Anna", "Belenne", "Ana", "Belen", "ROCH", "Anna", "Belenne" ]
  }, {
    "canonicalName" : "SORMANNI Daniel",
    "synonyms" : [ "Daniel", "SORMANNI", "SORMANI", "Daniel", "SORMANNI", "SORMANI" ]
  }, {
    "canonicalName" : "CERUTTI Thierry",
    "synonyms" : [ "Thierry", "CERUTTI", "CERRUTI", "CERUTI", "Thierry", "CERUTTI", "CERRUTI", "CERUTI" ]
  }, {
    "canonicalName" : "VOUMARD Jean Marie",
    "synonyms" : [ "Jean", "Marie", "VOUMARD", "VOUMART", "Jean", "Marie", "VOUMARD", "VOUMART" ]
  }, {
    "canonicalName" : "LE JONCOUR-BRÜLHART Céline",
    "synonyms" : [ "Céline", "LE", "JONCOUR", "BRÜLHART", "BRULARTH", "Celine", "LE", "JONCOUR", "BRÜLHART", "BRULARTH" ]
  }, {
    "canonicalName" : "BÄRTSCHI François",
    "synonyms" : [ "François", "BÄRTSCHI", "BARTCHI", "Francis", "BÄRTSCHI", "BARTCHI" ]
  }, {
    "canonicalName" : "PISTIS Sandro",
    "synonyms" : [ "Sandro", "PISTIS", "PYSTIS", "PISTYS", "Sandro", "PISTIS", "PYSTIS", "PISTYS" ]
  }, {
    "canonicalName" : "DEROUETTE Jean-Paul",
    "synonyms" : [ "Jean", "Paul", "DEROUETTE", "DEROUETE", "DEROUET", "Jean", "Paul", "Derouette", "DEROUETE", "DEROUET" ]
  }, {
    "canonicalName" : "MAGNIN Danièle",
    "synonyms" : [ "Danièle", "MAGNIN", "Daniele", "MAGNIN" ]
  }, {
    "canonicalName" : "VALENTIN Francisco",
    "synonyms" : [ "Francisco", "VALENTIN", "Francisco", "VALENTIN" ]
  }, {
    "canonicalName" : "SAPIN Françoise",
    "synonyms" : [ "Françoise", "SAPIN", "Françoise", "FIR" ]
  }, {
    "canonicalName" : "FLURY Christian",
    "synonyms" : [ "Christian", "FLURY", "Christian", "FLURY" ]
  }, {
    "canonicalName" : "GOLAY Sandra",
    "synonyms" : [ "Sandra", "GOLAY", "Sandra", "GOLAY" ]
  }, {
    "canonicalName" : "PYTHON André",
    "synonyms" : [ "André", "PYTHON", "PITON", "André", "PYTHON", "Piton" ]
  }, {
    "canonicalName" : "RAPPAZ Henry",
    "synonyms" : [ "Henry", "RAPPAZ", "RAPAZ", "Henry", "RAPPAZ", "RAPAZ" ]
  }, {
    "canonicalName" : "GANDER Florian",
    "synonyms" : [ "Florian", "GANDER", "Florian", "GANDER" ]
  }, {
    "canonicalName" : "DECORVET Christian",
    "synonyms" : [ "Christian", "DECORVET", "DEVORVET", "Christian", "Decorvet", "DEVORVET" ]
  }, {
    "canonicalName" : "SONDEREGGER Gabriela",
    "synonyms" : [ "Gabriela", "SONDEREGGER", "SONDERGGER", "SONDEREGER", "Gabriela", "SONDEREGGER", "SONDERGGER", "SONDEREGER" ]
  }, {
    "canonicalName" : "DIMIER Patrick",
    "synonyms" : [ "Patrick", "DIMIER", "Patrick", "DIMIER" ]
  }, {
    "canonicalName" : "FONTAINE-VIVE-CURTAZ Jean",
    "synonyms" : [ "Jean", "FONTAINE", "VIVE", "CURTAZ", "CURTAT", "John", "FONTAINE", "VIVE", "CURTAZ", "CURTAT" ]
  }, {
    "canonicalName" : "SAAS Alexandra",
    "synonyms" : [ "Alexandra", "SAAS", "SAS", "Alexandra", "SAAS", "SAS" ]
  }, {
    "canonicalName" : "ZOGG Thomas",
    "synonyms" : [ "Thomas", "ZOGG", "ZOG", "ZAUG", "ZAUGG", "Thomas", "ZOGG", "ZOG", "ZAUG", "ZAUGG" ]
  }, {
    "canonicalName" : "PASCARELLA Louise",
    "synonyms" : [ "Louise", "PASCARELLA", "PASCARELA", "Louise", "PASCARELLA", "PASCARELA" ]
  }, {
    "canonicalName" : "FEKKAK Hatem",
    "synonyms" : [ "Hatem", "FEKKAK", "FEKAK", "FEKACK", "Hatem", "Fekkak", "FEKAK", "FEKACK" ]
  }, {
    "canonicalName" : "ANGELO Antonio",
    "synonyms" : [ "Antonio", "ANGELO", "Antonio", "ANGELO" ]
  }, {
    "canonicalName" : "CATTIN Jean-Pascal",
    "synonyms" : [ "Jean", "Pascal", "CATTIN", "CATIN", "Jean", "Pascal", "CATTIN", "CATIN" ]
  }, {
    "canonicalName" : "BARYEKA Jarek",
    "synonyms" : [ "Jarek", "BARYEKA", "Jareck", "BARIEKA", "Jarek", "BARYEKA", "Jareck", "BARIEKA" ]
  }, {
    "canonicalName" : "REICHENBACH Kevin",
    "synonyms" : [ "Kevin", "REICHENBACH", "REICHENBACK", "Kevin", "REICHENBACH", "Reichenback" ]
  }, {
    "canonicalName" : "CHAPOU Frédéric",
    "synonyms" : [ "Frédéric", "CHAPOU", "CHAPOUT", "CHAPOUD", "Frederick", "Chapou", "CHAPOUT", "CHAPOUD" ]
  }, {
    "canonicalName" : "MADANI Amar",
    "synonyms" : [ "Amar", "MADANI", "Amar", "MADANI" ]
  }, {
    "canonicalName" : "LEISI Laurent",
    "synonyms" : [ "Laurent", "LEISI", "LEYSI", "Laurent", "Leisi", "Leysi" ]
  }, {
    "canonicalName" : "OUDIN Rémy",
    "synonyms" : [ "Rémy", "OUDIN", "HOUDIN", "Remy", "OUDIN", "HOUDIN" ]
  }, {
    "canonicalName" : "VILLETTE Jean",
    "synonyms" : [ "Jean", "VILLETTE", "VILETTE", "VILLETE", "John", "VILLETTE", "VILETTE", "Villete" ]
  }, {
    "canonicalName" : "AMBROSIO François",
    "synonyms" : [ "François", "AMBROSIO", "Francis", "AMBROSIO" ]
  }, {
    "canonicalName" : "TEIXEIRA Albano",
    "synonyms" : [ "Albano", "TEIXEIRA", "Albano", "TEIXEIRA" ]
  }, {
    "canonicalName" : "FRAUCHIGER Roger",
    "synonyms" : [ "Roger", "FRAUCHIGER", "FRAUSCHIGER", "FRAUCHIGGER", "Roger", "Frauchiger", "FRAUSCHIGER", "FRAUCHIGGER" ]
  }, {
    "canonicalName" : "DELLAGIOVANNA Daniel",
    "synonyms" : [ "Daniel", "DELLAGIOVANNA", "DELAGIOVANNA", "DELLAGIOVANA", "Daniel", "Dellagiovanna", "DELAGIOVANNA", "DELLAGIOVANA" ]
  }, {
    "canonicalName" : "ROULIN Claude",
    "synonyms" : [ "Claude", "ROULIN", "Claude", "ROULIN" ]
  }, {
    "canonicalName" : "COUTO Armando",
    "synonyms" : [ "Armando", "COUTO", "Armando", "Couto" ]
  }, {
    "canonicalName" : "NIETO Alexandre",
    "synonyms" : [ "Alexandre", "NIETO", "Alexander", "NIETO" ]
  }, {
    "canonicalName" : "CHAOUI Laïla",
    "synonyms" : [ "Laïla", "CHAOUI", "Leila", "Laila", "CHAOUI", "Leila" ]
  }, {
    "canonicalName" : "SOTOMAYOR André",
    "synonyms" : [ "André", "SOTOMAYOR", "SOTOMAYORE", "André", "SOTOMAYOR", "SOTOMAYORE" ]
  }, {
    "canonicalName" : "DO REGO Ricardo",
    "synonyms" : [ "Ricardo", "DO", "REGO", "Ricardo", "DO", "REGO" ]
  }, {
    "canonicalName" : "VENDRELL Marie",
    "synonyms" : [ "Marie", "VENDRELL", "VENDREL", "Mary", "VENDRELL", "VENDREL" ]
  }, {
    "canonicalName" : "MÉNÉTREY Yasmine",
    "synonyms" : [ "Yasmine", "MÉNÉTREY", "MENETRET", "Yasmine", "Ménétrey", "MENETRET" ]
  }, {
    "canonicalName" : "ANGELOZ Claude",
    "synonyms" : [ "Claude", "ANGELOZ", "Claude", "ANGELOZ" ]
  }, {
    "canonicalName" : "LAURENT Pierre-Alain",
    "synonyms" : [ "Pierre", "Alain", "LAURENT", "Pierre", "Alain", "LAURENT" ]
  }, {
    "canonicalName" : "JAHIJA Burim",
    "synonyms" : [ "Burim", "JAHIJA", "JHAIJA", "Burim", "Jahija", "JHAIJA" ]
  }, {
    "canonicalName" : "DI SALVO Giuseppe",
    "synonyms" : [ "Giuseppe", "DI", "SALVO", "Giuseppe", "DI", "SALVO" ]
  }, {
    "canonicalName" : "HEIMO Philippe",
    "synonyms" : [ "Philippe", "HEIMO", "HEIMOT", "HEIMOZ", "Philip", "HEIMO", "HEIMOT", "Heimoz" ]
  }, {
    "canonicalName" : "CHAPPAZ Marc",
    "synonyms" : [ "Marc", "CHAPPAZ", "CHAPAZ", "Marc", "CHAPPAZ", "CHAPAZ" ]
  }, {
    "canonicalName" : "BARRY Minkailou",
    "synonyms" : [ "Minkailou", "BARRY", "Mincaillou", "Minkailou", "BARRY", "Mincaillou" ]
  }, {
    "canonicalName" : "CATALAN Joëlle",
    "synonyms" : [ "Joëlle", "CATALAN", "Joëlle", "CATALAN" ]
  }, {
    "canonicalName" : "REOLON Bruno",
    "synonyms" : [ "Bruno", "REOLON", "Bruno", "Reolon" ]
  }, {
    "canonicalName" : "ALBANESI Jean-François",
    "synonyms" : [ "Jean", "François", "ALBANESI", "Jean", "François", "ALBANESI" ]
  }, {
    "canonicalName" : "KLINGELE Olivier",
    "synonyms" : [ "Olivier", "KLINGELE", "Olivier", "KLINGELE" ]
  }, {
    "canonicalName" : "BENCKER Jeanne",
    "synonyms" : [ "Jeanne", "BENCKER", "BENKER", "Jeanne", "Bencker", "BENKER" ]
  }, {
    "canonicalName" : "MARGUET Tex",
    "synonyms" : [ "Tex", "MARGUET", "Tex", "MARGUET" ]
  }, {
    "canonicalName" : "DELMENICO Janine",
    "synonyms" : [ "Janine", "DELMENICO", "Janine", "Delmenico" ]
  }, {
    "canonicalName" : "SHLYAPINA Elena",
    "synonyms" : [ "Elena", "SHLYAPINA", "SHLIAPINA", "SHLIAPYNA", "Elena", "SHLYAPINA", "SHLIAPINA", "SHLIAPYNA" ]
  }, {
    "canonicalName" : "MUDRY Yves",
    "synonyms" : [ "Yves", "MUDRY", "Yves", "MUDRY" ]
  }, {
    "canonicalName" : "GOSTOLI Gérard",
    "synonyms" : [ "Gérard", "GOSTOLI", "Gerard", "Gostoli" ]
  }, {
    "canonicalName" : "YAU Helen",
    "synonyms" : [ "Helen", "YAU", "Helen", "YAU" ]
  }, {
    "canonicalName" : "INNOCENTI Flavio",
    "synonyms" : [ "Flavio", "INNOCENTI", "INOCENTI", "INNOCENTTI", "INOCENTTI", "Flavio", "Innocenti", "Inocenti", "INNOCENTTI", "INOCENTTI" ]
  }, {
    "canonicalName" : "COVER Sabina",
    "synonyms" : [ "Sabina", "COVER", "Sabina", "COVER" ]
  }, {
    "canonicalName" : "AMBORD Cédric",
    "synonyms" : [ "Cédric", "AMBORD", "Sandro", "Cedric", "Ambord", "Sandro" ]
  }, {
    "canonicalName" : "GARCIA Javier",
    "synonyms" : [ "Javier", "GARCIA", "Javier", "GARCIA" ]
  }, {
    "canonicalName" : "BELCASTRO DE LUCA Nathalie",
    "synonyms" : [ "Nathalie", "BELCASTRO", "DE", "LUCA", "DE", "LUCCA", "Nathalie", "BELCASTRO", "FROM", "LUCA", "FROM", "LUCCA" ]
  }, {
    "canonicalName" : "ZBINDEN Jean-Luc",
    "synonyms" : [ "Jean", "Luc", "ZBINDEN", "Jean", "Luc", "ZBINDEN" ]
  }, {
    "canonicalName" : "AHDAB Ahmad",
    "synonyms" : [ "Ahmad", "AHDAB", "Chawki", "ADHAB", "Amahd", "Ahmad", "AHDAB", "Chawki", "Adhab", "Amahd" ]
  }, {
    "canonicalName" : "BAIUNCO Aurora",
    "synonyms" : [ "Aurora", "BAIUNCO", "Aurora", "BAIUNCO" ]
  }, {
    "canonicalName" : "OLIVEIRA Rui",
    "synonyms" : [ "Rui", "OLIVEIRA", "OLIVERA", "Rui", "OLIVEIRA", "OLIVERA" ]
  }, {
    "canonicalName" : "PASTORE Daniel",
    "synonyms" : [ "Daniel", "PASTORE", "Dany", "Daniel", "PASTORE", "Dany" ]
  }, {
    "canonicalName" : "DRASKOVIC Rada",
    "synonyms" : [ "Rada", "DRASKOVIC", "DRASKOVICH", "Rada", "DRASKOVIC", "DRASKOVICH" ]
  }, {
    "canonicalName" : "HAYMOZ William",
    "synonyms" : [ "William", "HAYMOZ", "William", "Haymoz" ]
  }, {
    "canonicalName" : "BESSE Muriel",
    "synonyms" : [ "Muriel", "BESSE", "Muriel", "BESSE" ]
  }, {
    "canonicalName" : "NAINE Marie-Josée",
    "synonyms" : [ "Marie", "Josée", "NAINE", "Marie", "Josée", "DWARF" ]
  }, {
    "canonicalName" : "GHARBI Mohamed",
    "synonyms" : [ "Mohamed", "GHARBI", "GARBI", "GAHRBI", "Mohamed", "GHARBI", "GARBI", "GAHRBI" ]
  }, {
    "canonicalName" : "LOOSLI Bertille",
    "synonyms" : [ "Bertille", "LOOSLI", "Clarence", "LOSLI", "Bertille", "LOOSLI", "Clarence", "LOSLI" ]
  }, {
    "canonicalName" : "EMONET Sarah",
    "synonyms" : [ "Sarah", "EMONET", "EMONNET", "Sarah", "EMONET", "EMONNET" ]
  }, {
    "canonicalName" : "MÜLLER Olivier",
    "synonyms" : [ "Olivier", "MÜLLER", "Olivier", "Müller" ]
  }, {
    "canonicalName" : "LODDO Olivier",
    "synonyms" : [ "Olivier", "LODDO", "HENRIOUD", "LODO", "Olivier", "LODDO", "Henrioud", "LODO" ]
  }, {
    "canonicalName" : "BEN CHAABANE Salah",
    "synonyms" : [ "Salah", "BEN", "CHAABANE", "CHABANE", "CHAABANNE", "CHABANE", "Salah", "BEN", "CHAABANE", "CHABANE", "CHAABANNE", "CHABANE" ]
  }, {
    "canonicalName" : "DE OLIVEIRA NUNES Vitor",
    "synonyms" : [ "Vitor", "DE", "OLIVEIRA", "NUNES", "NUNEZ", "Vitor", "DE", "OLIVEIRA", "NUNES", "NUNEZ" ]
  }, {
    "canonicalName" : "MARTIGNONI Alain",
    "synonyms" : [ "Alain", "MARTIGNONI", "Alain", "MARTIGNONI" ]
  }, {
    "canonicalName" : "MARÉCHAL Christophe",
    "synonyms" : [ "Christophe", "MARÉCHAL", "Christophe", "MARSHAL" ]
  }, {
    "canonicalName" : "SPAGNOLO Salvatore",
    "synonyms" : [ "Salvatore", "SPAGNOLO", "Salvatore", "SPAGNOLO" ]
  }, {
    "canonicalName" : "PIERRE TOUSSAINT Sircee",
    "synonyms" : [ "Sircee", "PIERRE", "TOUSSAINT", "CEARIS", "PIERRE", "TOUSSAINT" ]
  }, {
    "canonicalName" : "STEINER Christian",
    "synonyms" : [ "Christian", "STEINER", "Christian", "STEINER" ]
  }, {
    "canonicalName" : "BEUN Christine",
    "synonyms" : [ "Christine", "BEUN", "Kristine", "Christine", "BEUN", "Kristine" ]
  }, {
    "canonicalName" : "BISSAT Rose",
    "synonyms" : [ "Rose", "BISSAT", "Marie", "Angeline", "Rose", "Bissat", "Mary", "Angeline" ]
  }, {
    "canonicalName" : "GUISY Milène",
    "synonyms" : [ "Milène", "GUISY", "GUISI", "Milene", "GUISY", "Gisi" ]
  }, {
    "canonicalName" : "MARTIN Emmanuel",
    "synonyms" : [ "Emmanuel", "MARTIN", "Emmanuel", "MARTIN" ]
  }, {
    "canonicalName" : "DUSSAN Julien",
    "synonyms" : [ "Julien", "DUSSAN", "DUSAN", "Julien", "Dussán", "DUSAN" ]
  }, {
    "canonicalName" : "BONVIN Philippe",
    "synonyms" : [ "Philippe", "BONVIN", "Philip", "BONVIN" ]
  }, {
    "canonicalName" : "SAUSER Nicolas",
    "synonyms" : [ "Nicolas", "SAUSER", "Nicolas", "SAUSER" ]
  }, {
    "canonicalName" : "RYSER Alain",
    "synonyms" : [ "Alain", "RYSER", "RISER", "Alain", "RYSER", "RISER" ]
  }, {
    "canonicalName" : "MONNEY Armand",
    "synonyms" : [ "Armand", "MONNEY", "MONNET", "Armand", "MONNEY", "MONNET" ]
  }, {
    "canonicalName" : "PEYRAUD Alexandre",
    "synonyms" : [ "Alexandre", "PEYRAUD", "PERAUD", "PERRAUT", "Alexander", "PEYRAUD", "PERAUD", "PERRAUT" ]
  }, {
    "canonicalName" : "HÄUSERMANN Elisabeth",
    "synonyms" : [ "Elisabeth", "HÄUSERMANN", "HAUSERMAN", "Elisabeth", "HÄUSERMANN", "HAUSERMAN" ]
  }, {
    "canonicalName" : "GAUTROT Maria Magdalena",
    "synonyms" : [ "Maria", "Magdalena", "GAUTROT", "Marielena", "Maria", "Magdalena", "GAUTROT", "Marielena" ]
  }, {
    "canonicalName" : "FONTANA Jérôme",
    "synonyms" : [ "Jérôme", "FONTANA", "Jerome", "FONTANA" ]
  }, {
    "canonicalName" : "PIGUET Frédéric",
    "synonyms" : [ "Frédéric", "PIGUET", "Paul", "Frederick", "PIGUET", "Paul" ]
  }, {
    "canonicalName" : "WUARIN Marc",
    "synonyms" : [ "Marc", "WUARIN", "VUARIN", "Marc", "Wuarin", "Vuarin" ]
  }, {
    "canonicalName" : "SAMIM FIROUZSALARI Atefeh",
    "synonyms" : [ "Atefeh", "SAMIM", "FIROUZSALARI", "Atefeh", "SAMIM", "FIROUZSALARI" ]
  }, {
    "canonicalName" : "BUSTAMANTE HERNANDEZ Eric",
    "synonyms" : [ "Eric", "BUSTAMANTE", "HERNANDEZ", "BUSTAMENTE", "HERANDES", "Eric", "BUSTAMANTE", "HERNANDEZ", "Bustamente", "HERANDES" ]
  }, {
    "canonicalName" : "HAMOIR Fursy",
    "synonyms" : [ "Fursy", "HAMOIR", "Fursy", "HAMOIR" ]
  }, {
    "canonicalName" : "PREISIG Robert",
    "synonyms" : [ "Robert", "PREISIG", "PREISSIG", "Robert", "PREISIG", "Preissig" ]
  }, {
    "canonicalName" : "JEANMONOD Christian",
    "synonyms" : [ "Christian", "JEANMONOD", "JEANMONOT", "Christian", "JEANMONOD", "JEANMONOT" ]
  }, {
    "canonicalName" : "MEYLAN Jean Michel",
    "synonyms" : [ "Jean", "Michel", "MEYLAN", "Jean", "Michel", "MEYLAN" ]
  }, {
    "canonicalName" : "CORI Claudio",
    "synonyms" : [ "Claudio", "CORI", "Claudio", "CORI" ]
  }, {
    "canonicalName" : "WITTWER Christoph",
    "synonyms" : [ "Christoph", "WITTWER", "WITWER", "Christoph", "WITTWER", "Witwer" ]
  }, {
    "canonicalName" : "BESOMI Alessandro",
    "synonyms" : [ "Alessandro", "BESOMI", "Alex", "Alessandro", "Besomi", "Alex" ]
  }, {
    "canonicalName" : "RITTER Sven",
    "synonyms" : [ "Sven", "RITTER", "Sven", "RITTER" ]
  }, {
    "canonicalName" : "DUVNJAK Sanja",
    "synonyms" : [ "Sanja", "DUVNJAK", "DUVNJACK", "DUVJAK", "Sanja", "Duvnjak", "DUVNJACK", "DUVJAK" ]
  }, {
    "canonicalName" : "FRAMMERY Chloe",
    "synonyms" : [ "Chloe", "FRAMMERY", "FRAMERY", "Chloe", "FRAMMERY", "FRAMERY" ]
  }, {
    "canonicalName" : "FOUDA AMOUGOU Charlotte",
    "synonyms" : [ "Charlotte", "FOUDA", "AMOUGOU", "Charlotte", "FOUDA", "AMOUGOU" ]
  }, {
    "canonicalName" : "SCHELLER Gérard",
    "synonyms" : [ "Gérard", "SCHELLER", "Gerard", "SCHELLER" ]
  }, {
    "canonicalName" : "ROSSELLAT Blaise",
    "synonyms" : [ "Blaise", "ROSSELLAT", "ROSELAT", "Blaise", "Rossellat", "ROSELAT" ]
  }, {
    "canonicalName" : "DACHROUNE Samir",
    "synonyms" : [ "Samir", "DACHROUNE", "Samir", "DACHROUNE" ]
  }, {
    "canonicalName" : "BULT Christoph",
    "synonyms" : [ "Christoph", "BULT", "Christoph", "BULT" ]
  }, {
    "canonicalName" : "MONSHENGWO Jessica",
    "synonyms" : [ "Jessica", "MONSHENGWO", "MONSHENGO", "Jessica", "MONSHENGWO", "MONSHENGO" ]
  }, {
    "canonicalName" : "LOPEZ Julien",
    "synonyms" : [ "Julien", "LOPEZ", "Julien", "LOPEZ" ]
  }, {
    "canonicalName" : "FRAUDEAU Delphine",
    "synonyms" : [ "Delphine", "FRAUDEAU", "FRAUDAU", "Delphine", "FRAUDEAU", "FRAUDAU" ]
  }, {
    "canonicalName" : "ABESSE Hayet",
    "synonyms" : [ "Hayet", "ABESSE", "ABESE", "Hayet", "abesse", "ABESE" ]
  }, {
    "canonicalName" : "GOLAY Séverine",
    "synonyms" : [ "Séverine", "GOLAY", "Séverine", "GOLAY" ]
  }, {
    "canonicalName" : "JORDAN Claude",
    "synonyms" : [ "Claude", "JORDAN", "Claude", "JORDAN" ]
  }, {
    "canonicalName" : "REGAMEY Murielle",
    "synonyms" : [ "Murielle", "REGAMEY", "REGAMET", "Murielle", "REGAMEY", "REGAMET" ]
  }, {
    "canonicalName" : "SCHUCANI Grégoire",
    "synonyms" : [ "Grégoire", "SCHUCANI", "Gregory", "SCHUCANI" ]
  } ],
  "namedEntityRuleParams" : [ ]
}