{
  "name" : "Depute_e",
  "type" : "ENUMVALUES",
  "enumValues" : [ {
    "canonicalName" : "PAGANI Rémy",
    "synonyms" : [ "Rémy", "PAGANI" ]
  }, {
    "canonicalName" : "WENGER Saliha",
    "synonyms" : [ "Saliha", "WENGER", "Salika" ]
  }, {
    "canonicalName" : "ZAUGG Christian",
    "synonyms" : [ "Christian", "ZAUGG", "ZAUG", "ZOG", "ZOGG" ]
  }, {
    "canonicalName" : "HALLER Jocelyne",
    "synonyms" : [ "Jocelyne", "HALLER", "HALER" ]
  }, {
    "canonicalName" : "ENILINE Alexander",
    "synonyms" : [ "Alexander", "ENILINE" ]
  }, {
    "canonicalName" : "CRUCHON Pablo",
    "synonyms" : [ "Pablo", "CRUCHON" ]
  }, {
    "canonicalName" : "VALENTINO Stéphanie",
    "synonyms" : [ "Stéphanie", "VALENTINO" ]
  }, {
    "canonicalName" : "BURGERMEISTER Jean",
    "synonyms" : [ "Jean", "BURGERMEISTER" ]
  }, {
    "canonicalName" : "ECUYER Hélène",
    "synonyms" : [ "Hélène", "ECUYER" ]
  }, {
    "canonicalName" : "ISSOM David-Zacharie",
    "synonyms" : [ "David", "Zacharie", "ISSOM", "ISOM" ]
  }, {
    "canonicalName" : "OSSMANN Sekna",
    "synonyms" : [ "Sekna", "OSSMANN", "OSMANN", "OSSMAN" ]
  }, {
    "canonicalName" : "NYFFELER BATOU Françoise",
    "synonyms" : [ "Françoise", "NYFFELER", "BATOU", "NIFFELER", "NYFELLER" ]
  }, {
    "canonicalName" : "JANUZI Bashkim",
    "synonyms" : [ "Bashkim", "JANUZI", "Baskim", "JANUZZI" ]
  }, {
    "canonicalName" : "ECUYER Sébastien",
    "synonyms" : [ "Sébastien", "ECUYER" ]
  }, {
    "canonicalName" : "OVETT BONDI Davinia",
    "synonyms" : [ "Davinia", "OVETT", "BONDI", "OVET" ]
  }, {
    "canonicalName" : "JIMENEZ Jean-Daniel",
    "synonyms" : [ "Jean", "Daniel", "JIMENEZ" ]
  }, {
    "canonicalName" : "ECUYER Annick",
    "synonyms" : [ "Annick", "ECUYER" ]
  }, {
    "canonicalName" : "PERADOTTO Julie",
    "synonyms" : [ "Julie", "PERADOTTO", "PERADOTO", "PERRADOTO", "PERADOTTO" ]
  }, {
    "canonicalName" : "MANRÍQUEZ Matías",
    "synonyms" : [ "Matías", "MANRÍQUEZ" ]
  }, {
    "canonicalName" : "ZEHFUS Yves",
    "synonyms" : [ "Yves", "ZEHFUS", "ZHEFUS", "ZEHFUSS", "ZHEFUSS" ]
  }, {
    "canonicalName" : "ZAUGG Daniel",
    "synonyms" : [ "Daniel", "ZAUGG", "ZAUG", "ZOG", "ZOGG" ]
  }, {
    "canonicalName" : "PEREZ Maria",
    "synonyms" : [ "Maria", "PEREZ", "Lou" ]
  }, {
    "canonicalName" : "SCHNEBLI Tobias",
    "synonyms" : [ "Tobias", "SCHNEBLI", "Tobia", "SHNEBLI" ]
  }, {
    "canonicalName" : "MISSOH DZIKUNOO Massan",
    "synonyms" : [ "Massan", "MISSOH", "DZIKUNOO", "DZIKOUNO", "MISSO", "MISHO" ]
  }, {
    "canonicalName" : "MARTENOT Aude",
    "synonyms" : [ "Aude", "MARTENOT" ]
  }, {
    "canonicalName" : "VANEK Pierre",
    "synonyms" : [ "Pierre", "VANEK", "VANECK" ]
  }, {
    "canonicalName" : "CLEMENT Patrice",
    "synonyms" : [ "Patrice", "CLEMENT" ]
  }, {
    "canonicalName" : "PREZIOSO BATOU Stefania",
    "synonyms" : [ "Stefania", "PREZIOSO", "BATOU", "PRESIOSO" ]
  }, {
    "canonicalName" : "ESAKI KABEYA Elisabeth",
    "synonyms" : [ "Elisabeth", "ESAKI", "KABEYA" ]
  }, {
    "canonicalName" : "LANGFORD Pia",
    "synonyms" : [ "Pia", "LANGFORD" ]
  }, {
    "canonicalName" : "VINCENT Michel",
    "synonyms" : [ "Michel", "VINCENT" ]
  }, {
    "canonicalName" : "RUMPCZYK Delphine",
    "synonyms" : [ "Delphine", "RUMPCZYK", "RUMPTCHIK", "RUMPTCHYK", "RUMPZYK" ]
  }, {
    "canonicalName" : "SALM DARBOE Karijn",
    "synonyms" : [ "Karijn", "SALM", "DARBOE" ]
  }, {
    "canonicalName" : "ANDENMATTEN David",
    "synonyms" : [ "David", "ANDENMATTEN", "ANDENMATEN" ]
  }, {
    "canonicalName" : "SCHMID Audrey",
    "synonyms" : [ "Audrey", "SCHMID", "SCHMIT", "SCHMITT" ]
  }, {
    "canonicalName" : "GUEVARA Francisco",
    "synonyms" : [ "Francisco", "GUEVARA" ]
  }, {
    "canonicalName" : "BATOU Jean",
    "synonyms" : [ "Jean", "BATOU" ]
  }, {
    "canonicalName" : "STEBLER GUENAT Henriette",
    "synonyms" : [ "Henriette", "STEBLER", "GUENAT", "GUENAZ", "GUENAD" ]
  }, {
    "canonicalName" : "EDJEOU Corinne",
    "synonyms" : [ "Corinne", "EDJEOU", "BUNTSCHU", "BUNTCHU" ]
  }, {
    "canonicalName" : "ZAUGG Cecilia",
    "synonyms" : [ "Cecilia", "ZAUGG;ZAUG", "ZOG", "ZOGG" ]
  }, {
    "canonicalName" : "BAUD Olivier",
    "synonyms" : [ "Olivier", "BAUD", "BEAUD", "BEAU" ]
  }, {
    "canonicalName" : "ZBINDEN Livia",
    "synonyms" : [ "Livia", "ZBINDEN" ]
  }, {
    "canonicalName" : "ROSSEL Pascal",
    "synonyms" : [ "Pascal", "ROSSEL", "ROSEL", "ROSSELL" ]
  }, {
    "canonicalName" : "BAYENET Pierre",
    "synonyms" : [ "Pierre", "BAYENET", "BAIENET" ]
  }, {
    "canonicalName" : "BAILAT Ariane",
    "synonyms" : [ "Ariane", "BAILAT", "BAILLAT" ]
  }, {
    "canonicalName" : "MAILLEFER Denise",
    "synonyms" : [ "Denise", "MAILLEFER", "MAILEFER" ]
  }, {
    "canonicalName" : "MEIERHOFER MANYAGOUA BOUMTCHÉ Charlotte",
    "synonyms" : [ "Charlotte", "MEIERHOFER", "MANYAGOUA", "BOUMTCHÉ", "MEIERHOFFER", "MANIAGOUA" ]
  }, {
    "canonicalName" : "BLANCHET Marjo",
    "synonyms" : [ "Marjo", "BLANCHET" ]
  }, {
    "canonicalName" : "MARTI Werner",
    "synonyms" : [ "Werner", "MARTI", "MARTY" ]
  }, {
    "canonicalName" : "KHAOUCHI Corinne",
    "synonyms" : [ "Corinne", "KHAOUCHI", "KAOUCHI", "KAHOUCHI" ]
  }, {
    "canonicalName" : "BOLAY ROBIN Stéphanie",
    "synonyms" : [ "Stéphanie", "BOLAY", "ROBIN" ]
  }, {
    "canonicalName" : "BLANCO Luis",
    "synonyms" : [ "Luis", "BLANCO" ]
  }, {
    "canonicalName" : "MAMIN François",
    "synonyms" : [ "François", "MAMIN" ]
  }, {
    "canonicalName" : "DE MELO MARCELINO Amélia",
    "synonyms" : [ "Amélia", "DE", "MELO", "MARCELINO" ]
  }, {
    "canonicalName" : "BOUZID Mohamed",
    "synonyms" : [ "Mohamed", "BOUZID" ]
  }, {
    "canonicalName" : "BOUJEMAA Sanae",
    "synonyms" : [ "Sanae", "BOUJEMAA", "BOUJEMA" ]
  }, {
    "canonicalName" : "GALLAND Eduardo",
    "synonyms" : [ "Eduardo", "GALLAND", "GALLANT" ]
  }, {
    "canonicalName" : "JELK Andrée",
    "synonyms" : [ "Andrée", "JELK", "JELK", "PEILA", "JELCK", "PELA" ]
  }, {
    "canonicalName" : "CASTRO Gloria",
    "synonyms" : [ "Gloria", "CASTRO" ]
  }, {
    "canonicalName" : "CAMELO Alfredo",
    "synonyms" : [ "Alfredo", "CAMELO" ]
  }, {
    "canonicalName" : "NOETZLIN Simon",
    "synonyms" : [ "Simon", "NOETZLIN" ]
  }, {
    "canonicalName" : "DURAKU Fitore",
    "synonyms" : [ "Fitore", "DURAKU" ]
  }, {
    "canonicalName" : "DURAKU Edon",
    "synonyms" : [ "Edon", "DURAKU" ]
  }, {
    "canonicalName" : "FERREIRA Elisabeth",
    "synonyms" : [ "Elisabeth", "FERREIRA", "FEREIRAI", "FERRERA" ]
  }, {
    "canonicalName" : "CHRISTINAT Jean-David",
    "synonyms" : [ "Jean", "David", "CHRISTINAT", "CHRISTINA" ]
  }, {
    "canonicalName" : "GERARDO FÉLIZ GRUBI Ynes",
    "synonyms" : [ "Ynes", "GERARDO", "FÉLIZ", "GRUBI", "FELIX" ]
  }, {
    "canonicalName" : "CARLO Xavier",
    "synonyms" : [ "Xavier", "CARLO" ]
  }, {
    "canonicalName" : "SAHIN Gazi",
    "synonyms" : [ "Gazi", "SAHIN" ]
  }, {
    "canonicalName" : "HODGERS Antonio",
    "synonyms" : [ "Antonio", "HODGERS" ]
  }, {
    "canonicalName" : "DE CHASTONAY Marjorie",
    "synonyms" : [ "Marjorie", "DE", "CHASTONAY", "DECHASTONAY", "DE CHASTONNAY", "DE CHASTONAIT" ]
  }, {
    "canonicalName" : "ROCHAT Yvan",
    "synonyms" : [ "Yvan", "ROCHAT" ]
  }, {
    "canonicalName" : "PERLER Frédérique",
    "synonyms" : [ "Frédérique", "PERLER" ]
  }, {
    "canonicalName" : "BUSCHBECK Mathias",
    "synonyms" : [ "Mathias", "BUSCHBECK", "BUCHBECK", "BUSHBECK", "BUSCHBEK" ]
  }, {
    "canonicalName" : "LEFORT François",
    "synonyms" : [ "François", "LEFORT" ]
  }, {
    "canonicalName" : "LEONELLI Katia",
    "synonyms" : [ "Katia", "LEONELLI", "LEONNELLI", "LEONELI" ]
  }, {
    "canonicalName" : "MACCHIAVELLI Marta",
    "synonyms" : [ "Marta", "MACCHIAVELLI", "Marta", "Julia", "MACHIAVELLI", "MACCHIAVELI" ]
  }, {
    "canonicalName" : "MAKOSSO William",
    "synonyms" : [ "William", "MAKOSSO", "MAKOSO", "MACKOSSO" ]
  }, {
    "canonicalName" : "MARTIN David",
    "synonyms" : [ "David", "MARTIN" ]
  }, {
    "canonicalName" : "MÜLLER SONTAG Corinne",
    "synonyms" : [ "Corinne", "MÜLLER", "SONTAG" ]
  }, {
    "canonicalName" : "NICOLET-DIT-FELIX Julien",
    "synonyms" : [ "Julien", "NICOLET", "DIT", "FELIX" ]
  }, {
    "canonicalName" : "NOËL Philippe",
    "synonyms" : [ "Philippe", "NOËL" ]
  }, {
    "canonicalName" : "ORIOLO Alessandra",
    "synonyms" : [ "Alessandra", "ORIOLO", "ORIOLLO" ]
  }, {
    "canonicalName" : "OZTÜRK Dilara",
    "synonyms" : [ "Dilara", "OZTÜRK" ]
  }, {
    "canonicalName" : "PASQUIER Isabelle",
    "synonyms" : [ "Isabelle", "PASQUIER", "PASQUIER", "EICHENBERGER" ]
  }, {
    "canonicalName" : "POGET Philippe",
    "synonyms" : [ "Philippe", "POGET" ]
  }, {
    "canonicalName" : "QUIJANO GARCIA Maria",
    "synonyms" : [ "Maria", "QUIJANO", "GARCIA", "Maria", "José" ]
  }, {
    "canonicalName" : "RODRIGUEZ Mario",
    "synonyms" : [ "Mario", "RODRIGUEZ", "RODRIGUES" ]
  }, {
    "canonicalName" : "ROGG Catharina",
    "synonyms" : [ "Catharina", "ROGG", "Olowine", "ROG" ]
  }, {
    "canonicalName" : "ROSSIAUD Jean",
    "synonyms" : [ "Jean", "ROSSIAUD", "ROSSIAUT" ]
  }, {
    "canonicalName" : "SAA BAUD Yubitza",
    "synonyms" : [ "Yubitza", "SAA", "BAUD", "Youbitza", "BEAUD" ]
  }, {
    "canonicalName" : "SCHALK Antoine",
    "synonyms" : [ "Antoine", "SCHALK" ]
  }, {
    "canonicalName" : "SCHAUFELBERGER Esther",
    "synonyms" : [ "Esther", "SCHAUFELBERGER" ]
  }, {
    "canonicalName" : "SORDET Adrienne",
    "synonyms" : [ "Adrienne", "SORDET" ]
  }, {
    "canonicalName" : "TALEGHANI Majid",
    "synonyms" : [ "Majid", "TALEGHANI", "TALEGANI", "TALEGANNI" ]
  }, {
    "canonicalName" : "TCHAMKERTEN Jolanka",
    "synonyms" : [ "Jolanka", "TCHAMKERTEN" ]
  }, {
    "canonicalName" : "TIGUEMOUNINE Sabine",
    "synonyms" : [ "Sabine", "TIGUEMOUNINE" ]
  }, {
    "canonicalName" : "TINGUELY Dominique",
    "synonyms" : [ "Dominique", "TINGUELY" ]
  }, {
    "canonicalName" : "TSCHUDI Paloma",
    "synonyms" : [ "Paloma", "TSCHUDI", "TCHUDI" ]
  }, {
    "canonicalName" : "VAN WOERDEN Wendy",
    "synonyms" : [ "Wendy", "VAN", "WOERDEN" ]
  }, {
    "canonicalName" : "VEIGA ARIAS Damian",
    "synonyms" : [ "Damian", "VEIGA", "ARIAS", "VEIGA", "LÖFFEL" ]
  }, {
    "canonicalName" : "WISARD PRADO Leyma",
    "synonyms" : [ "Leyma", "WISARD", "PRADO", "WIZARD", "WISART" ]
  }, {
    "canonicalName" : "YUNUS EBENER Mariam",
    "synonyms" : [ "Mariam", "YUNUS", "EBENER", "Maryam" ]
  }, {
    "canonicalName" : "AMATO Maurice",
    "synonyms" : [ "Maurice", "AMATO", "AMSELEM", "OSSIPOV" ]
  }, {
    "canonicalName" : "AMSELLEM Benedicte",
    "synonyms" : [ "Benedicte", "AMSELLEM", "AMSELLEM", "OSSIPOW", "AMSELEM", "OSSIPOV" ]
  }, {
    "canonicalName" : "ARDIZZONE Ivan",
    "synonyms" : [ "Ivan", "ARDIZZONE" ]
  }, {
    "canonicalName" : "AZZABI Omar",
    "synonyms" : [ "Omar", "AZZABI", "AZABBI" ]
  }, {
    "canonicalName" : "BÄNZIGER Ruth",
    "synonyms" : [ "Ruth", "BÄNZIGER" ]
  }, {
    "canonicalName" : "BARCIELA VILLAR Ana",
    "synonyms" : [ "Ana", "BARCIELA", "VILLAR" ]
  }, {
    "canonicalName" : "BAVAREL Christian",
    "synonyms" : [ "Christian", "BAVAREL" ]
  }, {
    "canonicalName" : "BOCCARD Damien",
    "synonyms" : [ "Damien", "BOCCARD", "Damien", "Baptiste", "BOCARD" ]
  }, {
    "canonicalName" : "BONNY Didier",
    "synonyms" : [ "Didier", "BONNY" ]
  }, {
    "canonicalName" : "BONVIN BONFANTI Anne",
    "synonyms" : [ "Anne", "BONVIN", "BONFANTI" ]
  }, {
    "canonicalName" : "BUCHER Denis",
    "synonyms" : [ "Denis", "BUCHER" ]
  }, {
    "canonicalName" : "BUENZOD Christian",
    "synonyms" : [ "Christian", "BUENZOD" ]
  }, {
    "canonicalName" : "BUI Aurore",
    "synonyms" : [ "Aurore", "BUI", "BUY" ]
  }, {
    "canonicalName" : "CABITZA Marina",
    "synonyms" : [ "Marina", "CABITZA" ]
  }, {
    "canonicalName" : "CALAME Boris",
    "synonyms" : [ "Boris", "CALAME" ]
  }, {
    "canonicalName" : "CALAME Fabrice",
    "synonyms" : [ "Fabrice", "CALAME" ]
  }, {
    "canonicalName" : "CHAUDIEU Anne",
    "synonyms" : [ "Anne", "CHAUDIEU" ]
  }, {
    "canonicalName" : "CONCHA Celtia",
    "synonyms" : [ "Celtia", "CONCHA" ]
  }, {
    "canonicalName" : "CORPATAUX Laurence",
    "synonyms" : [ "Laurence", "CORPATAUX", "CORPATAUX" ]
  }, {
    "canonicalName" : "DALPHIN Marc",
    "synonyms" : [ "Marc", "DALPHIN", "DALFIN" ]
  }, {
    "canonicalName" : "DE FELICE Nicolas",
    "synonyms" : [ "Nicolas", "DE", "FELICE" ]
  }, {
    "canonicalName" : "DE MAIO Sara",
    "synonyms" : [ "Sara", "DE", "MAIO" ]
  }, {
    "canonicalName" : "DE MATTEIS Yves",
    "synonyms" : [ "Yves", "DE", "MATTEIS", "DE MATEIS" ]
  }, {
    "canonicalName" : "DE ROUGEMONT Philippe",
    "synonyms" : [ "Philippe", "DE", "ROUGEMONT" ]
  }, {
    "canonicalName" : "DESBIOLLES Sophie",
    "synonyms" : [ "Sophie", "DESBIOLLES" ]
  }, {
    "canonicalName" : "DESCOMBES Isabelle",
    "synonyms" : [ "Isabelle", "DESCOMBES", "DECOMBES" ]
  }, {
    "canonicalName" : "DUJOUX Valentin",
    "synonyms" : [ "Valentin", "DUJOUX" ]
  }, {
    "canonicalName" : "DUPUIS Renaud",
    "synonyms" : [ "Renaud", "DUPUIS" ]
  }, {
    "canonicalName" : "EBENER Christophe",
    "synonyms" : [ "Christophe", "EBENER" ]
  }, {
    "canonicalName" : "ECKERT Pierre",
    "synonyms" : [ "Pierre", "ECKERT", "EKERT" ]
  }, {
    "canonicalName" : "FISCHER Fabienne",
    "synonyms" : [ "Fabienne", "FISCHER" ]
  }, {
    "canonicalName" : "FREYMOND Pascal",
    "synonyms" : [ "Pascal", "FREYMOND", "FREYMONT" ]
  }, {
    "canonicalName" : "GEOFFROY Elias",
    "synonyms" : [ "Elias", "GEOFFROY", "GEOFROY" ]
  }, {
    "canonicalName" : "GOMEZ Alfonso",
    "synonyms" : [ "Alfonso", "GOMEZ" ]
  }, {
    "canonicalName" : "HAAS François",
    "synonyms" : [ "François", "HAAS", "HAS" ]
  }, {
    "canonicalName" : "HARTMANN Esther",
    "synonyms" : [ "Esther", "HARTMANN", "HARTMAN" ]
  }, {
    "canonicalName" : "HEBERLEIN SIMONETT Claudia",
    "synonyms" : [ "Claudia", "HEBERLEIN", "SIMONETT", "SIMONET" ]
  }, {
    "canonicalName" : "HERREN Yves",
    "synonyms" : [ "Yves", "HERREN" ]
  }, {
    "canonicalName" : "KHAMIS VANNINI Uzma",
    "synonyms" : [ "Uzma", "KHAMIS", "VANNINI", "KAMIS" ]
  }, {
    "canonicalName" : "KLOPFENSTEIN BROGGINI Delphine",
    "synonyms" : [ "Delphine", "KLOPFENSTEIN", "BROGGINI", "BOGINI" ]
  }, {
    "canonicalName" : "KÜNDIG Ralph",
    "synonyms" : [ "Ralph", "KÜNDIG" ]
  }, {
    "canonicalName" : "LATOUR Sabine",
    "synonyms" : [ "Sabine", "LATOUR" ]
  }, {
    "canonicalName" : "EMERY-TORRACINTA Anne",
    "synonyms" : [ "Anne", "EMERY", "TORRACINTA", "TORACINTA" ]
  }, {
    "canonicalName" : "APOTHÉLOZ Thierry",
    "synonyms" : [ "Thierry", "APOTHÉLOZ" ]
  }, {
    "canonicalName" : "SALERNO Sandrine",
    "synonyms" : [ "Sandrine", "SALERNO" ]
  }, {
    "canonicalName" : "DE SAINTE-MARIE Romain",
    "synonyms" : [ "Romain", "DE", "SAINTE", "MARIE" ]
  }, {
    "canonicalName" : "KAST Carole-Anne",
    "synonyms" : [ "Carole", "Anne", "KAST" ]
  }, {
    "canonicalName" : "WENGER Thomas",
    "synonyms" : [ "Thomas", "WENGER" ]
  }, {
    "canonicalName" : "MARTI Caroline",
    "synonyms" : [ "Caroline", "MARTI", "MARTY" ]
  }, {
    "canonicalName" : "BANDLER Marko",
    "synonyms" : [ "Marko", "BANDLER" ]
  }, {
    "canonicalName" : "MOYARD MIZRAHI Salima",
    "synonyms" : [ "Salima", "MOYARD", "MIZRAHI" ]
  }, {
    "canonicalName" : "DANDRÈS Christian",
    "synonyms" : [ "Christian", "DANDRÈS" ]
  }, {
    "canonicalName" : "VERISSIMO DE FREITAS Helena",
    "synonyms" : [ "Helena", "VERISSIMO", "DE", "FREITAS" ]
  }, {
    "canonicalName" : "CARASSO Grégoire",
    "synonyms" : [ "Grégoire", "CARASSO" ]
  }, {
    "canonicalName" : "SOBANEK Marion",
    "synonyms" : [ "Marion", "SOBANEK", "SOBANECK" ]
  }, {
    "canonicalName" : "THÉVOZ Sylvain",
    "synonyms" : [ "Sylvain", "THÉVOZ" ]
  }, {
    "canonicalName" : "CONTI Jennifer",
    "synonyms" : [ "Jennifer", "CONTI" ]
  }, {
    "canonicalName" : "STAUB Martin",
    "synonyms" : [ "Martin", "STAUB", "GRECUCIO" ]
  }, {
    "canonicalName" : "VALIQUER GRECUCCIO Nicole",
    "synonyms" : [ "Nicole", "VALIQUER", "GRECUCCIO" ]
  }, {
    "canonicalName" : "RIELLE Jean Charles",
    "synonyms" : [ "Jean", "Charles", "RIELLE" ]
  }, {
    "canonicalName" : "GAVILANES Amanda",
    "synonyms" : [ "Amanda", "GAVILANES" ]
  }, {
    "canonicalName" : "MIZRAHI Cyril",
    "synonyms" : [ "Cyril", "MIZRAHI" ]
  }, {
    "canonicalName" : "CASARES Maria Jesus",
    "synonyms" : [ "Maria", "Jesus", "CASARES" ]
  }, {
    "canonicalName" : "POMATTO Michel",
    "synonyms" : [ "Michel", "POMATTO" ]
  }, {
    "canonicalName" : "STRASSER Léna",
    "synonyms" : [ "Léna", "STRASSER" ]
  }, {
    "canonicalName" : "KOKOT Guilhem",
    "synonyms" : [ "Guilhem", "KOKOT" ]
  }, {
    "canonicalName" : "ROMANO Maria",
    "synonyms" : [ "Maria", "ROMANO", "Maria", "Vittoria" ]
  }, {
    "canonicalName" : "MUSSA Ahmed",
    "synonyms" : [ "Ahmed", "MUSSA", "Youniss" ]
  }, {
    "canonicalName" : "OSMANI Xhevrie",
    "synonyms" : [ "Xhevrie", "OSMANI" ]
  }, {
    "canonicalName" : "ESTEBAN Diego",
    "synonyms" : [ "Diego", "ESTEBAN" ]
  }, {
    "canonicalName" : "BAILLON Glenna",
    "synonyms" : [ "Glenna", "BAILLON" ]
  }, {
    "canonicalName" : "EYA NCHAMA Cruz Melchor",
    "synonyms" : [ "Cruz", "Melchor", "EYA", "NCHAMA" ]
  }, {
    "canonicalName" : "BRANDRUP Gladys",
    "synonyms" : [ "Gladys", "BRANDRUP", "ACOSTA", "BRANDRUP" ]
  }, {
    "canonicalName" : "CHIARADONNA Denis",
    "synonyms" : [ "Denis", "CHIARADONNA", "CHIARADONA" ]
  }, {
    "canonicalName" : "LÜTHI Badia",
    "synonyms" : [ "Badia", "LÜTHI", "LUTHY" ]
  }, {
    "canonicalName" : "CLEMENCE Nicolas",
    "synonyms" : [ "Nicolas", "CLEMENCE" ]
  }, {
    "canonicalName" : "VATRE Patricia",
    "synonyms" : [ "Patricia", "VATRE" ]
  }, {
    "canonicalName" : "ZIMMERMANN Michel",
    "synonyms" : [ "Michel", "ZIMMERMANN", "ZIMERMANN", "ZIMMERMAN" ]
  }, {
    "canonicalName" : "VIRET Dora",
    "synonyms" : [ "Dora", "VIRET", "Cécilia" ]
  }, {
    "canonicalName" : "VELASCO Alberto",
    "synonyms" : [ "Alberto", "VELASCO", "FAVRE" ]
  }, {
    "canonicalName" : "FABRE Michel",
    "synonyms" : [ "Michel", "FABRE" ]
  }, {
    "canonicalName" : "DE BATTISTA Regis",
    "synonyms" : [ "Regis", "DE", "BATTISTA", "DE BATISTA" ]
  }, {
    "canonicalName" : "DEONNA Emmanuel",
    "synonyms" : [ "Emmanuel", "DEONNA", "DEONA" ]
  }, {
    "canonicalName" : "TOMBOLA Jean-Pierre",
    "synonyms" : [ "Jean", "Pierre", "TOMBOLA" ]
  }, {
    "canonicalName" : "KEEL Theo",
    "synonyms" : [ "Theo", "KEEL" ]
  }, {
    "canonicalName" : "LAPALUD Patrick",
    "synonyms" : [ "Patrick", "LAPALUD" ]
  }, {
    "canonicalName" : "BARRY Thierno",
    "synonyms" : [ "Thierno", "BARRY" ]
  }, {
    "canonicalName" : "HALIMI Hysri",
    "synonyms" : [ "Hysri", "HALIMI" ]
  }, {
    "canonicalName" : "GAJARDO MUNOZ Jorge",
    "synonyms" : [ "Jorge", "GAJARDO", "MUNOZ" ]
  }, {
    "canonicalName" : "ALONSO UNICA Manuel",
    "synonyms" : [ "Manuel", "ALONSO", "UNICA" ]
  }, {
    "canonicalName" : "BALDINI Frédéric",
    "synonyms" : [ "Frédéric", "BALDINI" ]
  }, {
    "canonicalName" : "BRUCHEZ Thomas",
    "synonyms" : [ "Thomas", "BRUCHEZ" ]
  }, {
    "canonicalName" : "BENDA Benjamin",
    "synonyms" : [ "Benjamin", "BENDA" ]
  }, {
    "canonicalName" : "BURKHARD Roland",
    "synonyms" : [ "Roland", "BURKHARD", "BURKHART", "BURKARDT" ]
  }, {
    "canonicalName" : "BOSSHARD Pierre Yves",
    "synonyms" : [ "Pierre", "Yves", "BOSSHARD", "BOSSHART", "BOSSARDT" ]
  }, {
    "canonicalName" : "KURTESHI Ismet",
    "synonyms" : [ "Ismet", "KURTESHI", "KURTECHI" ]
  }, {
    "canonicalName" : "MAUDET Pierre",
    "synonyms" : [ "Pierre", "MAUDET" ]
  }, {
    "canonicalName" : "FONTANET Nathalie",
    "synonyms" : [ "Nathalie", "FONTANET" ]
  }, {
    "canonicalName" : "DE SENARCLENS Alexandre",
    "synonyms" : [ "Alexandre", "DE", "SENARCLENS" ]
  }, {
    "canonicalName" : "DE MONTMOLLIN Simone",
    "synonyms" : [ "Simone", "DE", "MONTMOLLIN", "MONTMOLIN" ]
  }, {
    "canonicalName" : "MOREL Philippe",
    "synonyms" : [ "Philippe", "MOREL" ]
  }, {
    "canonicalName" : "PUTALLAZ Jean",
    "synonyms" : [ "Jean", "PUTALLAZ", "Jean", "ROMAIN", "PUTALAZ" ]
  }, {
    "canonicalName" : "SAUDAN Patrick",
    "synonyms" : [ "Patrick", "SAUDAN" ]
  }, {
    "canonicalName" : "SELLEGER Charles",
    "synonyms" : [ "Charles", "SELLEGER" ]
  }, {
    "canonicalName" : "UEHLINGER Pascal",
    "synonyms" : [ "Pascal", "UEHLINGER", "UELINGER" ]
  }, {
    "canonicalName" : "VUILLOD Georges",
    "synonyms" : [ "Georges", "VUILLOD", "VUILLOT" ]
  }, {
    "canonicalName" : "WICKY Raymond",
    "synonyms" : [ "Raymond", "WICKY", "WICKI" ]
  }, {
    "canonicalName" : "ZUBER Céline",
    "synonyms" : [ "Céline", "ZUBER", "ROY" ]
  }, {
    "canonicalName" : "ZWEIFEL Yvan",
    "synonyms" : [ "Yvan", "ZWEIFEL", "ZWEIFFEL" ]
  }, {
    "canonicalName" : "AELLEN Cyril",
    "synonyms" : [ "Cyril", "AELLEN", "AELEN" ]
  }, {
    "canonicalName" : "ALDER Murat Julian",
    "synonyms" : [ "Murat", "Julian", "ALDER" ]
  }, {
    "canonicalName" : "BARBEY Alexis",
    "synonyms" : [ "Alexis", "BARBEY", "BARBET" ]
  }, {
    "canonicalName" : "BARDE Antoine",
    "synonyms" : [ "Antoine", "BARDE" ]
  }, {
    "canonicalName" : "BÉNÉ Jacques",
    "synonyms" : [ "Jacques", "BÉNÉ" ]
  }, {
    "canonicalName" : "DE CANDOLLE Beatriz",
    "synonyms" : [ "Beatriz", "DE", "CANDOLLE", "CANDOLE" ]
  }, {
    "canonicalName" : "CONNE Pierre",
    "synonyms" : [ "Pierre", "CONNE" ]
  }, {
    "canonicalName" : "CUENDET Edouard",
    "synonyms" : [ "Edouard", "CUENDET" ]
  }, {
    "canonicalName" : "HARDYN Nathalie",
    "synonyms" : [ "Nathalie", "HARDYN", "HARDIN" ]
  }, {
    "canonicalName" : "HILTPOLD Serge",
    "synonyms" : [ "Serge", "HILTPOLD", "HITPOLD" ]
  }, {
    "canonicalName" : "MALEK-ASGHAR Patrick",
    "synonyms" : [ "Patrick", "MALEK", "ASGHAR", "MALECK", "AGSHAR" ]
  }, {
    "canonicalName" : "MONBARON Fabienne",
    "synonyms" : [ "Fabienne", "MONBARON", "MONBARON", "STRESS", "STRES" ]
  }, {
    "canonicalName" : "MORAND Louise",
    "synonyms" : [ "Louise", "MORAND", "MORANT" ]
  }, {
    "canonicalName" : "NICOLLIER Pierre",
    "synonyms" : [ "Pierre", "NICOLLIER", "NICOLIER" ]
  }, {
    "canonicalName" : "OPPLIGER Danielle",
    "synonyms" : [ "Danielle", "OPPLIGER", "OPLIGER", "OPPLIGGER" ]
  }, {
    "canonicalName" : "ORSINI Antoine",
    "synonyms" : [ "Antoine", "ORSINI" ]
  }, {
    "canonicalName" : "PASQUIER Jean-Pierre",
    "synonyms" : [ "Jean", "Pierre", "PASQUIER" ]
  }, {
    "canonicalName" : "PATEK Serge",
    "synonyms" : [ "Serge", "PATEK" ]
  }, {
    "canonicalName" : "DE PLANTA Francine",
    "synonyms" : [ "Francine", "DE", "PLANTA" ]
  }, {
    "canonicalName" : "RANA ZOLANA Ginior",
    "synonyms" : [ "Ginior", "RANA", "ZOLANA" ]
  }, {
    "canonicalName" : "RIGOTTI Maria",
    "synonyms" : [ "Maria", "RIGOTTI", "Helena", "RIGOTI" ]
  }, {
    "canonicalName" : "ROULLET Michèle",
    "synonyms" : [ "Michèle", "ROULLET" ]
  }, {
    "canonicalName" : "SCHALLER Vincent",
    "synonyms" : [ "Vincent", "SCHALLER", "SCHALER" ]
  }, {
    "canonicalName" : "SCHNEEBELI Roland-Daniel",
    "synonyms" : [ "Roland", "Daniel", "SCHNEEBELI", "SCHEBELI", "SCHEEBBELI" ]
  }, {
    "canonicalName" : "SENGLET Christophe",
    "synonyms" : [ "Christophe", "SENGLET" ]
  }, {
    "canonicalName" : "SERRANO Philippe",
    "synonyms" : [ "Philippe", "SERRANO", "SERANO" ]
  }, {
    "canonicalName" : "SOMMER Monika",
    "synonyms" : [ "Monika", "SOMMER", "SOMER", "SOMERE" ]
  }, {
    "canonicalName" : "STEINER Matthieu",
    "synonyms" : [ "Matthieu", "STEINER" ]
  }, {
    "canonicalName" : "SUBILIA Vincent",
    "synonyms" : [ "Vincent", "SUBILIA" ]
  }, {
    "canonicalName" : "TABOADA Francisco",
    "synonyms" : [ "Francisco", "TABOADA" ]
  }, {
    "canonicalName" : "TSCHOPP Laurent",
    "synonyms" : [ "Laurent", "TSCHOPP", "TCHOPP", "TSHOPP" ]
  }, {
    "canonicalName" : "WAVRE Rolin",
    "synonyms" : [ "Rolin", "WAVRE" ]
  }, {
    "canonicalName" : "WICKI Guy",
    "synonyms" : [ "Guy", "WICKI", "WICKY", "WYCKI" ]
  }, {
    "canonicalName" : "WOLFISBERG François",
    "synonyms" : [ "François", "WOLFISBERG" ]
  }, {
    "canonicalName" : "AGRAMUNT Gian-Reto",
    "synonyms" : [ "Gian", "Reto", "AGRAMUNT" ]
  }, {
    "canonicalName" : "APOTHÉLOZ Jacques",
    "synonyms" : [ "Jacques", "APOTHÉLOZ" ]
  }, {
    "canonicalName" : "AUBERT Nicolas",
    "synonyms" : [ "Nicolas", "AUBERT" ]
  }, {
    "canonicalName" : "BARBIER-MUELLER Diane",
    "synonyms" : [ "Diane", "BARBIER", "MUELLER" ]
  }, {
    "canonicalName" : "BELLINGERI Stefano Vito",
    "synonyms" : [ "Stefano", "Vito", "BELLINGERI", "BELINGERI" ]
  }, {
    "canonicalName" : "BERSIER Julie",
    "synonyms" : [ "Julie", "BERSIER" ]
  }, {
    "canonicalName" : "BLANCH Richard-Pascal",
    "synonyms" : [ "Richard", "Pascal", "BLANCH", "Pascal" ]
  }, {
    "canonicalName" : "BÖHLER Frances",
    "synonyms" : [ "Frances", "BÖHLER", "Elizabeth", "BÖHLER", "GOODSHIP", "BÖLLER" ]
  }, {
    "canonicalName" : "BOUVIER Christine",
    "synonyms" : [ "Christine", "BOUVIER" ]
  }, {
    "canonicalName" : "BRANDT Simon",
    "synonyms" : [ "Simon", "BRANDT", "BRAND", "BRANT" ]
  }, {
    "canonicalName" : "BRON Gilles-Olivier",
    "synonyms" : [ "Gilles", "Olivier", "BRON" ]
  }, {
    "canonicalName" : "BRUNEL Mayori",
    "synonyms" : [ "Mayori", "BRUNEL", "BRUNELL", "BRUNNEL" ]
  }, {
    "canonicalName" : "BURRI Rémy",
    "synonyms" : [ "Rémy", "BURRI" ]
  }, {
    "canonicalName" : "CORNU Renate",
    "synonyms" : [ "Renate", "CORNU" ]
  }, {
    "canonicalName" : "CREFFIELD Conrad",
    "synonyms" : [ "Conrad", "CREFFIELD" ]
  }, {
    "canonicalName" : "DAHER Vincent",
    "synonyms" : [ "Vincent", "DAHER" ]
  }, {
    "canonicalName" : "DÉROBERT Thierry",
    "synonyms" : [ "Thierry", "DÉROBERT" ]
  }, {
    "canonicalName" : "DESFAYES Natacha",
    "synonyms" : [ "Natacha", "DESFAYES", "BUFFET", "DESFAYES" ]
  }, {
    "canonicalName" : "DOUZALS Jacques",
    "synonyms" : [ "Jacques", "DOUZALS" ]
  }, {
    "canonicalName" : "FISS Joëlle",
    "synonyms" : [ "Joëlle", "FISS" ]
  }, {
    "canonicalName" : "GENECAND Adrien",
    "synonyms" : [ "Adrien", "GENECAND" ]
  }, {
    "canonicalName" : "GIACOBINO Donata",
    "synonyms" : [ "Donata", "GIACOBINO", "Nadia", "GIACOBINO", "FROIDEVAUX" ]
  }, {
    "canonicalName" : "GRAND Eric",
    "synonyms" : [ "Eric", "GRAND" ]
  }, {
    "canonicalName" : "GROGNUZ Fabien",
    "synonyms" : [ "Fabien", "GROGNUZ" ]
  }, {
    "canonicalName" : "JAY Sylvie",
    "synonyms" : [ "Sylvie", "JAY" ]
  }, {
    "canonicalName" : "JUD Philippe",
    "synonyms" : [ "Philippe", "JUD" ]
  }, {
    "canonicalName" : "KÄMPFEN Véronique",
    "synonyms" : [ "Véronique", "KÄMPFEN" ]
  }, {
    "canonicalName" : "LÄMMEL Valérie",
    "synonyms" : [ "Valérie", "LÄMMEL", "LAEMMEL", "JUILLARD" ]
  }, {
    "canonicalName" : "LEISER Jean-Marc",
    "synonyms" : [ "Jean", "Marc", "LEISER" ]
  }, {
    "canonicalName" : "LOCHER Jean",
    "synonyms" : [ "Jean", "LOCHER" ]
  }, {
    "canonicalName" : "LUZZATTO Christine",
    "synonyms" : [ "Christine", "LUZZATTO", "LUZATO", "LUZZATO", "LUZATTO" ]
  }, {
    "canonicalName" : "MESSERLI Marie-Claire",
    "synonyms" : [ "Marie", "Claire", "MESSERLI" ]
  }, {
    "canonicalName" : "MEYER Philippe",
    "synonyms" : [ "Philippe", "MEYER", "MEIER" ]
  }, {
    "canonicalName" : "BARTHASSAT Luc",
    "synonyms" : [ "Luc", "BARTHASSAT", "BARTASSAT" ]
  }, {
    "canonicalName" : "DAL BUSCO Serge",
    "synonyms" : [ "Serge", "DAL", "BUSCO" ]
  }, {
    "canonicalName" : "BUCHS Bertrand",
    "synonyms" : [ "Bertrand", "BUCHS" ]
  }, {
    "canonicalName" : "AEBI Benjamin",
    "synonyms" : [ "Benjamin", "AEBI" ]
  }, {
    "canonicalName" : "ANGELOZZI Philippe",
    "synonyms" : [ "Philippe", "ANGELOZZI" ]
  }, {
    "canonicalName" : "VON ARX-VERNON Anne-Marie",
    "synonyms" : [ "Anne", "Marie", "VON", "ARX", "VERNON" ]
  }, {
    "canonicalName" : "BACHMANN Delphine",
    "synonyms" : [ "Delphine", "BACHMANN", "BACHMAN" ]
  }, {
    "canonicalName" : "BIDAUX Patricia",
    "synonyms" : [ "Patricia", "BIDAUX", "BIDAUX", "RODRIGUEZ", "RODRIGUES" ]
  }, {
    "canonicalName" : "BLONDIN Jacques",
    "synonyms" : [ "Jacques", "BLONDIN" ]
  }, {
    "canonicalName" : "BOCQUET Claude",
    "synonyms" : [ "Claude", "BOCQUET" ]
  }, {
    "canonicalName" : "BOURBALA Djamel",
    "synonyms" : [ "Djamel", "BOURBALA" ]
  }, {
    "canonicalName" : "BOUVIER Jérémy",
    "synonyms" : [ "Jérémy", "BOUVIER" ]
  }, {
    "canonicalName" : "BUGNION Jean-Michel",
    "synonyms" : [ "Jean", "Michel", "BUGNION" ]
  }, {
    "canonicalName" : "CASUTT Martine",
    "synonyms" : [ "Martine", "CASUTT", "CASUT", "KASUTT" ]
  }, {
    "canonicalName" : "CERUTTI Olivier",
    "synonyms" : [ "Olivier", "CERUTTI", "CERUTI", "CERRUTI", "CERUTTI" ]
  }, {
    "canonicalName" : "CHAKER MANGEAT Alia",
    "synonyms" : [ "Alia", "CHAKER", "MANGEAT" ]
  }, {
    "canonicalName" : "CHEVALIER Alexandre",
    "synonyms" : [ "Alexandre", "CHEVALIER" ]
  }, {
    "canonicalName" : "DECREY Christophe",
    "synonyms" : [ "Christophe", "DECREY" ]
  }, {
    "canonicalName" : "DELUERMOZ Cosima",
    "synonyms" : [ "Cosima", "DELUERMOZ" ]
  }, {
    "canonicalName" : "DESFAYES Sébastien",
    "synonyms" : [ "Sébastien", "DESFAYES", "DEFAYES", "DESFAYE" ]
  }, {
    "canonicalName" : "DULEX Christophe",
    "synonyms" : [ "Christophe", "DULEX" ]
  }, {
    "canonicalName" : "DUPONT Thérèse",
    "synonyms" : [ "Thérèse", "DUPONT" ]
  }, {
    "canonicalName" : "ENGELBERTS Marie-Thérèse",
    "synonyms" : [ "Marie", "Thérèse", "ENGELBERTS", "ENGELBERTS", "LEONE" ]
  }, {
    "canonicalName" : "FISCHER Daniel",
    "synonyms" : [ "Daniel", "FISCHER" ]
  }, {
    "canonicalName" : "FORNI Jean-Luc",
    "synonyms" : [ "Jean", "Luc", "FORNI" ]
  }, {
    "canonicalName" : "FOURNIER Nicolas",
    "synonyms" : [ "Nicolas", "FOURNIER" ]
  }, {
    "canonicalName" : "FRISCHKNECHT Catherine",
    "synonyms" : [ "Catherine", "FRISCHKNECHT", "FRICHKNECHT" ]
  }, {
    "canonicalName" : "GACHE Hélène",
    "synonyms" : [ "Hélène", "GACHE" ]
  }, {
    "canonicalName" : "GASHI Sami",
    "synonyms" : [ "Sami", "GASHI" ]
  }, {
    "canonicalName" : "GIANNASI Anthony",
    "synonyms" : [ "Anthony", "GIANNASI", "GIANASI" ]
  }, {
    "canonicalName" : "GIANNELLI Mark",
    "synonyms" : [ "Mark", "GIANNELLI", "GIANELI", "GIANELLI", "GIANNELI" ]
  }, {
    "canonicalName" : "GIORIA Gaëlle",
    "synonyms" : [ "Gaëlle", "GIORIA" ]
  }, {
    "canonicalName" : "GUINCHARD Jean-Marc",
    "synonyms" : [ "Jean", "Marc", "GUINCHARD", "GUINCHART" ]
  }, {
    "canonicalName" : "DE KALBERMATTEN Alain",
    "synonyms" : [ "Alain", "DE", "KALBERMATTEN", "KALBERMATEN" ]
  }, {
    "canonicalName" : "KHATTABI HASSAR Houda",
    "synonyms" : [ "Houda", "KHATTABI", "HASSAR", "KATTABI", "KATABI" ]
  }, {
    "canonicalName" : "KUNZ Laurence",
    "synonyms" : [ "Laurence", "KUNZ" ]
  }, {
    "canonicalName" : "LANCE François",
    "synonyms" : [ "François", "LANCE" ]
  }, {
    "canonicalName" : "LATHION Jean Charles",
    "synonyms" : [ "Jean", "Charles", "LATHION" ]
  }, {
    "canonicalName" : "LEHNER Laurent",
    "synonyms" : [ "Laurent", "LEHNER" ]
  }, {
    "canonicalName" : "LUPO Paolo",
    "synonyms" : [ "Paolo", "LUPO" ]
  }, {
    "canonicalName" : "MAGNIN Xavier",
    "synonyms" : [ "Xavier", "MAGNIN" ]
  }, {
    "canonicalName" : "MAGNIN Yves",
    "synonyms" : [ "Yves", "MAGNIN" ]
  }, {
    "canonicalName" : "MAITRE Vincent",
    "synonyms" : [ "Vincent", "MAITRE" ]
  }, {
    "canonicalName" : "MAKKI Michela",
    "synonyms" : [ "Michela", "MAKKI", "Michèle" ]
  }, {
    "canonicalName" : "MEISSNER REYFER Christine",
    "synonyms" : [ "Christine", "MEISSNER", "REYFER", "Christina" ]
  }, {
    "canonicalName" : "MERLE Emmanuelle",
    "synonyms" : [ "Emmanuelle", "MERLE" ]
  }, {
    "canonicalName" : "METTAN Guy",
    "synonyms" : [ "Guy", "METTAN" ]
  }, {
    "canonicalName" : "MEYER DE STADELHOFEN Philippe",
    "synonyms" : [ "Philippe", "MEYER", "DE", "STADELHOFEN", "STADELOFFEN" ]
  }, {
    "canonicalName" : "MONDOUX Alexandre",
    "synonyms" : [ "Alexandre", "MONDOUX" ]
  }, {
    "canonicalName" : "MORONI Catherine",
    "synonyms" : [ "Catherine", "MORONI" ]
  }, {
    "canonicalName" : "NEUDER Isabelle",
    "synonyms" : [ "Isabelle", "NEUDER" ]
  }, {
    "canonicalName" : "OUEDRAOGO Moustapha",
    "synonyms" : [ "Moustapha", "OUEDRAOGO" ]
  }, {
    "canonicalName" : "PERRET Vincent",
    "synonyms" : [ "Vincent", "PERRET" ]
  }, {
    "canonicalName" : "PFEIFFER Alex",
    "synonyms" : [ "Alex", "PFEIFFER" ]
  }, {
    "canonicalName" : "PROGIN Christian",
    "synonyms" : [ "Christian", "PROGIN" ]
  }, {
    "canonicalName" : "PUTALLAZ Thomas",
    "synonyms" : [ "Thomas", "PUTALLAZ", "PUTALAZ" ]
  }, {
    "canonicalName" : "RASOLO Daniel",
    "synonyms" : [ "Daniel", "RASOLO" ]
  }, {
    "canonicalName" : "RUCHET Philippe",
    "synonyms" : [ "Philippe", "RUCHET" ]
  }, {
    "canonicalName" : "RYS Alexandra",
    "synonyms" : [ "Alexandra", "RYS" ]
  }, {
    "canonicalName" : "SAUDAN Guy",
    "synonyms" : [ "Guy", "SAUDAN" ]
  }, {
    "canonicalName" : "SAYEGH Souheil",
    "synonyms" : [ "Souheil", "SAYEGH", "SAYEHG", "SAYEG" ]
  }, {
    "canonicalName" : "SCANDURRA Alessandro",
    "synonyms" : [ "Alessandro", "SCANDURRA", "SCANDURA" ]
  }, {
    "canonicalName" : "SCHMIED Patrick",
    "synonyms" : [ "Patrick", "SCHMIED", "SCHMITT" ]
  }, {
    "canonicalName" : "SCHRAG Sylvianne",
    "synonyms" : [ "Sylvianne", "SCHRAG" ]
  }, {
    "canonicalName" : "SIMOES Jose",
    "synonyms" : [ "Jose", "SIMOES" ]
  }, {
    "canonicalName" : "SOPI Dardan",
    "synonyms" : [ "Dardan", "SOPI" ]
  }, {
    "canonicalName" : "SQUILLACI Nicola",
    "synonyms" : [ "Nicola", "SQUILLACI", "SQUILACCI", "SQUILACI" ]
  }, {
    "canonicalName" : "STEINBERG CANDRIAN Melinda",
    "synonyms" : [ "Melinda", "STEINBERG", "CANDRIAN" ]
  }, {
    "canonicalName" : "TOMASSI Christine",
    "synonyms" : [ "Christine", "TOMASSI" ]
  }, {
    "canonicalName" : "TREMBLET Laurent",
    "synonyms" : [ "Laurent", "TREMBLET", "TREMBLAY" ]
  }, {
    "canonicalName" : "UONG Dinh Manh",
    "synonyms" : [ "Dinh", "Manh", "UONG", "Din", "Man" ]
  }, {
    "canonicalName" : "VÖLKI Robert",
    "synonyms" : [ "Robert", "VÖLKI" ]
  }, {
    "canonicalName" : "VUARNOZ Emanuela",
    "synonyms" : [ "Emanuela", "VUARNOZ", "Emanuelle" ]
  }, {
    "canonicalName" : "WEHRLI Patrick",
    "synonyms" : [ "Patrick", "WEHRLI" ]
  }, {
    "canonicalName" : "ZIMMERMANN Luc",
    "synonyms" : [ "Luc", "ZIMMERMANN", "ZIMERMANN", "ZIMMERMAN" ]
  }, {
    "canonicalName" : "ZIMMERMANN Bertrand",
    "synonyms" : [ "Bertrand", "ZIMMERMANN", "ZIMERMANN", "ZIMMERMAN" ]
  }, {
    "canonicalName" : "NIDEGGER Yves",
    "synonyms" : [ "Yves", "NIDEGGER", "NIDEGER", "NYDEGGER", "NYDEGER" ]
  }, {
    "canonicalName" : "BLÄSI Thomas",
    "synonyms" : [ "Thomas", "BLÄSI" ]
  }, {
    "canonicalName" : "FLOREY Stéphane",
    "synonyms" : [ "Stéphane", "FLOREY" ]
  }, {
    "canonicalName" : "LEYVRAZ Eric",
    "synonyms" : [ "Eric", "LEYVRAZ", "LEVRAZ", "LEYVRAT" ]
  }, {
    "canonicalName" : "FUHRMANN Marc",
    "synonyms" : [ "Marc", "FUHRMANN", "FUHRMAN", "FHURMANN", "FHURMAN" ]
  }, {
    "canonicalName" : "LUSSI Patrick",
    "synonyms" : [ "Patrick", "LUSSI" ]
  }, {
    "canonicalName" : "IVANOV Christo",
    "synonyms" : [ "Christo", "IVANOV" ]
  }, {
    "canonicalName" : "FALQUET Marc",
    "synonyms" : [ "Marc", "FALQUET" ]
  }, {
    "canonicalName" : "MAENDLY Norbert",
    "synonyms" : [ "Norbert", "MAENDLY", "MINDLY", "MAENDLI" ]
  }, {
    "canonicalName" : "PFEFFER André",
    "synonyms" : [ "André", "PFEFFER", "PFEFER" ]
  }, {
    "canonicalName" : "CATELAIN Gilbert",
    "synonyms" : [ "Gilbert", "CATELAIN" ]
  }, {
    "canonicalName" : "HULLIGER Patrick",
    "synonyms" : [ "Patrick", "HULLIGER", "HULIGER", "HULLIGGER" ]
  }, {
    "canonicalName" : "MICHAUD Eliane",
    "synonyms" : [ "Eliane", "MICHAUD", "ANSERMET" ]
  }, {
    "canonicalName" : "SCHERB Peter",
    "synonyms" : [ "Peter", "SCHERB", "Pierre" ]
  }, {
    "canonicalName" : "STARK Riccardo",
    "synonyms" : [ "Riccardo", "STARK", "Richard" ]
  }, {
    "canonicalName" : "GUINCHARD Damien",
    "synonyms" : [ "Damien", "GUINCHARD" ]
  }, {
    "canonicalName" : "BISOL Walter",
    "synonyms" : [ "Walter", "BISOL" ]
  }, {
    "canonicalName" : "MASÉ Zora",
    "synonyms" : [ "Zora", "MASÉ", "MAZE" ]
  }, {
    "canonicalName" : "VELEN François",
    "synonyms" : [ "François", "VELEN" ]
  }, {
    "canonicalName" : "KNÖRR Stephen",
    "synonyms" : [ "Stephen", "KNÖRR" ]
  }, {
    "canonicalName" : "RUBELI Pascal",
    "synonyms" : [ "Pascal", "RUBELI" ]
  }, {
    "canonicalName" : "LYON Didier",
    "synonyms" : [ "Didier", "LYON" ]
  }, {
    "canonicalName" : "PERRENOUD Philippe",
    "synonyms" : [ "Philippe", "PERRENOUD", "PERNOUD" ]
  }, {
    "canonicalName" : "DUTRUIT André",
    "synonyms" : [ "André", "DUTRUIT" ]
  }, {
    "canonicalName" : "ALTENBACH Pascal",
    "synonyms" : [ "Pascal", "ALTENBACH" ]
  }, {
    "canonicalName" : "QUEFFÉLEC Philippe",
    "synonyms" : [ "Philippe", "QUEFFÉLEC", "QUEFELEC" ]
  }, {
    "canonicalName" : "LAPORTE Claude",
    "synonyms" : [ "Claude", "LAPORTE" ]
  }, {
    "canonicalName" : "CONTI Virna",
    "synonyms" : [ "Virna", "CONTI" ]
  }, {
    "canonicalName" : "PAREL Loïc",
    "synonyms" : [ "Loïc", "PAREL" ]
  }, {
    "canonicalName" : "HEDDI Leila",
    "synonyms" : [ "Leila", "HEDDI" ]
  }, {
    "canonicalName" : "GOMES DE ALMEIDA José",
    "synonyms" : [ "José", "GOMES", "DE", "ALMEIDA", "Manuel" ]
  }, {
    "canonicalName" : "BERTINAT Marie-Agnès",
    "synonyms" : [ "Marie", "Agnès", "BERTINAT" ]
  }, {
    "canonicalName" : "MOUNLA Alexandre",
    "synonyms" : [ "Alexandre", "MOUNLA" ]
  }, {
    "canonicalName" : "DOURNOW David",
    "synonyms" : [ "David", "DOURNOW" ]
  }, {
    "canonicalName" : "CHAUSSIVERT Patrice",
    "synonyms" : [ "Patrice", "CHAUSSIVERT", "CHAUSSIVERRE" ]
  }, {
    "canonicalName" : "KNOLL Tatiana",
    "synonyms" : [ "Tatiana", "KNOLL" ]
  }, {
    "canonicalName" : "RIME Alexandre",
    "synonyms" : [ "Alexandre", "RIME" ]
  }, {
    "canonicalName" : "DESYATKINA DZODZIEV Viktoriya",
    "synonyms" : [ "Viktoriya", "DESYATKINA", "DZODZIEV", "DZOZIEW", "DZOZIEV" ]
  }, {
    "canonicalName" : "THOMAS Sébastien",
    "synonyms" : [ "Sébastien", "THOMAS" ]
  }, {
    "canonicalName" : "ROMANENS Mathieu",
    "synonyms" : [ "Mathieu", "ROMANENS" ]
  }, {
    "canonicalName" : "SCHWEIZER Adriana",
    "synonyms" : [ "Adriana", "SCHWEIZER" ]
  }, {
    "canonicalName" : "KHACHATRYAN Gohar",
    "synonyms" : [ "Gohar", "KHACHATRYAN", "KACHATRYAN" ]
  }, {
    "canonicalName" : "PRANDO Stéphane",
    "synonyms" : [ "Stéphane", "PRANDO" ]
  }, {
    "canonicalName" : "BORER Maria Da Conceicao",
    "synonyms" : [ "Maria", "Da", "Conceicao", "BORER" ]
  }, {
    "canonicalName" : "AKABA El Mostafa",
    "synonyms" : [ "El", "Mostafa", "AKABA" ]
  }, {
    "canonicalName" : "LÉGUILLON Angèle",
    "synonyms" : [ "Angèle", "LÉGUILLON" ]
  }, {
    "canonicalName" : "BONTOUX Caroline",
    "synonyms" : [ "Caroline", "BONTOUX" ]
  }, {
    "canonicalName" : "HONEGGER HELLER Manuela",
    "synonyms" : [ "Manuela", "HONEGGER", "HELLER", "HONEGER" ]
  }, {
    "canonicalName" : "OCHARAN ROBLES RAPAZ Eva",
    "synonyms" : [ "Eva", "OCHARAN", "ROBLES", "RAPAZ", "OCHARAN", "ROBLES", "RAPPAZ" ]
  }, {
    "canonicalName" : "DA CRUZ PEDRO Anna",
    "synonyms" : [ "Anna", "DA", "CRUZ", "PEDRO", "DA", "CRUZ", "PERRET", "GENTIL", "Ana" ]
  }, {
    "canonicalName" : "BORCARD Anne",
    "synonyms" : [ "Anne", "BORCARD" ]
  }, {
    "canonicalName" : "MÜLLER Fabienne",
    "synonyms" : [ "Fabienne", "MÜLLER", "ABRAMOVICH" ]
  }, {
    "canonicalName" : "YOL Diana",
    "synonyms" : [ "Diana", "YOL" ]
  }, {
    "canonicalName" : "RANDEGGER Alice",
    "synonyms" : [ "Alice", "RANDEGGER", "RANDEGER" ]
  }, {
    "canonicalName" : "DEPRAETERE Graciela",
    "synonyms" : [ "Graciela", "DEPRAETERE", "DEPRAETERE", "MANULIS" ]
  }, {
    "canonicalName" : "OZDEMIR Elcim",
    "synonyms" : [ "Elcim", "OZDEMIR", "Elçim", "ÖZDEMIR" ]
  }, {
    "canonicalName" : "RICCIARDI WERLEN Jacqueline",
    "synonyms" : [ "Jacqueline", "RICCIARDI", "WERLEN", "RICHIARDI" ]
  }, {
    "canonicalName" : "ROSSIER FAHRION Cerise",
    "synonyms" : [ "Cerise", "ROSSIER", "FAHRION", "FARION" ]
  }, {
    "canonicalName" : "BOSELLI GAUTHEY Monica",
    "synonyms" : [ "Monica", "BOSELLI", "GAUTHEY" ]
  }, {
    "canonicalName" : "LAVRADOR DIAS Claudia",
    "synonyms" : [ "Claudia", "LAVRADOR", "DIAS", "DIAS" ]
  }, {
    "canonicalName" : "JAUCH Caroline",
    "synonyms" : [ "Caroline", "JAUCH" ]
  }, {
    "canonicalName" : "GRANGE Marie-Florence",
    "synonyms" : [ "Marie", "Florence", "GRANGE" ]
  }, {
    "canonicalName" : "MAZZONI Nikita",
    "synonyms" : [ "Nikita", "MAZZONI", "MAZONNI" ]
  }, {
    "canonicalName" : "LANGER Valérie",
    "synonyms" : [ "Valérie", "LANGER" ]
  }, {
    "canonicalName" : "MAYORAL EDO Corinne",
    "synonyms" : [ "Corinne", "MAYORAL", "EDO", "MAYORAL" ]
  }, {
    "canonicalName" : "THOMIAS LEDUC Diana",
    "synonyms" : [ "Diana", "THOMIAS", "LEDUC" ]
  }, {
    "canonicalName" : "ORSINI Magali",
    "synonyms" : [ "Magali", "ORSINI" ]
  }, {
    "canonicalName" : "GAUTHIER Pierre",
    "synonyms" : [ "Pierre", "GAUTHIER" ]
  }, {
    "canonicalName" : "ARMAND Catherine",
    "synonyms" : [ "Catherine", "ARMAND" ]
  }, {
    "canonicalName" : "GUEX Stéphane",
    "synonyms" : [ "Stéphane", "GUEX", "dit", "Guex", "Pierre" ]
  }, {
    "canonicalName" : "HUMBERSET Corinne",
    "synonyms" : [ "Corinne", "HUMBERSET" ]
  }, {
    "canonicalName" : "RUCKTERSTUHL Jean-Claude",
    "synonyms" : [ "Jean", "Claude", "RUCKTERSTUHL" ]
  }, {
    "canonicalName" : "LONGO Katrin",
    "synonyms" : [ "Katrin", "LONGO" ]
  }, {
    "canonicalName" : "GIROD Nicolas",
    "synonyms" : [ "Nicolas", "GIROD" ]
  }, {
    "canonicalName" : "KÜDERLI BERKANE Nicole",
    "synonyms" : [ "Nicole", "KÜDERLI", "BERKANE" ]
  }, {
    "canonicalName" : "FLAKS Joël",
    "synonyms" : [ "Joël", "FLAKS", "FLACKS" ]
  }, {
    "canonicalName" : "PERRIN Brigitte",
    "synonyms" : [ "Brigitte", "PERRIN" ]
  }, {
    "canonicalName" : "GOUDAL Renaud",
    "synonyms" : [ "Renaud", "GOUDAL" ]
  }, {
    "canonicalName" : "MEYNET Danielle",
    "synonyms" : [ "Danielle", "MEYNET", "MEINET" ]
  }, {
    "canonicalName" : "MEYNET Leon",
    "synonyms" : [ "Leon", "MEYNET", "MEINET" ]
  }, {
    "canonicalName" : "TURNOWSKY Serge",
    "synonyms" : [ "Serge", "TURNOWSKY" ]
  }, {
    "canonicalName" : "ZIMMERMANN Olivier",
    "synonyms" : [ "Olivier", "ZIMMERMANN", "ZIMERMANN", "ZIMMERMAN" ]
  }, {
    "canonicalName" : "CHATELAIN Dimitri",
    "synonyms" : [ "Dimitri", "CHATELAIN" ]
  }, {
    "canonicalName" : "STAUFFER Eric",
    "synonyms" : [ "Eric", "STAUFFER", "STAUFER" ]
  }, {
    "canonicalName" : "ZACHARIAS Ronald",
    "synonyms" : [ "Ronald", "ZACHARIAS", "ZACCHARIAS", "ZACHARRIAS" ]
  }, {
    "canonicalName" : "SARAIVA MEDEIROS Carlos",
    "synonyms" : [ "Carlos", "SARAIVA", "MEDEIROS", "SAREVA", "MEDEROS", "MEDEYROS" ]
  }, {
    "canonicalName" : "SPÜHLER Pascal",
    "synonyms" : [ "Pascal", "SPÜHLER", "SPULER" ]
  }, {
    "canonicalName" : "GAETANINO Marco",
    "synonyms" : [ "Marco", "GAETANINO" ]
  }, {
    "canonicalName" : "LE JEUNE GIACOBBI Cristina",
    "synonyms" : [ "Cristina", "LE", "JEUNE", "GIACOBBI", "GIACOBI", "JACCOBI" ]
  }, {
    "canonicalName" : "WALTHER Thierry",
    "synonyms" : [ "Thierry", "WALTHER", "WALTER" ]
  }, {
    "canonicalName" : "HÜSSY COPPEX Viviana Ximena Anghela",
    "synonyms" : [ "Viviana", "Ximena", "Anghela", "HÜSSY", "COPPEX", "Angela" ]
  }, {
    "canonicalName" : "LOEILLET-ROUZIER Anne",
    "synonyms" : [ "Anne", "LOEILLET", "ROUZIER", "Marie", "L'ŒILLET" ]
  }, {
    "canonicalName" : "FUSCO Gerardo",
    "synonyms" : [ "Gerardo", "FUSCO" ]
  }, {
    "canonicalName" : "GAMBERONI Dominique",
    "synonyms" : [ "Dominique", "GAMBERONI", "GAMBERRONI", "GAMBERONNI" ]
  }, {
    "canonicalName" : "NOBS Cyril",
    "synonyms" : [ "Cyril", "NOBS" ]
  }, {
    "canonicalName" : "NOËL Daniel",
    "synonyms" : [ "Daniel", "NOËL" ]
  }, {
    "canonicalName" : "SANTI Michel",
    "synonyms" : [ "Michel", "SANTI" ]
  }, {
    "canonicalName" : "PICOT Jérôme",
    "synonyms" : [ "Jérôme", "PICOT" ]
  }, {
    "canonicalName" : "RUCHONNET Jean-François",
    "synonyms" : [ "Jean", "François", "RUCHONNET", "RUCHONET" ]
  }, {
    "canonicalName" : "GALETTO Frédéric",
    "synonyms" : [ "Frédéric", "GALETTO", "GALLETTO", "GAELETO" ]
  }, {
    "canonicalName" : "BECK Victoria",
    "synonyms" : [ "Victoria", "BECK", "BECH" ]
  }, {
    "canonicalName" : "ANTOINE Jean-Marc",
    "synonyms" : [ "Jean", "Marc", "ANTOINE" ]
  }, {
    "canonicalName" : "RIME Fatma",
    "synonyms" : [ "Fatma", "RIME", "Fatima" ]
  }, {
    "canonicalName" : "L'HUILLIER Eric",
    "synonyms" : [ "Eric", "L'HUILLIER", "LHUILLIER" ]
  }, {
    "canonicalName" : "PARANÁ JÚNIOR Valério",
    "synonyms" : [ "Valério", "PARANÁ", "JÚNIOR" ]
  }, {
    "canonicalName" : "LOTA Raphaëlle",
    "synonyms" : [ "Raphaëlle", "LOTA" ]
  }, {
    "canonicalName" : "THOMSEN Elena",
    "synonyms" : [ "Elena", "THOMSEN", "MILAKOVA", "TOHMSEN" ]
  }, {
    "canonicalName" : "BALLESTEROS Stefan",
    "synonyms" : [ "Stefan", "BALLESTEROS", "BALESTEROS" ]
  }, {
    "canonicalName" : "FABRE Jean",
    "synonyms" : [ "Jean", "FABRE", "FAVRE" ]
  }, {
    "canonicalName" : "NGUYEN Van Minh",
    "synonyms" : [ "Van", "Minh", "NGUYEN", "Van Min", "N'GUYEN" ]
  }, {
    "canonicalName" : "MARTEL Frédéric",
    "synonyms" : [ "Frédéric", "MARTEL" ]
  }, {
    "canonicalName" : "FREY Priscilla",
    "synonyms" : [ "Priscilla", "FREY" ]
  }, {
    "canonicalName" : "BRKIC Vitomir",
    "synonyms" : [ "Vitomir", "BRKIC", "BRKICH" ]
  }, {
    "canonicalName" : "LEVY Yossef",
    "synonyms" : [ "Yossef", "LEVY", "Hai", "Yosef", "Josef", "Jossef", "LEVI" ]
  }, {
    "canonicalName" : "BISSOLI Marion",
    "synonyms" : [ "Marion", "BISSOLI", "LE", "BACQUER", "LE BAQUER" ]
  }, {
    "canonicalName" : "COHEN Olivier",
    "synonyms" : [ "Olivier", "COHEN" ]
  }, {
    "canonicalName" : "BRUGUIER Michel",
    "synonyms" : [ "Michel", "BRUGUIER" ]
  }, {
    "canonicalName" : "SOLTEIRO Jorge",
    "synonyms" : [ "Jorge", "SOLTEIRO", "SOLTERO" ]
  }, {
    "canonicalName" : "HALIMI Arsim",
    "synonyms" : [ "Arsim", "HALIMI" ]
  }, {
    "canonicalName" : "BERLEMONT Alain",
    "synonyms" : [ "Alain", "BERLEMONT" ]
  }, {
    "canonicalName" : "GARGANTINI Yves",
    "synonyms" : [ "Yves", "GARGANTINI" ]
  }, {
    "canonicalName" : "MAIGRE Maria Inès",
    "synonyms" : [ "Maria", "Inès", "MAIGRE" ]
  }, {
    "canonicalName" : "FARINHA Horacio",
    "synonyms" : [ "Horacio", "FARINHA", "FARINA", "FARINNA", "FARINAH" ]
  }, {
    "canonicalName" : "VIDONNE Thierry",
    "synonyms" : [ "Thierry", "VIDONNE", "VIODNE" ]
  }, {
    "canonicalName" : "LEITNER André",
    "synonyms" : [ "André", "LEITNER" ]
  }, {
    "canonicalName" : "DELACQUIS Cédric",
    "synonyms" : [ "Cédric", "DELACQUIS", "DELAQUIS" ]
  }, {
    "canonicalName" : "ZAGATO Sophie",
    "synonyms" : [ "Sophie", "ZAGATO", "ZAGGATO", "ZAGATTO" ]
  }, {
    "canonicalName" : "VIDONNE Valérie",
    "synonyms" : [ "Valérie", "VIDONNE", "VIDONE" ]
  }, {
    "canonicalName" : "FERRAND Guy",
    "synonyms" : [ "Guy", "FERRAND", "FERAND", "FERRANT" ]
  }, {
    "canonicalName" : "KUNZI Nicolas",
    "synonyms" : [ "Nicolas", "KUNZI" ]
  }, {
    "canonicalName" : "KUGEL Mark",
    "synonyms" : [ "Mark", "KUGEL", "KUGGEL" ]
  }, {
    "canonicalName" : "THURNHERR Laurent",
    "synonyms" : [ "Laurent", "THURNHERR", "TURNER", "TURNHERR", "THURNHER" ]
  }, {
    "canonicalName" : "VIDONNE David",
    "synonyms" : [ "David", "VIDONNE", "VIDONE" ]
  }, {
    "canonicalName" : "BEUREUX Silvain",
    "synonyms" : [ "Silvain", "BEUREUX" ]
  }, {
    "canonicalName" : "KUNZI Philippe",
    "synonyms" : [ "Philippe", "KUNZI" ]
  }, {
    "canonicalName" : "FADER Annette",
    "synonyms" : [ "Annette", "FADER", "Yasuka" ]
  }, {
    "canonicalName" : "THURNHERR Sylvain",
    "synonyms" : [ "Sylvain", "THURNHERR", "TURNER", "TURNHERR", "THURNHER" ]
  }, {
    "canonicalName" : "BEUREUX Johan",
    "synonyms" : [ "Johan", "BEUREUX" ]
  }, {
    "canonicalName" : "POGGIA Mauro",
    "synonyms" : [ "Mauro", "POGGIA", "POGIA" ]
  }, {
    "canonicalName" : "GOLAY Roger",
    "synonyms" : [ "Roger", "GOLAY" ]
  }, {
    "canonicalName" : "ROCH Ana Belen",
    "synonyms" : [ "Ana", "Belen", "ROCH", "Anna", "Belenne" ]
  }, {
    "canonicalName" : "SORMANNI Daniel",
    "synonyms" : [ "Daniel", "SORMANNI", "SORMANI" ]
  }, {
    "canonicalName" : "CERUTTI Thierry",
    "synonyms" : [ "Thierry", "CERUTTI", "CERRUTI", "CERUTI" ]
  }, {
    "canonicalName" : "VOUMARD Jean Marie",
    "synonyms" : [ "Jean", "Marie", "VOUMARD", "VOUMART" ]
  }, {
    "canonicalName" : "LE JONCOUR-BRÜLHART Céline",
    "synonyms" : [ "Céline", "LE", "JONCOUR", "BRÜLHART", "BRULARTH" ]
  }, {
    "canonicalName" : "BÄRTSCHI François",
    "synonyms" : [ "François", "BÄRTSCHI", "BARTCHI" ]
  }, {
    "canonicalName" : "PISTIS Sandro",
    "synonyms" : [ "Sandro", "PISTIS", "PYSTIS", "PISTYS" ]
  }, {
    "canonicalName" : "DEROUETTE Jean-Paul",
    "synonyms" : [ "Jean", "Paul", "DEROUETTE", "DEROUETE", "DEROUET" ]
  }, {
    "canonicalName" : "MAGNIN Danièle",
    "synonyms" : [ "Danièle", "MAGNIN" ]
  }, {
    "canonicalName" : "VALENTIN Francisco",
    "synonyms" : [ "Francisco", "VALENTIN" ]
  }, {
    "canonicalName" : "SAPIN Françoise",
    "synonyms" : [ "Françoise", "SAPIN" ]
  }, {
    "canonicalName" : "FLURY Christian",
    "synonyms" : [ "Christian", "FLURY" ]
  }, {
    "canonicalName" : "GOLAY Sandra",
    "synonyms" : [ "Sandra", "GOLAY" ]
  }, {
    "canonicalName" : "PYTHON André",
    "synonyms" : [ "André", "PYTHON", "PITON" ]
  }, {
    "canonicalName" : "RAPPAZ Henry",
    "synonyms" : [ "Henry", "RAPPAZ", "RAPAZ" ]
  }, {
    "canonicalName" : "GANDER Florian",
    "synonyms" : [ "Florian", "GANDER" ]
  }, {
    "canonicalName" : "DECORVET Christian",
    "synonyms" : [ "Christian", "DECORVET", "DEVORVET" ]
  }, {
    "canonicalName" : "SONDEREGGER Gabriela",
    "synonyms" : [ "Gabriela", "SONDEREGGER", "SONDERGGER", "SONDEREGER" ]
  }, {
    "canonicalName" : "DIMIER Patrick",
    "synonyms" : [ "Patrick", "DIMIER" ]
  }, {
    "canonicalName" : "FONTAINE-VIVE-CURTAZ Jean",
    "synonyms" : [ "Jean", "FONTAINE", "VIVE", "CURTAZ", "CURTAT" ]
  }, {
    "canonicalName" : "SAAS Alexandra",
    "synonyms" : [ "Alexandra", "SAAS", "SAS" ]
  }, {
    "canonicalName" : "ZOGG Thomas",
    "synonyms" : [ "Thomas", "ZOGG", "ZOG", "ZAUG", "ZAUGG" ]
  }, {
    "canonicalName" : "PASCARELLA Louise",
    "synonyms" : [ "Louise", "PASCARELLA", "PASCARELA" ]
  }, {
    "canonicalName" : "FEKKAK Hatem",
    "synonyms" : [ "Hatem", "FEKKAK", "FEKAK", "FEKACK" ]
  }, {
    "canonicalName" : "ANGELO Antonio",
    "synonyms" : [ "Antonio", "ANGELO" ]
  }, {
    "canonicalName" : "CATTIN Jean-Pascal",
    "synonyms" : [ "Jean", "Pascal", "CATTIN", "CATIN" ]
  }, {
    "canonicalName" : "BARYEKA Jarek",
    "synonyms" : [ "Jarek", "BARYEKA", "Jareck", "BARIEKA" ]
  }, {
    "canonicalName" : "REICHENBACH Kevin",
    "synonyms" : [ "Kevin", "REICHENBACH", "REICHENBACK" ]
  }, {
    "canonicalName" : "CHAPOU Frédéric",
    "synonyms" : [ "Frédéric", "CHAPOU", "CHAPOUT", "CHAPOUD" ]
  }, {
    "canonicalName" : "MADANI Amar",
    "synonyms" : [ "Amar", "MADANI" ]
  }, {
    "canonicalName" : "LEISI Laurent",
    "synonyms" : [ "Laurent", "LEISI", "LEYSI" ]
  }, {
    "canonicalName" : "OUDIN Rémy",
    "synonyms" : [ "Rémy", "OUDIN", "HOUDIN" ]
  }, {
    "canonicalName" : "VILLETTE Jean",
    "synonyms" : [ "Jean", "VILLETTE", "VILETTE", "VILLETE" ]
  }, {
    "canonicalName" : "AMBROSIO François",
    "synonyms" : [ "François", "AMBROSIO" ]
  }, {
    "canonicalName" : "TEIXEIRA Albano",
    "synonyms" : [ "Albano", "TEIXEIRA" ]
  }, {
    "canonicalName" : "FRAUCHIGER Roger",
    "synonyms" : [ "Roger", "FRAUCHIGER", "FRAUSCHIGER", "FRAUCHIGGER" ]
  }, {
    "canonicalName" : "DELLAGIOVANNA Daniel",
    "synonyms" : [ "Daniel", "DELLAGIOVANNA", "DELAGIOVANNA", "DELLAGIOVANA" ]
  }, {
    "canonicalName" : "ROULIN Claude",
    "synonyms" : [ "Claude", "ROULIN" ]
  }, {
    "canonicalName" : "COUTO Armando",
    "synonyms" : [ "Armando", "COUTO" ]
  }, {
    "canonicalName" : "NIETO Alexandre",
    "synonyms" : [ "Alexandre", "NIETO" ]
  }, {
    "canonicalName" : "CHAOUI Laïla",
    "synonyms" : [ "Laïla", "CHAOUI", "Leila" ]
  }, {
    "canonicalName" : "SOTOMAYOR André",
    "synonyms" : [ "André", "SOTOMAYOR", "SOTOMAYORE" ]
  }, {
    "canonicalName" : "DO REGO Ricardo",
    "synonyms" : [ "Ricardo", "DO", "REGO" ]
  }, {
    "canonicalName" : "VENDRELL Marie",
    "synonyms" : [ "Marie", "VENDRELL", "VENDREL" ]
  }, {
    "canonicalName" : "MÉNÉTREY Yasmine",
    "synonyms" : [ "Yasmine", "MÉNÉTREY", "MENETRET" ]
  }, {
    "canonicalName" : "ANGELOZ Claude",
    "synonyms" : [ "Claude", "ANGELOZ" ]
  }, {
    "canonicalName" : "LAURENT Pierre-Alain",
    "synonyms" : [ "Pierre", "Alain", "LAURENT" ]
  }, {
    "canonicalName" : "JAHIJA Burim",
    "synonyms" : [ "Burim", "JAHIJA", "JHAIJA" ]
  }, {
    "canonicalName" : "DI SALVO Giuseppe",
    "synonyms" : [ "Giuseppe", "DI", "SALVO" ]
  }, {
    "canonicalName" : "HEIMO Philippe",
    "synonyms" : [ "Philippe", "HEIMO", "HEIMOT", "HEIMOZ" ]
  }, {
    "canonicalName" : "CHAPPAZ Marc",
    "synonyms" : [ "Marc", "CHAPPAZ", "CHAPAZ" ]
  }, {
    "canonicalName" : "BARRY Minkailou",
    "synonyms" : [ "Minkailou", "BARRY", "Mincaillou" ]
  }, {
    "canonicalName" : "CATALAN Joëlle",
    "synonyms" : [ "Joëlle", "CATALAN" ]
  }, {
    "canonicalName" : "REOLON Bruno",
    "synonyms" : [ "Bruno", "REOLON" ]
  }, {
    "canonicalName" : "ALBANESI Jean-François",
    "synonyms" : [ "Jean", "François", "ALBANESI" ]
  }, {
    "canonicalName" : "KLINGELE Olivier",
    "synonyms" : [ "Olivier", "KLINGELE" ]
  }, {
    "canonicalName" : "BENCKER Jeanne",
    "synonyms" : [ "Jeanne", "BENCKER", "BENKER" ]
  }, {
    "canonicalName" : "MARGUET Tex",
    "synonyms" : [ "Tex", "MARGUET" ]
  }, {
    "canonicalName" : "DELMENICO Janine",
    "synonyms" : [ "Janine", "DELMENICO" ]
  }, {
    "canonicalName" : "SHLYAPINA Elena",
    "synonyms" : [ "Elena", "SHLYAPINA", "SHLIAPINA", "SHLIAPYNA" ]
  }, {
    "canonicalName" : "MUDRY Yves",
    "synonyms" : [ "Yves", "MUDRY" ]
  }, {
    "canonicalName" : "GOSTOLI Gérard",
    "synonyms" : [ "Gérard", "GOSTOLI" ]
  }, {
    "canonicalName" : "YAU Helen",
    "synonyms" : [ "Helen", "YAU" ]
  }, {
    "canonicalName" : "INNOCENTI Flavio",
    "synonyms" : [ "Flavio", "INNOCENTI", "INOCENTI", "INNOCENTTI", "INOCENTTI" ]
  }, {
    "canonicalName" : "COVER Sabina",
    "synonyms" : [ "Sabina", "COVER" ]
  }, {
    "canonicalName" : "AMBORD Cédric",
    "synonyms" : [ "Cédric", "AMBORD", "Sandro" ]
  }, {
    "canonicalName" : "GARCIA Javier",
    "synonyms" : [ "Javier", "GARCIA" ]
  }, {
    "canonicalName" : "BELCASTRO DE LUCA Nathalie",
    "synonyms" : [ "Nathalie", "BELCASTRO", "DE", "LUCA", "DE LUCCA" ]
  }, {
    "canonicalName" : "ZBINDEN Jean-Luc",
    "synonyms" : [ "Jean", "Luc", "ZBINDEN" ]
  }, {
    "canonicalName" : "AHDAB Ahmad",
    "synonyms" : [ "Ahmad", "AHDAB", "Chawki", "ADHAB", "Amahd" ]
  }, {
    "canonicalName" : "BAIUNCO Aurora",
    "synonyms" : [ "Aurora", "BAIUNCO" ]
  }, {
    "canonicalName" : "OLIVEIRA Rui",
    "synonyms" : [ "Rui", "OLIVEIRA", "OLIVERA" ]
  }, {
    "canonicalName" : "PASTORE Daniel",
    "synonyms" : [ "Daniel", "PASTORE", "Dany" ]
  }, {
    "canonicalName" : "DRASKOVIC Rada",
    "synonyms" : [ "Rada", "DRASKOVIC", "DRASKOVICH" ]
  }, {
    "canonicalName" : "HAYMOZ William",
    "synonyms" : [ "William", "HAYMOZ" ]
  }, {
    "canonicalName" : "BESSE Muriel",
    "synonyms" : [ "Muriel", "BESSE" ]
  }, {
    "canonicalName" : "NAINE Marie-Josée",
    "synonyms" : [ "Marie", "Josée", "NAINE" ]
  }, {
    "canonicalName" : "GHARBI Mohamed",
    "synonyms" : [ "Mohamed", "GHARBI", "GARBI", "GAHRBI" ]
  }, {
    "canonicalName" : "LOOSLI Bertille",
    "synonyms" : [ "Bertille", "LOOSLI", "Clarence", "LOSLI" ]
  }, {
    "canonicalName" : "EMONET Sarah",
    "synonyms" : [ "Sarah", "EMONET", "EMONNET" ]
  }, {
    "canonicalName" : "MÜLLER Olivier",
    "synonyms" : [ "Olivier", "MÜLLER" ]
  }, {
    "canonicalName" : "LODDO Olivier",
    "synonyms" : [ "Olivier", "LODDO", "HENRIOUD", "LODO" ]
  }, {
    "canonicalName" : "BEN CHAABANE Salah",
    "synonyms" : [ "Salah", "BEN", "CHAABANE", "CHABANE", "CHAABANNE", "CHABANE" ]
  }, {
    "canonicalName" : "DE OLIVEIRA NUNES Vitor",
    "synonyms" : [ "Vitor", "DE", "OLIVEIRA", "NUNES", "NUNEZ" ]
  }, {
    "canonicalName" : "MARTIGNONI Alain",
    "synonyms" : [ "Alain", "MARTIGNONI" ]
  }, {
    "canonicalName" : "MARÉCHAL Christophe",
    "synonyms" : [ "Christophe", "MARÉCHAL" ]
  }, {
    "canonicalName" : "SPAGNOLO Salvatore",
    "synonyms" : [ "Salvatore", "SPAGNOLO" ]
  }, {
    "canonicalName" : "PIERRE TOUSSAINT Sircee",
    "synonyms" : [ "Sircee", "PIERRE", "TOUSSAINT" ]
  }, {
    "canonicalName" : "STEINER Christian",
    "synonyms" : [ "Christian", "STEINER" ]
  }, {
    "canonicalName" : "BEUN Christine",
    "synonyms" : [ "Christine", "BEUN", "Kristine" ]
  }, {
    "canonicalName" : "BISSAT Rose",
    "synonyms" : [ "Rose", "BISSAT", "Marie", "Angeline" ]
  }, {
    "canonicalName" : "GUISY Milène",
    "synonyms" : [ "Milène", "GUISY", "GUISI" ]
  }, {
    "canonicalName" : "MARTIN Emmanuel",
    "synonyms" : [ "Emmanuel", "MARTIN" ]
  }, {
    "canonicalName" : "DUSSAN Julien",
    "synonyms" : [ "Julien", "DUSSAN", "DUSAN" ]
  }, {
    "canonicalName" : "BONVIN Philippe",
    "synonyms" : [ "Philippe", "BONVIN" ]
  }, {
    "canonicalName" : "SAUSER Nicolas",
    "synonyms" : [ "Nicolas", "SAUSER" ]
  }, {
    "canonicalName" : "RYSER Alain",
    "synonyms" : [ "Alain", "RYSER", "RISER" ]
  }, {
    "canonicalName" : "MONNEY Armand",
    "synonyms" : [ "Armand", "MONNEY", "MONNET" ]
  }, {
    "canonicalName" : "PEYRAUD Alexandre",
    "synonyms" : [ "Alexandre", "PEYRAUD", "PERAUD", "PERRAUT" ]
  }, {
    "canonicalName" : "HÄUSERMANN Elisabeth",
    "synonyms" : [ "Elisabeth", "HÄUSERMANN", "HAUSERMAN" ]
  }, {
    "canonicalName" : "GAUTROT Maria Magdalena",
    "synonyms" : [ "Maria", "Magdalena", "GAUTROT", "Marielena" ]
  }, {
    "canonicalName" : "FONTANA Jérôme",
    "synonyms" : [ "Jérôme", "FONTANA" ]
  }, {
    "canonicalName" : "PIGUET Frédéric",
    "synonyms" : [ "Frédéric", "PIGUET", "Paul" ]
  }, {
    "canonicalName" : "WUARIN Marc",
    "synonyms" : [ "Marc", "WUARIN", "VUARIN" ]
  }, {
    "canonicalName" : "SAMIM FIROUZSALARI Atefeh",
    "synonyms" : [ "Atefeh", "SAMIM", "FIROUZSALARI" ]
  }, {
    "canonicalName" : "BUSTAMANTE HERNANDEZ Eric",
    "synonyms" : [ "Eric", "BUSTAMANTE", "HERNANDEZ", "BUSTAMENTE", "HERANDES" ]
  }, {
    "canonicalName" : "HAMOIR Fursy",
    "synonyms" : [ "Fursy", "HAMOIR" ]
  }, {
    "canonicalName" : "PREISIG Robert",
    "synonyms" : [ "Robert", "PREISIG", "PREISSIG" ]
  }, {
    "canonicalName" : "JEANMONOD Christian",
    "synonyms" : [ "Christian", "JEANMONOD", "JEANMONOT" ]
  }, {
    "canonicalName" : "MEYLAN Jean Michel",
    "synonyms" : [ "Jean", "Michel", "MEYLAN" ]
  }, {
    "canonicalName" : "CORI Claudio",
    "synonyms" : [ "Claudio", "CORI" ]
  }, {
    "canonicalName" : "WITTWER Christoph",
    "synonyms" : [ "Christoph", "WITTWER", "WITWER" ]
  }, {
    "canonicalName" : "BESOMI Alessandro",
    "synonyms" : [ "Alessandro", "BESOMI", "Alex" ]
  }, {
    "canonicalName" : "RITTER Sven",
    "synonyms" : [ "Sven", "RITTER" ]
  }, {
    "canonicalName" : "DUVNJAK Sanja",
    "synonyms" : [ "Sanja", "DUVNJAK", "DUVNJACK", "DUVJAK" ]
  }, {
    "canonicalName" : "FRAMMERY Chloe",
    "synonyms" : [ "Chloe", "FRAMMERY", "FRAMERY" ]
  }, {
    "canonicalName" : "FOUDA AMOUGOU Charlotte",
    "synonyms" : [ "Charlotte", "FOUDA", "AMOUGOU" ]
  }, {
    "canonicalName" : "SCHELLER Gérard",
    "synonyms" : [ "Gérard", "SCHELLER" ]
  }, {
    "canonicalName" : "ROSSELLAT Blaise",
    "synonyms" : [ "Blaise", "ROSSELLAT", "ROSELAT" ]
  }, {
    "canonicalName" : "DACHROUNE Samir",
    "synonyms" : [ "Samir", "DACHROUNE" ]
  }, {
    "canonicalName" : "BULT Christoph",
    "synonyms" : [ "Christoph", "BULT" ]
  }, {
    "canonicalName" : "MONSHENGWO Jessica",
    "synonyms" : [ "Jessica", "MONSHENGWO", "MONSHENGO" ]
  }, {
    "canonicalName" : "LOPEZ Julien",
    "synonyms" : [ "Julien", "LOPEZ" ]
  }, {
    "canonicalName" : "FRAUDEAU Delphine",
    "synonyms" : [ "Delphine", "FRAUDEAU", "FRAUDAU" ]
  }, {
    "canonicalName" : "ABESSE Hayet",
    "synonyms" : [ "Hayet", "ABESSE", "ABESE" ]
  }, {
    "canonicalName" : "GOLAY Séverine",
    "synonyms" : [ "Séverine", "GOLAY" ]
  }, {
    "canonicalName" : "JORDAN Claude",
    "synonyms" : [ "Claude", "JORDAN" ]
  }, {
    "canonicalName" : "REGAMEY Murielle",
    "synonyms" : [ "Murielle", "REGAMEY", "REGAMET" ]
  }, {
    "canonicalName" : "SCHUCANI Grégoire",
    "synonyms" : [ "Grégoire", "SCHUCANI" ]
  } ],
  "namedEntityRuleParams" : [ ]
}