{
  "name" : "Depute_e",
  "description" : "liste of candidates to GC",
  "type" : "ENUMVALUES",
  "enumValues" : [ {
    "canonicalName" : "PAGANI Rémy",
    "synonyms" : [ "rémy", "pagani", "Remy", "pagani" ]
  }, {
    "canonicalName" : "WENGER Saliha",
    "synonyms" : [ "saliha", "wenger", "salika", "saliha", "wenger", "Salika" ]
  }, {
    "canonicalName" : "ZAUGG Christian",
    "synonyms" : [ "christian", "zaugg", "zaug", "zog", "zogg", "christian", "zaugg", "Zaug", "zog", "Zogg" ]
  }, {
    "canonicalName" : "HALLER Jocelyne",
    "synonyms" : [ "jocelyne", "haller", "haler", "Jocelyne", "haller", "haul" ]
  }, {
    "canonicalName" : "ENILINE Alexander",
    "synonyms" : [ "alexander", "eniline", "alexander", "eniline" ]
  }, {
    "canonicalName" : "CRUCHON Pablo",
    "synonyms" : [ "pablo", "cruchon", "pablo", "jug" ]
  }, {
    "canonicalName" : "VALENTINO Stéphanie",
    "synonyms" : [ "stéphanie", "valentino", "stephanie", "Valentino" ]
  }, {
    "canonicalName" : "BURGERMEISTER Jean",
    "synonyms" : [ "jean", "burgermeister", "jean", "burgermeister" ]
  }, {
    "canonicalName" : "ECUYER Hélène",
    "synonyms" : [ "hélène", "ecuyer", "helen", "Esquire" ]
  }, {
    "canonicalName" : "ISSOM David-Zacharie",
    "synonyms" : [ "david", "zacharie", "issom", "isom", "david", "zacharie", "ISSOM", "isomer" ]
  }, {
    "canonicalName" : "OSSMANN Sekna",
    "synonyms" : [ "sekna", "ossmann", "osmann", "ossman", "sekna", "Ossmann", "Osmann", "Ossman" ]
  }, {
    "canonicalName" : "NYFFELER BATOU Françoise",
    "synonyms" : [ "françoise", "nyffeler", "batou", "niffeler", "nyfeller", "Francoise", "Nyffeler", "batou", "Niffeler", "nyfeller" ]
  }, {
    "canonicalName" : "JANUZI Bashkim",
    "synonyms" : [ "bashkim", "januzi", "baskim", "januzzi", "bashkim", "Januzi", "Baskim", "Januzzi" ]
  }, {
    "canonicalName" : "ECUYER Sébastien",
    "synonyms" : [ "sébastien", "ecuyer", "Sebastian", "Esquire" ]
  }, {
    "canonicalName" : "OVETT BONDI Davinia",
    "synonyms" : [ "davinia", "ovett", "bondi", "ovet", "davinia", "Ovett", "jumped", "ovet" ]
  }, {
    "canonicalName" : "JIMENEZ Jean-Daniel",
    "synonyms" : [ "jean", "daniel", "jimenez", "jean", "daniel", "Jimenez" ]
  }, {
    "canonicalName" : "ECUYER Annick",
    "synonyms" : [ "annick", "ecuyer", "Annick", "Esquire" ]
  }, {
    "canonicalName" : "PERADOTTO Julie",
    "synonyms" : [ "julie", "peradotto", "peradoto", "perradoto", "peradotto", "julie", "Peradotto", "peradoto", "perradoto", "Peradotto" ]
  }, {
    "canonicalName" : "MANRÍQUEZ Matías",
    "synonyms" : [ "matías", "manríquez", "matías", "Manríquez" ]
  }, {
    "canonicalName" : "ZEHFUS Yves",
    "synonyms" : [ "yves", "zehfus", "zhefus", "zehfuss", "zhefuss", "Yves", "Zehfus", "zhefus", "zehfuss", "zhefuss" ]
  }, {
    "canonicalName" : "ZAUGG Daniel",
    "synonyms" : [ "daniel", "zaugg", "zaug", "zog", "zogg", "daniel", "zaugg", "Zaug", "zog", "Zogg" ]
  }, {
    "canonicalName" : "PEREZ Maria",
    "synonyms" : [ "maria", "perez", "lou", "maria", "perez", "lou" ]
  }, {
    "canonicalName" : "SCHNEBLI Tobias",
    "synonyms" : [ "tobias", "schnebli", "tobia", "shnebli", "Tobias", "Schnebli", "tobia", "shnebli" ]
  }, {
    "canonicalName" : "MISSOH DZIKUNOO Massan",
    "synonyms" : [ "massan", "missoh", "dzikunoo", "dzikouno", "misso", "misho", "massan", "missoh", "dzikunoo", "dzikouno", "misso", "misho" ]
  }, {
    "canonicalName" : "MARTENOT Aude",
    "synonyms" : [ "aude", "martenot", "Aude", "Martenot" ]
  }, {
    "canonicalName" : "VANEK Pierre",
    "synonyms" : [ "pierre", "vanek", "vaneck", "Stone", "vanek", "vaneck" ]
  }, {
    "canonicalName" : "CLEMENT Patrice",
    "synonyms" : [ "patrice", "clement", "patrice", "clement" ]
  }, {
    "canonicalName" : "PREZIOSO BATOU Stefania",
    "synonyms" : [ "stefania", "prezioso", "batou", "presioso", "stefania", "prezioso", "batou", "presioso" ]
  }, {
    "canonicalName" : "ESAKI KABEYA Elisabeth",
    "synonyms" : [ "elisabeth", "esaki", "kabeya", "elizabeth", "Esaki", "kabeya" ]
  }, {
    "canonicalName" : "LANGFORD Pia",
    "synonyms" : [ "pia", "langford", "Pia", "langford" ]
  }, {
    "canonicalName" : "VINCENT Michel",
    "synonyms" : [ "michel", "vincent", "michel", "vincent" ]
  }, {
    "canonicalName" : "RUMPCZYK Delphine",
    "synonyms" : [ "delphine", "rumpczyk", "rumptchik", "rumptchyk", "rumpzyk", "Delphine", "rumpczyk", "rumptchik", "rumptchyk", "rumpzyk" ]
  }, {
    "canonicalName" : "SALM DARBOE Karijn",
    "synonyms" : [ "karijn", "salm", "darboe", "Karijn", "Salm", "Darboe" ]
  }, {
    "canonicalName" : "ANDENMATTEN David",
    "synonyms" : [ "david", "andenmatten", "andenmaten", "david", "Andenmatten", "andenmaten" ]
  }, {
    "canonicalName" : "SCHMID Audrey",
    "synonyms" : [ "audrey", "schmid", "schmit", "schmitt", "Audrey", "schmid", "schmit", "schmitt" ]
  }, {
    "canonicalName" : "GUEVARA Francisco",
    "synonyms" : [ "francisco", "guevara", "francisco", "Guevara" ]
  }, {
    "canonicalName" : "BATOU Jean",
    "synonyms" : [ "jean", "batou", "jean", "batou" ]
  }, {
    "canonicalName" : "STEBLER GUENAT Henriette",
    "synonyms" : [ "henriette", "stebler", "guenat", "guenaz", "guenad", "Henriette", "stebler", "Guenat", "guenaz", "guenad" ]
  }, {
    "canonicalName" : "EDJEOU Corinne",
    "synonyms" : [ "corinne", "edjeou", "buntschu", "buntchu", "Corinne", "edjeou", "Buntschu", "buntchu" ]
  }, {
    "canonicalName" : "ZAUGG Cecilia",
    "synonyms" : [ "cecilia", "zaugg;zaug", "zog", "zogg", "cecilia", "zaugg;", "Zaug", "zog", "Zogg" ]
  }, {
    "canonicalName" : "BAUD Olivier",
    "synonyms" : [ "olivier", "baud", "beaud", "beau", "Olive", "baud", "beaud", "beautiful" ]
  }, {
    "canonicalName" : "ZBINDEN Livia",
    "synonyms" : [ "livia", "zbinden", "livia", "zbinden" ]
  }, {
    "canonicalName" : "ROSSEL Pascal",
    "synonyms" : [ "pascal", "rossel", "rosel", "rossell", "pascal", "rossel", "rosel", "rossell" ]
  }, {
    "canonicalName" : "BAYENET Pierre",
    "synonyms" : [ "pierre", "bayenet", "baienet", "Stone", "Bayenet", "baienet" ]
  }, {
    "canonicalName" : "BAILAT Ariane",
    "synonyms" : [ "ariane", "bailat", "baillat", "Breadcrumb", "Bailat", "Baillat" ]
  }, {
    "canonicalName" : "MAILLEFER Denise",
    "synonyms" : [ "denise", "maillefer", "mailefer", "denise", "maillefer", "mailefer" ]
  }, {
    "canonicalName" : "MEIERHOFER MANYAGOUA BOUMTCHÉ Charlotte",
    "synonyms" : [ "charlotte", "meierhofer", "manyagoua", "boumtché", "meierhoffer", "maniagoua", "charlotte", "Meierhofer", "manyagoua", "boumtché", "meierhoffer", "maniagoua" ]
  }, {
    "canonicalName" : "BLANCHET Marjo",
    "synonyms" : [ "marjo", "blanchet", "marjo", "blanket" ]
  }, {
    "canonicalName" : "MARTI Werner",
    "synonyms" : [ "werner", "marti", "marty", "Werner", "marti", "marty" ]
  }, {
    "canonicalName" : "KHAOUCHI Corinne",
    "synonyms" : [ "corinne", "khaouchi", "kaouchi", "kahouchi", "Corinne", "khaouchi", "kaouchi", "kahouchi" ]
  }, {
    "canonicalName" : "BOLAY ROBIN Stéphanie",
    "synonyms" : [ "stéphanie", "bolay", "robin", "stephanie", "Bolay", "robin" ]
  }, {
    "canonicalName" : "BLANCO Luis",
    "synonyms" : [ "luis", "blanco", "luis", "blanco" ]
  }, {
    "canonicalName" : "MAMIN François",
    "synonyms" : [ "françois", "mamin", "François", "Mamin" ]
  }, {
    "canonicalName" : "DE MELO MARCELINO Amélia",
    "synonyms" : [ "amélia", "de", "melo", "marcelino", "amélia", "from", "melo", "marcelino" ]
  }, {
    "canonicalName" : "BOUZID Mohamed",
    "synonyms" : [ "mohamed", "bouzid", "mohamed", "Bouzid" ]
  }, {
    "canonicalName" : "BOUJEMAA Sanae",
    "synonyms" : [ "sanae", "boujemaa", "boujema", "Sanae", "Boujemaa", "Boujema" ]
  }, {
    "canonicalName" : "GALLAND Eduardo",
    "synonyms" : [ "eduardo", "galland", "gallant", "eduardo", "galland", "gallant" ]
  }, {
    "canonicalName" : "JELK Andrée",
    "synonyms" : [ "andrée", "jelk", "jelk", "peila", "jelck", "pela", "andrée", "Jelk", "Jelk", "Peila", "jelck", "pela" ]
  }, {
    "canonicalName" : "CASTRO Gloria",
    "synonyms" : [ "gloria", "castro", "gloria", "castro" ]
  }, {
    "canonicalName" : "CAMELO Alfredo",
    "synonyms" : [ "alfredo", "camelo", "alfredo", "camelo" ]
  }, {
    "canonicalName" : "NOETZLIN Simon",
    "synonyms" : [ "simon", "noetzlin", "simon", "noetzlin" ]
  }, {
    "canonicalName" : "DURAKU Fitore",
    "synonyms" : [ "fitore", "duraku", "Fitore", "Duraku" ]
  }, {
    "canonicalName" : "DURAKU Edon",
    "synonyms" : [ "edon", "duraku", "edon", "Duraku" ]
  }, {
    "canonicalName" : "FERREIRA Elisabeth",
    "synonyms" : [ "elisabeth", "ferreira", "fereirai", "ferrera", "elizabeth", "ferreira", "fereirai", "ferrera" ]
  }, {
    "canonicalName" : "CHRISTINAT Jean-David",
    "synonyms" : [ "jean", "david", "christinat", "christina", "jean", "david", "Christinat", "christina" ]
  }, {
    "canonicalName" : "GERARDO FÉLIZ GRUBI Ynes",
    "synonyms" : [ "ynes", "gerardo", "féliz", "grubi", "felix", "ynes", "gerardo", "Feliz", "Grubi", "felix" ]
  }, {
    "canonicalName" : "CARLO Xavier",
    "synonyms" : [ "xavier", "carlo", "xavier", "carlo" ]
  }, {
    "canonicalName" : "SAHIN Gazi",
    "synonyms" : [ "gazi", "sahin", "Gazi", "Sahin" ]
  }, {
    "canonicalName" : "HODGERS Antonio",
    "synonyms" : [ "antonio", "hodgers", "antonio", "Hodgers" ]
  }, {
    "canonicalName" : "DE CHASTONAY Marjorie",
    "synonyms" : [ "marjorie", "de", "chastonay", "dechastonay", "de", "chastonnay", "de", "chastonait", "marjorie", "from", "chastonay", "dechastonay", "from", "chastonnay", "from", "chastonait" ]
  }, {
    "canonicalName" : "ROCHAT Yvan",
    "synonyms" : [ "yvan", "rochat", "yvan", "rochat" ]
  }, {
    "canonicalName" : "PERLER Frédérique",
    "synonyms" : [ "frédérique", "perler", "frédérique", "beading" ]
  }, {
    "canonicalName" : "BUSCHBECK Mathias",
    "synonyms" : [ "mathias", "buschbeck", "buchbeck", "bushbeck", "buschbek", "Mathias", "Buschbeck", "buchbeck", "bushbeck", "buschbek" ]
  }, {
    "canonicalName" : "LEFORT François",
    "synonyms" : [ "françois", "lefort", "François", "lefort" ]
  }, {
    "canonicalName" : "LEONELLI Katia",
    "synonyms" : [ "katia", "leonelli", "leonnelli", "leoneli", "Katia", "Leonelli", "leonnelli", "leoneli" ]
  }, {
    "canonicalName" : "MACCHIAVELLI Marta",
    "synonyms" : [ "marta", "macchiavelli", "marta", "julia", "machiavelli", "macchiaveli", "Marta", "macchiavelli", "marta", "julia", "machiavelli", "macchiaveli" ]
  }, {
    "canonicalName" : "MAKOSSO William",
    "synonyms" : [ "william", "makosso", "makoso", "mackosso", "william", "Makosso", "makoso", "Mackosso" ]
  }, {
    "canonicalName" : "MARTIN David",
    "synonyms" : [ "david", "martin", "david", "martin" ]
  }, {
    "canonicalName" : "MÜLLER SONTAG Corinne",
    "synonyms" : [ "corinne", "müller", "sontag", "Corinne", "müller", "sontag" ]
  }, {
    "canonicalName" : "NICOLET-DIT-FELIX Julien",
    "synonyms" : [ "julien", "nicolet", "dit", "felix", "Julian", "nicolet", "said", "felix" ]
  }, {
    "canonicalName" : "NOËL Philippe",
    "synonyms" : [ "philippe", "noël", "philippe", "christmas" ]
  }, {
    "canonicalName" : "ORIOLO Alessandra",
    "synonyms" : [ "alessandra", "oriolo", "oriollo", "alessandra", "oriolo", "oriollo" ]
  }, {
    "canonicalName" : "OZTÜRK Dilara",
    "synonyms" : [ "dilara", "oztürk", "dilara", "Oztürk" ]
  }, {
    "canonicalName" : "PASQUIER Isabelle",
    "synonyms" : [ "isabelle", "pasquier", "pasquier", "eichenberger", "Isabelle", "pasquier", "pasquier", "eichenberger" ]
  }, {
    "canonicalName" : "POGET Philippe",
    "synonyms" : [ "philippe", "poget", "philippe", "poget" ]
  }, {
    "canonicalName" : "QUIJANO GARCIA Maria",
    "synonyms" : [ "maria", "quijano", "garcia", "maria", "josé", "maria", "quijano", "garcia", "maria", "jose" ]
  }, {
    "canonicalName" : "RODRIGUEZ Mario",
    "synonyms" : [ "mario", "rodriguez", "rodrigues", "Mario", "rodriguez", "Rodrigues" ]
  }, {
    "canonicalName" : "ROGG Catharina",
    "synonyms" : [ "catharina", "rogg", "olowine", "rog", "catharina", "rogg", "olowine", "rog" ]
  }, {
    "canonicalName" : "ROSSIAUD Jean",
    "synonyms" : [ "jean", "rossiaud", "rossiaut", "jean", "Rossiaud", "rossiaut" ]
  }, {
    "canonicalName" : "SAA BAUD Yubitza",
    "synonyms" : [ "yubitza", "saa", "baud", "youbitza", "beaud", "yubitza", "saa", "baud", "youbitza", "beaud" ]
  }, {
    "canonicalName" : "SCHALK Antoine",
    "synonyms" : [ "antoine", "schalk", "Antoine", "schalk" ]
  }, {
    "canonicalName" : "SCHAUFELBERGER Esther",
    "synonyms" : [ "esther", "schaufelberger", "esther", "schaufelberger" ]
  }, {
    "canonicalName" : "SORDET Adrienne",
    "synonyms" : [ "adrienne", "sordet", "adrienne", "sordet" ]
  }, {
    "canonicalName" : "TALEGHANI Majid",
    "synonyms" : [ "majid", "taleghani", "talegani", "taleganni", "Majid", "Taleghani", "talegani", "taleganni" ]
  }, {
    "canonicalName" : "TCHAMKERTEN Jolanka",
    "synonyms" : [ "jolanka", "tchamkerten", "jolanka", "Tchamkerten" ]
  }, {
    "canonicalName" : "TIGUEMOUNINE Sabine",
    "synonyms" : [ "sabine", "tiguemounine", "Sabine", "tiguemounine" ]
  }, {
    "canonicalName" : "TINGUELY Dominique",
    "synonyms" : [ "dominique", "tinguely", "dominique", "tinguely" ]
  }, {
    "canonicalName" : "TSCHUDI Paloma",
    "synonyms" : [ "paloma", "tschudi", "tchudi", "paloma", "tschudi", "tchudi" ]
  }, {
    "canonicalName" : "VAN WOERDEN Wendy",
    "synonyms" : [ "wendy", "van", "woerden", "wendy", "van", "woerden" ]
  }, {
    "canonicalName" : "VEIGA ARIAS Damian",
    "synonyms" : [ "damian", "veiga", "arias", "veiga", "löffel", "Damian", "veiga", "arias", "veiga", "löffel" ]
  }, {
    "canonicalName" : "WISARD PRADO Leyma",
    "synonyms" : [ "leyma", "wisard", "prado", "wizard", "wisart", "Leyma", "wizard", "will", "Prado", "wizard", "WisArt" ]
  }, {
    "canonicalName" : "YUNUS EBENER Mariam",
    "synonyms" : [ "mariam", "yunus", "ebener", "maryam", "mariam", "Yunus", "ebener", "maryam" ]
  }, {
    "canonicalName" : "AMATO Maurice",
    "synonyms" : [ "maurice", "amato", "amselem", "ossipov", "maurice", "amato", "Amselem", "Osipov" ]
  }, {
    "canonicalName" : "AMSELLEM Benedicte",
    "synonyms" : [ "benedicte", "amsellem", "amsellem", "ossipow", "amselem", "ossipov", "benedicte", "amsellem", "amsellem", "Ossipow", "Amselem", "Osipov" ]
  }, {
    "canonicalName" : "ARDIZZONE Ivan",
    "synonyms" : [ "ivan", "ardizzone", "ivan", "ardizzone" ]
  }, {
    "canonicalName" : "AZZABI Omar",
    "synonyms" : [ "omar", "azzabi", "azabbi", "omar", "azzabi", "azabbi" ]
  }, {
    "canonicalName" : "BÄNZIGER Ruth",
    "synonyms" : [ "ruth", "bänziger", "ruth", "Bänziger" ]
  }, {
    "canonicalName" : "BARCIELA VILLAR Ana",
    "synonyms" : [ "ana", "barciela", "villar", "ana", "Barciela", "villar" ]
  }, {
    "canonicalName" : "BAVAREL Christian",
    "synonyms" : [ "christian", "bavarel", "christian", "Bavarel" ]
  }, {
    "canonicalName" : "BOCCARD Damien",
    "synonyms" : [ "damien", "boccard", "damien", "baptiste", "bocard", "Damien", "Boccard", "Damien", "Baptist", "bocard" ]
  }, {
    "canonicalName" : "BONNY Didier",
    "synonyms" : [ "didier", "bonny", "Didier", "bonny" ]
  }, {
    "canonicalName" : "BONVIN BONFANTI Anne",
    "synonyms" : [ "anne", "bonvin", "bonfanti", "anne", "bonvin", "bonfanti" ]
  }, {
    "canonicalName" : "BUCHER Denis",
    "synonyms" : [ "denis", "bucher", "denis", "woodshed" ]
  }, {
    "canonicalName" : "BUENZOD Christian",
    "synonyms" : [ "christian", "buenzod", "christian", "Buenzod" ]
  }, {
    "canonicalName" : "BUI Aurore",
    "synonyms" : [ "aurore", "bui", "buy", "Aurora", "bui", "buy" ]
  }, {
    "canonicalName" : "CABITZA Marina",
    "synonyms" : [ "marina", "cabitza", "marina", "Cabitza" ]
  }, {
    "canonicalName" : "CALAME Boris",
    "synonyms" : [ "boris", "calame", "boris", "calame" ]
  }, {
    "canonicalName" : "CALAME Fabrice",
    "synonyms" : [ "fabrice", "calame", "Fabrice", "calame" ]
  }, {
    "canonicalName" : "CHAUDIEU Anne",
    "synonyms" : [ "anne", "chaudieu", "anne", "Chaudieu" ]
  }, {
    "canonicalName" : "CONCHA Celtia",
    "synonyms" : [ "celtia", "concha", "celtia", "concha" ]
  }, {
    "canonicalName" : "CORPATAUX Laurence",
    "synonyms" : [ "laurence", "corpataux", "corpataux", "Laurence", "Corpataux", "Corpataux" ]
  }, {
    "canonicalName" : "DALPHIN Marc",
    "synonyms" : [ "marc", "dalphin", "dalfin", "marc", "dalphin", "Dalfin" ]
  }, {
    "canonicalName" : "DE FELICE Nicolas",
    "synonyms" : [ "nicolas", "de", "felice", "Nicolas", "of", "Felice" ]
  }, {
    "canonicalName" : "DE MAIO Sara",
    "synonyms" : [ "sara", "de", "maio", "sara", "from", "maio" ]
  }, {
    "canonicalName" : "DE MATTEIS Yves",
    "synonyms" : [ "yves", "de", "matteis", "de", "mateis", "yves", "from", "matteis", "from", "mateis" ]
  }, {
    "canonicalName" : "DE ROUGEMONT Philippe",
    "synonyms" : [ "philippe", "de", "rougemont", "philippe", "from", "rougemont" ]
  }, {
    "canonicalName" : "DESBIOLLES Sophie",
    "synonyms" : [ "sophie", "desbiolles", "sophie", "Desbiolles" ]
  }, {
    "canonicalName" : "DESCOMBES Isabelle",
    "synonyms" : [ "isabelle", "descombes", "decombes", "Isabelle", "descombes", "Decombes" ]
  }, {
    "canonicalName" : "DUJOUX Valentin",
    "synonyms" : [ "valentin", "dujoux", "Valentine", "dujoux" ]
  }, {
    "canonicalName" : "DUPUIS Renaud",
    "synonyms" : [ "renaud", "dupuis", "renaud", "Dupuis" ]
  }, {
    "canonicalName" : "EBENER Christophe",
    "synonyms" : [ "christophe", "ebener", "christophe", "ebener" ]
  }, {
    "canonicalName" : "ECKERT Pierre",
    "synonyms" : [ "pierre", "eckert", "ekert", "Stone", "Eckert", "Ekert" ]
  }, {
    "canonicalName" : "FISCHER Fabienne",
    "synonyms" : [ "fabienne", "fischer", "Fabian", "fischer" ]
  }, {
    "canonicalName" : "FREYMOND Pascal",
    "synonyms" : [ "pascal", "freymond", "freymont", "pascal", "freymond", "freymont" ]
  }, {
    "canonicalName" : "GEOFFROY Elias",
    "synonyms" : [ "elias", "geoffroy", "geofroy", "elias", "geoffroy", "Geofroy" ]
  }, {
    "canonicalName" : "GOMEZ Alfonso",
    "synonyms" : [ "alfonso", "gomez", "alfonso", "gomez" ]
  }, {
    "canonicalName" : "HAAS François",
    "synonyms" : [ "françois", "haas", "has", "François", "haas", "has" ]
  }, {
    "canonicalName" : "HARTMANN Esther",
    "synonyms" : [ "esther", "hartmann", "hartman", "esther", "hartmann", "Hartman" ]
  }, {
    "canonicalName" : "HEBERLEIN SIMONETT Claudia",
    "synonyms" : [ "claudia", "heberlein", "simonett", "simonet", "claudia", "Heberlein", "Simonett", "simonet" ]
  }, {
    "canonicalName" : "HERREN Yves",
    "synonyms" : [ "yves", "herren", "Yves", "herren" ]
  }, {
    "canonicalName" : "KHAMIS VANNINI Uzma",
    "synonyms" : [ "uzma", "khamis", "vannini", "kamis", "uzma", "Khamis", "Vannini", "kami" ]
  }, {
    "canonicalName" : "KLOPFENSTEIN BROGGINI Delphine",
    "synonyms" : [ "delphine", "klopfenstein", "broggini", "bogini", "Delphine", "Klopfenstein", "Broggini", "bogini" ]
  }, {
    "canonicalName" : "KÜNDIG Ralph",
    "synonyms" : [ "ralph", "kündig", "ralph", "Kündig" ]
  }, {
    "canonicalName" : "LATOUR Sabine",
    "synonyms" : [ "sabine", "latour", "Sabine", "Latour" ]
  }, {
    "canonicalName" : "EMERY-TORRACINTA Anne",
    "synonyms" : [ "anne", "emery", "torracinta", "toracinta", "anne", "emery", "Torracinta", "toracinta" ]
  }, {
    "canonicalName" : "APOTHÉLOZ Thierry",
    "synonyms" : [ "thierry", "apothéloz", "thierry", "Apothéloz" ]
  }, {
    "canonicalName" : "SALERNO Sandrine",
    "synonyms" : [ "sandrine", "salerno", "Sandrine", "salerno" ]
  }, {
    "canonicalName" : "DE SAINTE-MARIE Romain",
    "synonyms" : [ "romain", "de", "sainte", "marie", "Roman", "of", "holy", "marie" ]
  }, {
    "canonicalName" : "KAST Carole-Anne",
    "synonyms" : [ "carole", "anne", "kast", "Carole", "anne", "kast" ]
  }, {
    "canonicalName" : "WENGER Thomas",
    "synonyms" : [ "thomas", "wenger", "thomas", "wenger" ]
  }, {
    "canonicalName" : "MARTI Caroline",
    "synonyms" : [ "caroline", "marti", "marty", "caroline", "marti", "marty" ]
  }, {
    "canonicalName" : "BANDLER Marko",
    "synonyms" : [ "marko", "bandler", "marko", "bandler" ]
  }, {
    "canonicalName" : "MOYARD MIZRAHI Salima",
    "synonyms" : [ "salima", "moyard", "mizrahi", "salima", "Moyard", "Mizrahi" ]
  }, {
    "canonicalName" : "DANDRÈS Christian",
    "synonyms" : [ "christian", "dandrès", "christian", "Dandres" ]
  }, {
    "canonicalName" : "VERISSIMO DE FREITAS Helena",
    "synonyms" : [ "helena", "verissimo", "de", "freitas", "Helena", "verissimo", "from", "freitas" ]
  }, {
    "canonicalName" : "CARASSO Grégoire",
    "synonyms" : [ "grégoire", "carasso", "gregory", "carasso" ]
  }, {
    "canonicalName" : "SOBANEK Marion",
    "synonyms" : [ "marion", "sobanek", "sobaneck", "marion", "sobanek", "sobaneck" ]
  }, {
    "canonicalName" : "THÉVOZ Sylvain",
    "synonyms" : [ "sylvain", "thévoz", "Sylvain", "Thévoz" ]
  }, {
    "canonicalName" : "CONTI Jennifer",
    "synonyms" : [ "jennifer", "conti", "jennifer", "conti" ]
  }, {
    "canonicalName" : "STAUB Martin",
    "synonyms" : [ "martin", "staub", "grecucio", "martin", "staub", "grecucio" ]
  }, {
    "canonicalName" : "VALIQUER GRECUCCIO Nicole",
    "synonyms" : [ "nicole", "valiquer", "grecuccio", "nicole", "valiquer", "Grecuccio" ]
  }, {
    "canonicalName" : "RIELLE Jean Charles",
    "synonyms" : [ "jean", "charles", "rielle", "jean", "charles", "rial" ]
  }, {
    "canonicalName" : "GAVILANES Amanda",
    "synonyms" : [ "amanda", "gavilanes", "amanda", "gavilanes" ]
  }, {
    "canonicalName" : "MIZRAHI Cyril",
    "synonyms" : [ "cyril", "mizrahi", "Cyril", "Mizrahi" ]
  }, {
    "canonicalName" : "CASARES Maria Jesus",
    "synonyms" : [ "maria", "jesus", "casares", "maria", "jesus", "Casares" ]
  }, {
    "canonicalName" : "POMATTO Michel",
    "synonyms" : [ "michel", "pomatto", "michel", "Pomatto" ]
  }, {
    "canonicalName" : "STRASSER Léna",
    "synonyms" : [ "léna", "strasser", "Jena", "strasser" ]
  }, {
    "canonicalName" : "KOKOT Guilhem",
    "synonyms" : [ "guilhem", "kokot", "Guilhem", "Kokot" ]
  }, {
    "canonicalName" : "ROMANO Maria",
    "synonyms" : [ "maria", "romano", "maria", "vittoria", "maria", "Romano", "maria", "Vittoria" ]
  }, {
    "canonicalName" : "MUSSA Ahmed",
    "synonyms" : [ "ahmed", "mussa", "youniss", "ahmed", "mussa", "Youniss" ]
  }, {
    "canonicalName" : "OSMANI Xhevrie",
    "synonyms" : [ "xhevrie", "osmani", "xhevrie", "osmani" ]
  }, {
    "canonicalName" : "ESTEBAN Diego",
    "synonyms" : [ "diego", "esteban", "diego", "esteban" ]
  }, {
    "canonicalName" : "BAILLON Glenna",
    "synonyms" : [ "glenna", "baillon", "glenna", "gag" ]
  }, {
    "canonicalName" : "EYA NCHAMA Cruz Melchor",
    "synonyms" : [ "cruz", "melchor", "eya", "nchama", "cruz", "melchor", "eya", "Nchama" ]
  }, {
    "canonicalName" : "BRANDRUP Gladys",
    "synonyms" : [ "gladys", "brandrup", "acosta", "brandrup", "gladys", "Brandrup", "acosta", "Brandrup" ]
  }, {
    "canonicalName" : "CHIARADONNA Denis",
    "synonyms" : [ "denis", "chiaradonna", "chiaradona", "denis", "chiaradonna", "chiaradona" ]
  }, {
    "canonicalName" : "LÜTHI Badia",
    "synonyms" : [ "badia", "lüthi", "luthy", "Badia", "lüthi", "luthy" ]
  }, {
    "canonicalName" : "CLEMENCE Nicolas",
    "synonyms" : [ "nicolas", "clemence", "Nicolas", "clemency" ]
  }, {
    "canonicalName" : "VATRE Patricia",
    "synonyms" : [ "patricia", "vatre", "patricia", "Vatre" ]
  }, {
    "canonicalName" : "ZIMMERMANN Michel",
    "synonyms" : [ "michel", "zimmermann", "zimermann", "zimmerman", "michel", "zimmermann", "Zimermann", "zimmerman" ]
  }, {
    "canonicalName" : "VIRET Dora",
    "synonyms" : [ "dora", "viret", "cécilia", "Dora", "viret", "cécilia" ]
  }, {
    "canonicalName" : "VELASCO Alberto",
    "synonyms" : [ "alberto", "velasco", "favre", "alberto", "velasco", "favre" ]
  }, {
    "canonicalName" : "FABRE Michel",
    "synonyms" : [ "michel", "fabre", "michel", "Fabre" ]
  }, {
    "canonicalName" : "DE BATTISTA Regis",
    "synonyms" : [ "regis", "de", "battista", "de", "batista", "regis", "of", "battista", "de", "batista" ]
  }, {
    "canonicalName" : "DEONNA Emmanuel",
    "synonyms" : [ "emmanuel", "deonna", "deona", "Emmanuel", "deonna", "Deona" ]
  }, {
    "canonicalName" : "TOMBOLA Jean-Pierre",
    "synonyms" : [ "jean", "pierre", "tombola", "jean", "pierre", "Raffle" ]
  }, {
    "canonicalName" : "KEEL Theo",
    "synonyms" : [ "theo", "keel", "theo", "keel" ]
  }, {
    "canonicalName" : "LAPALUD Patrick",
    "synonyms" : [ "patrick", "lapalud", "patrick", "lapalud" ]
  }, {
    "canonicalName" : "BARRY Thierno",
    "synonyms" : [ "thierno", "barry", "thierno", "barry" ]
  }, {
    "canonicalName" : "HALIMI Hysri",
    "synonyms" : [ "hysri", "halimi", "hysri", "halimi" ]
  }, {
    "canonicalName" : "GAJARDO MUNOZ Jorge",
    "synonyms" : [ "jorge", "gajardo", "munoz", "jorge", "Gajardo", "munoz" ]
  }, {
    "canonicalName" : "ALONSO UNICA Manuel",
    "synonyms" : [ "manuel", "alonso", "unica", "Manual", "alonso", "unica" ]
  }, {
    "canonicalName" : "BALDINI Frédéric",
    "synonyms" : [ "frédéric", "baldini", "Frederic", "baldini" ]
  }, {
    "canonicalName" : "BRUCHEZ Thomas",
    "synonyms" : [ "thomas", "bruchez", "thomas", "bruchez" ]
  }, {
    "canonicalName" : "BENDA Benjamin",
    "synonyms" : [ "benjamin", "benda", "Youngest", "Benda" ]
  }, {
    "canonicalName" : "BURKHARD Roland",
    "synonyms" : [ "roland", "burkhard", "burkhart", "burkardt", "roland", "burkhard", "Burkhart", "Burkhardt" ]
  }, {
    "canonicalName" : "BOSSHARD Pierre Yves",
    "synonyms" : [ "pierre", "yves", "bosshard", "bosshart", "bossardt", "Stone", "Yves", "bosshard", "Bosshart", "Bossardt" ]
  }, {
    "canonicalName" : "KURTESHI Ismet",
    "synonyms" : [ "ismet", "kurteshi", "kurtechi", "Ismet", "Kurteshi", "kurtechi" ]
  }, {
    "canonicalName" : "MAUDET Pierre",
    "synonyms" : [ "pierre", "maudet", "Stone", "Maudet" ]
  }, {
    "canonicalName" : "FONTANET Nathalie",
    "synonyms" : [ "nathalie", "fontanet", "Nathalie", "fontanet" ]
  }, {
    "canonicalName" : "DE SENARCLENS Alexandre",
    "synonyms" : [ "alexandre", "de", "senarclens", "alexander", "from", "senarclens" ]
  }, {
    "canonicalName" : "DE MONTMOLLIN Simone",
    "synonyms" : [ "simone", "de", "montmollin", "montmolin", "Simone", "from", "montmollin", "montmolin" ]
  }, {
    "canonicalName" : "MOREL Philippe",
    "synonyms" : [ "philippe", "morel", "philippe", "morel" ]
  }, {
    "canonicalName" : "PUTALLAZ Jean",
    "synonyms" : [ "jean", "putallaz", "jean", "romain", "putalaz", "jean", "Putallaz", "jean", "Roman", "putalaz" ]
  }, {
    "canonicalName" : "SAUDAN Patrick",
    "synonyms" : [ "patrick", "saudan", "patrick", "Saudan" ]
  }, {
    "canonicalName" : "SELLEGER Charles",
    "synonyms" : [ "charles", "selleger", "charles", "Selleger" ]
  }, {
    "canonicalName" : "UEHLINGER Pascal",
    "synonyms" : [ "pascal", "uehlinger", "uelinger", "pascal", "Uehlinger", "uelinger" ]
  }, {
    "canonicalName" : "VUILLOD Georges",
    "synonyms" : [ "georges", "vuillod", "vuillot", "george", "Vuillod", "Vuillot" ]
  }, {
    "canonicalName" : "WICKY Raymond",
    "synonyms" : [ "raymond", "wicky", "wicki", "raymond", "wicky", "wicki" ]
  }, {
    "canonicalName" : "ZUBER Céline",
    "synonyms" : [ "céline", "zuber", "roy", "Celine", "zuber", "roy" ]
  }, {
    "canonicalName" : "ZWEIFEL Yvan",
    "synonyms" : [ "yvan", "zweifel", "zweiffel", "yvan", "zweifel", "Zweiffel" ]
  }, {
    "canonicalName" : "AELLEN Cyril",
    "synonyms" : [ "cyril", "aellen", "aelen", "Cyril", "Aellen", "Aelen" ]
  }, {
    "canonicalName" : "ALDER Murat Julian",
    "synonyms" : [ "murat", "julian", "alder", "Murat", "julian", "alder" ]
  }, {
    "canonicalName" : "BARBEY Alexis",
    "synonyms" : [ "alexis", "barbey", "barbet", "alexis", "barbey", "barbet" ]
  }, {
    "canonicalName" : "BARDE Antoine",
    "synonyms" : [ "antoine", "barde", "Antoine", "Bard" ]
  }, {
    "canonicalName" : "BÉNÉ Jacques",
    "synonyms" : [ "jacques", "béné", "Jacques", "bene" ]
  }, {
    "canonicalName" : "DE CANDOLLE Beatriz",
    "synonyms" : [ "beatriz", "de", "candolle", "candole", "Beatriz", "of", "Candolle", "Candole" ]
  }, {
    "canonicalName" : "CONNE Pierre",
    "synonyms" : [ "pierre", "conne", "Stone", "bitch" ]
  }, {
    "canonicalName" : "CUENDET Edouard",
    "synonyms" : [ "edouard", "cuendet", "edward", "cuendet" ]
  }, {
    "canonicalName" : "HARDYN Nathalie",
    "synonyms" : [ "nathalie", "hardyn", "hardin", "Nathalie", "Hardyn", "hardin" ]
  }, {
    "canonicalName" : "HILTPOLD Serge",
    "synonyms" : [ "serge", "hiltpold", "hitpold", "serge", "Hiltpold", "hitpold" ]
  }, {
    "canonicalName" : "MALEK-ASGHAR Patrick",
    "synonyms" : [ "patrick", "malek", "asghar", "maleck", "agshar", "patrick", "Malek", "asghar", "Malek", "agshar" ]
  }, {
    "canonicalName" : "MONBARON Fabienne",
    "synonyms" : [ "fabienne", "monbaron", "monbaron", "stress", "stres", "Fabian", "Monbaron", "Monbaron", "Stress", "stres" ]
  }, {
    "canonicalName" : "MORAND Louise",
    "synonyms" : [ "louise", "morand", "morant", "louise", "morand", "morant" ]
  }, {
    "canonicalName" : "NICOLLIER Pierre",
    "synonyms" : [ "pierre", "nicollier", "nicolier", "Stone", "nicollier", "Nicolier" ]
  }, {
    "canonicalName" : "OPPLIGER Danielle",
    "synonyms" : [ "danielle", "oppliger", "opliger", "oppligger", "danielle", "Oppliger", "opliger", "oppligger" ]
  }, {
    "canonicalName" : "ORSINI Antoine",
    "synonyms" : [ "antoine", "orsini", "Antoine", "orsini" ]
  }, {
    "canonicalName" : "PASQUIER Jean-Pierre",
    "synonyms" : [ "jean", "pierre", "pasquier", "jean", "pierre", "pasquier" ]
  }, {
    "canonicalName" : "PATEK Serge",
    "synonyms" : [ "serge", "patek", "serge", "Patek" ]
  }, {
    "canonicalName" : "DE PLANTA Francine",
    "synonyms" : [ "francine", "de", "planta", "francine", "from", "planta" ]
  }, {
    "canonicalName" : "RANA ZOLANA Ginior",
    "synonyms" : [ "ginior", "rana", "zolana", "ginior", "rana", "zolana" ]
  }, {
    "canonicalName" : "RIGOTTI Maria",
    "synonyms" : [ "maria", "rigotti", "helena", "rigoti", "maria", "Rigotti", "Helena", "rigoti" ]
  }, {
    "canonicalName" : "ROULLET Michèle",
    "synonyms" : [ "michèle", "roullet", "michele", "roullet" ]
  }, {
    "canonicalName" : "SCHALLER Vincent",
    "synonyms" : [ "vincent", "schaller", "schaler", "vincent", "Schaller", "Schaler" ]
  }, {
    "canonicalName" : "SCHNEEBELI Roland-Daniel",
    "synonyms" : [ "roland", "daniel", "schneebeli", "schebeli", "scheebbeli", "roland", "daniel", "Schneebeli", "schebeli", "scheebbeli" ]
  }, {
    "canonicalName" : "SENGLET Christophe",
    "synonyms" : [ "christophe", "senglet", "christophe", "Senglet" ]
  }, {
    "canonicalName" : "SERRANO Philippe",
    "synonyms" : [ "philippe", "serrano", "serano", "philippe", "serrano", "serano" ]
  }, {
    "canonicalName" : "SOMMER Monika",
    "synonyms" : [ "monika", "sommer", "somer", "somere", "monika", "sommer", "somer", "Somere" ]
  }, {
    "canonicalName" : "STEINER Matthieu",
    "synonyms" : [ "matthieu", "steiner", "matthew", "Steiner" ]
  }, {
    "canonicalName" : "SUBILIA Vincent",
    "synonyms" : [ "vincent", "subilia", "vincent", "Subilia" ]
  }, {
    "canonicalName" : "TABOADA Francisco",
    "synonyms" : [ "francisco", "taboada", "francisco", "taboada" ]
  }, {
    "canonicalName" : "TSCHOPP Laurent",
    "synonyms" : [ "laurent", "tschopp", "tchopp", "tshopp", "laurent", "tschopp", "tchopp", "tshopp" ]
  }, {
    "canonicalName" : "WAVRE Rolin",
    "synonyms" : [ "rolin", "wavre", "rolin", "Wavre" ]
  }, {
    "canonicalName" : "WICKI Guy",
    "synonyms" : [ "guy", "wicki", "wicky", "wycki", "guy", "wicki", "wicky", "wycki" ]
  }, {
    "canonicalName" : "WOLFISBERG François",
    "synonyms" : [ "françois", "wolfisberg", "François", "wolfisberg" ]
  }, {
    "canonicalName" : "AGRAMUNT Gian-Reto",
    "synonyms" : [ "gian", "reto", "agramunt", "gian", "reto", "agramunt" ]
  }, {
    "canonicalName" : "APOTHÉLOZ Jacques",
    "synonyms" : [ "jacques", "apothéloz", "Jacques", "Apothéloz" ]
  }, {
    "canonicalName" : "AUBERT Nicolas",
    "synonyms" : [ "nicolas", "aubert", "Nicolas", "Aubert" ]
  }, {
    "canonicalName" : "BARBIER-MUELLER Diane",
    "synonyms" : [ "diane", "barbier", "mueller", "diane", "barber", "Mueller" ]
  }, {
    "canonicalName" : "BELLINGERI Stefano Vito",
    "synonyms" : [ "stefano", "vito", "bellingeri", "belingeri", "Stefano", "Vito", "Bellingeri", "belingeri" ]
  }, {
    "canonicalName" : "BERSIER Julie",
    "synonyms" : [ "julie", "bersier", "julie", "Bersier" ]
  }, {
    "canonicalName" : "BLANCH Richard-Pascal",
    "synonyms" : [ "richard", "pascal", "blanch", "pascal", "richard", "pascal", "blanch", "pascal" ]
  }, {
    "canonicalName" : "BÖHLER Frances",
    "synonyms" : [ "frances", "böhler", "elizabeth", "böhler", "goodship", "böller", "frances", "Böhler", "elizabeth", "Böhler", "Goodship", "Böller" ]
  }, {
    "canonicalName" : "BOUVIER Christine",
    "synonyms" : [ "christine", "bouvier", "christine", "Cattle" ]
  }, {
    "canonicalName" : "BRANDT Simon",
    "synonyms" : [ "simon", "brandt", "brand", "brant", "simon", "brandt", "brand", "brant" ]
  }, {
    "canonicalName" : "BRON Gilles-Olivier",
    "synonyms" : [ "gilles", "olivier", "bron", "gilles", "olivier", "bron" ]
  }, {
    "canonicalName" : "BRUNEL Mayori",
    "synonyms" : [ "mayori", "brunel", "brunell", "brunnel", "Mayori", "Brunel", "brunell", "Brunnel" ]
  }, {
    "canonicalName" : "BURRI Rémy",
    "synonyms" : [ "rémy", "burri", "Remy", "burri" ]
  }, {
    "canonicalName" : "CORNU Renate",
    "synonyms" : [ "renate", "cornu", "renate", "horned" ]
  }, {
    "canonicalName" : "CREFFIELD Conrad",
    "synonyms" : [ "conrad", "creffield", "conrad", "Creffield" ]
  }, {
    "canonicalName" : "DAHER Vincent",
    "synonyms" : [ "vincent", "daher", "vincent", "daher" ]
  }, {
    "canonicalName" : "DÉROBERT Thierry",
    "synonyms" : [ "thierry", "dérobert", "thierry", "Dérobert" ]
  }, {
    "canonicalName" : "DESFAYES Natacha",
    "synonyms" : [ "natacha", "desfayes", "buffet", "desfayes", "Natacha", "Desfayes", "buffet", "Desfayes" ]
  }, {
    "canonicalName" : "DOUZALS Jacques",
    "synonyms" : [ "jacques", "douzals", "Jacques", "douzals" ]
  }, {
    "canonicalName" : "FISS Joëlle",
    "synonyms" : [ "joëlle", "fiss", "Joëlle", "Fiss" ]
  }, {
    "canonicalName" : "GENECAND Adrien",
    "synonyms" : [ "adrien", "genecand", "adrien", "Genecand" ]
  }, {
    "canonicalName" : "GIACOBINO Donata",
    "synonyms" : [ "donata", "giacobino", "nadia", "giacobino", "froidevaux", "donata", "Giacobino", "nadia", "Giacobino", "Froidevaux" ]
  }, {
    "canonicalName" : "GRAND Eric",
    "synonyms" : [ "eric", "grand", "eric", "large" ]
  }, {
    "canonicalName" : "GROGNUZ Fabien",
    "synonyms" : [ "fabien", "grognuz", "Fabian", "Grognuz" ]
  }, {
    "canonicalName" : "JAY Sylvie",
    "synonyms" : [ "sylvie", "jay", "Sylvie", "jay" ]
  }, {
    "canonicalName" : "JUD Philippe",
    "synonyms" : [ "philippe", "jud", "philippe", "jud" ]
  }, {
    "canonicalName" : "KÄMPFEN Véronique",
    "synonyms" : [ "véronique", "kämpfen", "Veronica", "kämpfen" ]
  }, {
    "canonicalName" : "LÄMMEL Valérie",
    "synonyms" : [ "valérie", "lämmel", "laemmel", "juillard", "Valerie", "Researcher", "Laemmel", "juillard" ]
  }, {
    "canonicalName" : "LEISER Jean-Marc",
    "synonyms" : [ "jean", "marc", "leiser", "jean", "marc", "leiser" ]
  }, {
    "canonicalName" : "LOCHER Jean",
    "synonyms" : [ "jean", "locher", "jean", "locher" ]
  }, {
    "canonicalName" : "LUZZATTO Christine",
    "synonyms" : [ "christine", "luzzatto", "luzato", "luzzato", "luzatto", "christine", "Luzzatto", "luzato", "Luzzatto", "Luzatto" ]
  }, {
    "canonicalName" : "MESSERLI Marie-Claire",
    "synonyms" : [ "marie", "claire", "messerli", "marie", "claire", "messerli" ]
  }, {
    "canonicalName" : "MEYER Philippe",
    "synonyms" : [ "philippe", "meyer", "meier", "philippe", "meyer", "Meier" ]
  }, {
    "canonicalName" : "BARTHASSAT Luc",
    "synonyms" : [ "luc", "barthassat", "bartassat", "luke", "Barthassat", "bartassat" ]
  }, {
    "canonicalName" : "DAL BUSCO Serge",
    "synonyms" : [ "serge", "dal", "busco", "serge", "dal", "Busco" ]
  }, {
    "canonicalName" : "BUCHS Bertrand",
    "synonyms" : [ "bertrand", "buchs", "Bertrand", "buchs" ]
  }, {
    "canonicalName" : "AEBI Benjamin",
    "synonyms" : [ "benjamin", "aebi", "Youngest", "aebi" ]
  }, {
    "canonicalName" : "ANGELOZZI Philippe",
    "synonyms" : [ "philippe", "angelozzi", "philippe", "Angelozzi" ]
  }, {
    "canonicalName" : "VON ARX-VERNON Anne-Marie",
    "synonyms" : [ "anne", "marie", "von", "arx", "vernon", "anne", "marie", "von", "arx", "vernon" ]
  }, {
    "canonicalName" : "BACHMANN Delphine",
    "synonyms" : [ "delphine", "bachmann", "bachman", "Delphine", "bachmann", "bachman" ]
  }, {
    "canonicalName" : "BIDAUX Patricia",
    "synonyms" : [ "patricia", "bidaux", "bidaux", "rodriguez", "rodrigues", "patricia", "Bidaux", "Bidaux", "rodriguez", "Rodrigues" ]
  }, {
    "canonicalName" : "BLONDIN Jacques",
    "synonyms" : [ "jacques", "blondin", "Jacques", "blondin" ]
  }, {
    "canonicalName" : "BOCQUET Claude",
    "synonyms" : [ "claude", "bocquet", "claude", "bocquet" ]
  }, {
    "canonicalName" : "BOURBALA Djamel",
    "synonyms" : [ "djamel", "bourbala", "Jamel", "bourbala" ]
  }, {
    "canonicalName" : "BOUVIER Jérémy",
    "synonyms" : [ "jérémy", "bouvier", "jérémy", "Cattle" ]
  }, {
    "canonicalName" : "BUGNION Jean-Michel",
    "synonyms" : [ "jean", "michel", "bugnion", "jean", "michel", "Bugnion" ]
  }, {
    "canonicalName" : "CASUTT Martine",
    "synonyms" : [ "martine", "casutt", "casut", "kasutt", "Martine", "Casutt", "Casut", "kasutt" ]
  }, {
    "canonicalName" : "CERUTTI Olivier",
    "synonyms" : [ "olivier", "cerutti", "ceruti", "cerruti", "cerutti", "Olive", "cerutti", "Ceruti", "cerruti", "cerutti" ]
  }, {
    "canonicalName" : "CHAKER MANGEAT Alia",
    "synonyms" : [ "alia", "chaker", "mangeat", "alia", "chaker", "Mangeat" ]
  }, {
    "canonicalName" : "CHEVALIER Alexandre",
    "synonyms" : [ "alexandre", "chevalier", "alexander", "knight" ]
  }, {
    "canonicalName" : "DECREY Christophe",
    "synonyms" : [ "christophe", "decrey", "christophe", "Decrey" ]
  }, {
    "canonicalName" : "DELUERMOZ Cosima",
    "synonyms" : [ "cosima", "deluermoz", "cosima", "Deluermoz" ]
  }, {
    "canonicalName" : "DESFAYES Sébastien",
    "synonyms" : [ "sébastien", "desfayes", "defayes", "desfaye", "Sebastian", "Desfayes", "Defayes", "desfaye" ]
  }, {
    "canonicalName" : "DULEX Christophe",
    "synonyms" : [ "christophe", "dulex", "christophe", "Dulex" ]
  }, {
    "canonicalName" : "DUPONT Thérèse",
    "synonyms" : [ "thérèse", "dupont", "Thérèse", "smith" ]
  }, {
    "canonicalName" : "ENGELBERTS Marie-Thérèse",
    "synonyms" : [ "marie", "thérèse", "engelberts", "engelberts", "leone", "marie", "Thérèse", "Engelberts", "Engelberts", "leone" ]
  }, {
    "canonicalName" : "FISCHER Daniel",
    "synonyms" : [ "daniel", "fischer", "daniel", "fischer" ]
  }, {
    "canonicalName" : "FORNI Jean-Luc",
    "synonyms" : [ "jean", "luc", "forni", "jean", "luc", "forni" ]
  }, {
    "canonicalName" : "FOURNIER Nicolas",
    "synonyms" : [ "nicolas", "fournier", "Nicolas", "Fournier" ]
  }, {
    "canonicalName" : "FRISCHKNECHT Catherine",
    "synonyms" : [ "catherine", "frischknecht", "frichknecht", "catherine", "frischknecht", "frichknecht" ]
  }, {
    "canonicalName" : "GACHE Hélène",
    "synonyms" : [ "hélène", "gache", "helen", "gache" ]
  }, {
    "canonicalName" : "GASHI Sami",
    "synonyms" : [ "sami", "gashi", "Sami", "gashi" ]
  }, {
    "canonicalName" : "GIANNASI Anthony",
    "synonyms" : [ "anthony", "giannasi", "gianasi", "anthony", "Giannasi", "gianasi" ]
  }, {
    "canonicalName" : "GIANNELLI Mark",
    "synonyms" : [ "mark", "giannelli", "gianeli", "gianelli", "gianneli", "Mark", "giannelli", "gianeli", "Gianelli", "gianneli" ]
  }, {
    "canonicalName" : "GIORIA Gaëlle",
    "synonyms" : [ "gaëlle", "gioria", "gaëlle", "Gioria" ]
  }, {
    "canonicalName" : "GUINCHARD Jean-Marc",
    "synonyms" : [ "jean", "marc", "guinchard", "guinchart", "jean", "marc", "guinchard", "guinchart" ]
  }, {
    "canonicalName" : "DE KALBERMATTEN Alain",
    "synonyms" : [ "alain", "de", "kalbermatten", "kalbermaten", "Alain", "from", "Kalbermatten", "kalbermaten" ]
  }, {
    "canonicalName" : "KHATTABI HASSAR Houda",
    "synonyms" : [ "houda", "khattabi", "hassar", "kattabi", "katabi", "Houda", "khattabi", "Hassar", "kattabi", "Katabi" ]
  }, {
    "canonicalName" : "KUNZ Laurence",
    "synonyms" : [ "laurence", "kunz", "Laurence", "kunz" ]
  }, {
    "canonicalName" : "LANCE François",
    "synonyms" : [ "françois", "lance", "François", "Launches" ]
  }, {
    "canonicalName" : "LATHION Jean Charles",
    "synonyms" : [ "jean", "charles", "lathion", "jean", "charles", "Lathion" ]
  }, {
    "canonicalName" : "LEHNER Laurent",
    "synonyms" : [ "laurent", "lehner", "laurent", "Lehner" ]
  }, {
    "canonicalName" : "LUPO Paolo",
    "synonyms" : [ "paolo", "lupo", "Paolo", "Lupo" ]
  }, {
    "canonicalName" : "MAGNIN Xavier",
    "synonyms" : [ "xavier", "magnin", "xavier", "magnin" ]
  }, {
    "canonicalName" : "MAGNIN Yves",
    "synonyms" : [ "yves", "magnin", "Yves", "magnin" ]
  }, {
    "canonicalName" : "MAITRE Vincent",
    "synonyms" : [ "vincent", "maitre", "vincent", "master" ]
  }, {
    "canonicalName" : "MAKKI Michela",
    "synonyms" : [ "michela", "makki", "michèle", "michela", "makki", "michele" ]
  }, {
    "canonicalName" : "MEISSNER REYFER Christine",
    "synonyms" : [ "christine", "meissner", "reyfer", "christina", "christine", "meissner", "reyfer", "christina" ]
  }, {
    "canonicalName" : "MERLE Emmanuelle",
    "synonyms" : [ "emmanuelle", "merle", "Emmanuelle", "robin" ]
  }, {
    "canonicalName" : "METTAN Guy",
    "synonyms" : [ "guy", "mettan", "guy", "Mettan" ]
  }, {
    "canonicalName" : "MEYER DE STADELHOFEN Philippe",
    "synonyms" : [ "philippe", "meyer", "de", "stadelhofen", "stadeloffen", "philippe", "meyer", "from", "Stadelhofen", "stadeloffen" ]
  }, {
    "canonicalName" : "MONDOUX Alexandre",
    "synonyms" : [ "alexandre", "mondoux", "alexander", "Mondoux" ]
  }, {
    "canonicalName" : "MORONI Catherine",
    "synonyms" : [ "catherine", "moroni", "catherine", "moroni" ]
  }, {
    "canonicalName" : "NEUDER Isabelle",
    "synonyms" : [ "isabelle", "neuder", "Isabelle", "neuder" ]
  }, {
    "canonicalName" : "OUEDRAOGO Moustapha",
    "synonyms" : [ "moustapha", "ouedraogo", "Moustapha", "ouedraogo" ]
  }, {
    "canonicalName" : "PERRET Vincent",
    "synonyms" : [ "vincent", "perret", "vincent", "perret" ]
  }, {
    "canonicalName" : "PFEIFFER Alex",
    "synonyms" : [ "alex", "pfeiffer", "alex", "Pfeiffer" ]
  }, {
    "canonicalName" : "PROGIN Christian",
    "synonyms" : [ "christian", "progin", "christian", "Progin" ]
  }, {
    "canonicalName" : "PUTALLAZ Thomas",
    "synonyms" : [ "thomas", "putallaz", "putalaz", "thomas", "Putallaz", "putalaz" ]
  }, {
    "canonicalName" : "RASOLO Daniel",
    "synonyms" : [ "daniel", "rasolo", "daniel", "Rasolo" ]
  }, {
    "canonicalName" : "RUCHET Philippe",
    "synonyms" : [ "philippe", "ruchet", "philippe", "ruchet" ]
  }, {
    "canonicalName" : "RYS Alexandra",
    "synonyms" : [ "alexandra", "rys", "alexandra", "rys" ]
  }, {
    "canonicalName" : "SAUDAN Guy",
    "synonyms" : [ "guy", "saudan", "guy", "Saudan" ]
  }, {
    "canonicalName" : "SAYEGH Souheil",
    "synonyms" : [ "souheil", "sayegh", "sayehg", "sayeg", "souheil", "sayegh", "sayehg", "Sayeg" ]
  }, {
    "canonicalName" : "SCANDURRA Alessandro",
    "synonyms" : [ "alessandro", "scandurra", "scandura", "Alessandro", "Scandurra", "Scandura" ]
  }, {
    "canonicalName" : "SCHMIED Patrick",
    "synonyms" : [ "patrick", "schmied", "schmitt", "patrick", "schmied", "schmitt" ]
  }, {
    "canonicalName" : "SCHRAG Sylvianne",
    "synonyms" : [ "sylvianne", "schrag", "sylvianne", "Schrag" ]
  }, {
    "canonicalName" : "SIMOES Jose",
    "synonyms" : [ "jose", "simoes", "jose", "simoes" ]
  }, {
    "canonicalName" : "SOPI Dardan",
    "synonyms" : [ "dardan", "sopi", "dardan", "Sopi" ]
  }, {
    "canonicalName" : "SQUILLACI Nicola",
    "synonyms" : [ "nicola", "squillaci", "squilacci", "squilaci", "nicola", "squillaci", "squilacci", "squilaci" ]
  }, {
    "canonicalName" : "STEINBERG CANDRIAN Melinda",
    "synonyms" : [ "melinda", "steinberg", "candrian", "Melinda", "Steinberg", "Candrian" ]
  }, {
    "canonicalName" : "TOMASSI Christine",
    "synonyms" : [ "christine", "tomassi", "christine", "tomassi" ]
  }, {
    "canonicalName" : "TREMBLET Laurent",
    "synonyms" : [ "laurent", "tremblet", "tremblay", "laurent", "Tremblet", "Tremblay" ]
  }, {
    "canonicalName" : "UONG Dinh Manh",
    "synonyms" : [ "dinh", "manh", "uong", "din", "man", "Dinh", "manh", "uong", "Din", "man" ]
  }, {
    "canonicalName" : "VÖLKI Robert",
    "synonyms" : [ "robert", "völki", "robert", "Völki" ]
  }, {
    "canonicalName" : "VUARNOZ Emanuela",
    "synonyms" : [ "emanuela", "vuarnoz", "emanuelle", "emanuela", "Vuarnoz", "emanuelle" ]
  }, {
    "canonicalName" : "WEHRLI Patrick",
    "synonyms" : [ "patrick", "wehrli", "patrick", "wehrli" ]
  }, {
    "canonicalName" : "ZIMMERMANN Luc",
    "synonyms" : [ "luc", "zimmermann", "zimermann", "zimmerman", "luke", "zimmermann", "Zimermann", "zimmerman" ]
  }, {
    "canonicalName" : "ZIMMERMANN Bertrand",
    "synonyms" : [ "bertrand", "zimmermann", "zimermann", "zimmerman", "Bertrand", "zimmermann", "Zimermann", "zimmerman" ]
  }, {
    "canonicalName" : "NIDEGGER Yves",
    "synonyms" : [ "yves", "nidegger", "nideger", "nydegger", "nydeger", "Yves", "Nidegger", "nideger", "Nydegger", "nydeger" ]
  }, {
    "canonicalName" : "BLÄSI Thomas",
    "synonyms" : [ "thomas", "bläsi", "thomas", "Bläsi" ]
  }, {
    "canonicalName" : "FLOREY Stéphane",
    "synonyms" : [ "stéphane", "florey", "Stephane", "florey" ]
  }, {
    "canonicalName" : "LEYVRAZ Eric",
    "synonyms" : [ "eric", "leyvraz", "levraz", "leyvrat", "eric", "Leyvraz", "levraz", "leyvrat" ]
  }, {
    "canonicalName" : "FUHRMANN Marc",
    "synonyms" : [ "marc", "fuhrmann", "fuhrman", "fhurmann", "fhurman", "marc", "fuhrmann", "fuhrman", "fhurmann", "fhurman" ]
  }, {
    "canonicalName" : "LUSSI Patrick",
    "synonyms" : [ "patrick", "lussi", "patrick", "lussi" ]
  }, {
    "canonicalName" : "IVANOV Christo",
    "synonyms" : [ "christo", "ivanov", "Christo", "ivanov" ]
  }, {
    "canonicalName" : "FALQUET Marc",
    "synonyms" : [ "marc", "falquet", "marc", "Falquet" ]
  }, {
    "canonicalName" : "MAENDLY Norbert",
    "synonyms" : [ "norbert", "maendly", "mindly", "maendli", "Norbert", "Maendly", "mindly", "maendli" ]
  }, {
    "canonicalName" : "PFEFFER André",
    "synonyms" : [ "andré", "pfeffer", "pfefer", "andre", "pfeffer", "pfefer" ]
  }, {
    "canonicalName" : "CATELAIN Gilbert",
    "synonyms" : [ "gilbert", "catelain", "gilbert", "Catelain" ]
  }, {
    "canonicalName" : "HULLIGER Patrick",
    "synonyms" : [ "patrick", "hulliger", "huliger", "hulligger", "patrick", "Hulliger", "huliger", "hulligger" ]
  }, {
    "canonicalName" : "MICHAUD Eliane",
    "synonyms" : [ "eliane", "michaud", "ansermet", "eliane", "michaud", "ansermet" ]
  }, {
    "canonicalName" : "SCHERB Peter",
    "synonyms" : [ "peter", "scherb", "pierre", "peter", "Scherb", "stone" ]
  }, {
    "canonicalName" : "STARK Riccardo",
    "synonyms" : [ "riccardo", "stark", "richard", "riccardo", "stark", "richard" ]
  }, {
    "canonicalName" : "GUINCHARD Damien",
    "synonyms" : [ "damien", "guinchard", "Damien", "guinchard" ]
  }, {
    "canonicalName" : "BISOL Walter",
    "synonyms" : [ "walter", "bisol", "walter", "BISOL" ]
  }, {
    "canonicalName" : "MASÉ Zora",
    "synonyms" : [ "zora", "masé", "maze", "Zora", "Masé", "maze" ]
  }, {
    "canonicalName" : "VELEN François",
    "synonyms" : [ "françois", "velen", "François", "velen" ]
  }, {
    "canonicalName" : "KNÖRR Stephen",
    "synonyms" : [ "stephen", "knörr", "stephen", "knörr" ]
  }, {
    "canonicalName" : "RUBELI Pascal",
    "synonyms" : [ "pascal", "rubeli", "pascal", "Rubeli" ]
  }, {
    "canonicalName" : "LYON Didier",
    "synonyms" : [ "didier", "lyon", "Didier", "lyon" ]
  }, {
    "canonicalName" : "PERRENOUD Philippe",
    "synonyms" : [ "philippe", "perrenoud", "pernoud", "philippe", "perrenoud", "pernoud" ]
  }, {
    "canonicalName" : "DUTRUIT André",
    "synonyms" : [ "andré", "dutruit", "andre", "Dutruit" ]
  }, {
    "canonicalName" : "ALTENBACH Pascal",
    "synonyms" : [ "pascal", "altenbach", "pascal", "altenbach" ]
  }, {
    "canonicalName" : "QUEFFÉLEC Philippe",
    "synonyms" : [ "philippe", "queffélec", "quefelec", "philippe", "Queffélec", "Quefelec" ]
  }, {
    "canonicalName" : "LAPORTE Claude",
    "synonyms" : [ "claude", "laporte", "claude", "laporte" ]
  }, {
    "canonicalName" : "CONTI Virna",
    "synonyms" : [ "virna", "conti", "virna", "conti" ]
  }, {
    "canonicalName" : "PAREL Loïc",
    "synonyms" : [ "loïc", "parel", "loïc", "parel" ]
  }, {
    "canonicalName" : "HEDDI Leila",
    "synonyms" : [ "leila", "heddi", "Leila", "Heddi" ]
  }, {
    "canonicalName" : "GOMES DE ALMEIDA José",
    "synonyms" : [ "josé", "gomes", "de", "almeida", "manuel", "jose", "gomes", "of", "almeida", "manual" ]
  }, {
    "canonicalName" : "BERTINAT Marie-Agnès",
    "synonyms" : [ "marie", "agnès", "bertinat", "marie", "Agnès", "Bertinat" ]
  }, {
    "canonicalName" : "MOUNLA Alexandre",
    "synonyms" : [ "alexandre", "mounla", "alexander", "Mounla" ]
  }, {
    "canonicalName" : "DOURNOW David",
    "synonyms" : [ "david", "dournow", "david", "Dournow" ]
  }, {
    "canonicalName" : "CHAUSSIVERT Patrice",
    "synonyms" : [ "patrice", "chaussivert", "chaussiverre", "Patrick", "chaussivert", "chaussiverre" ]
  }, {
    "canonicalName" : "KNOLL Tatiana",
    "synonyms" : [ "tatiana", "knoll", "Tatiana", "knoll" ]
  }, {
    "canonicalName" : "RIME Alexandre",
    "synonyms" : [ "alexandre", "rime", "alexander", "rhyme" ]
  }, {
    "canonicalName" : "DESYATKINA DZODZIEV Viktoriya",
    "synonyms" : [ "viktoriya", "desyatkina", "dzodziev", "dzoziew", "dzoziev", "viktoriya", "desyatkina", "dzodziev", "dzoziew", "dzoziev" ]
  }, {
    "canonicalName" : "THOMAS Sébastien",
    "synonyms" : [ "sébastien", "thomas", "Sebastian", "thomas" ]
  }, {
    "canonicalName" : "ROMANENS Mathieu",
    "synonyms" : [ "mathieu", "romanens", "Mathieu", "Romanens" ]
  }, {
    "canonicalName" : "SCHWEIZER Adriana",
    "synonyms" : [ "adriana", "schweizer", "adriana", "schweizer" ]
  }, {
    "canonicalName" : "KHACHATRYAN Gohar",
    "synonyms" : [ "gohar", "khachatryan", "kachatryan", "gohar", "Khachatryan", "kachatryan" ]
  }, {
    "canonicalName" : "PRANDO Stéphane",
    "synonyms" : [ "stéphane", "prando", "Stephane", "Prando" ]
  }, {
    "canonicalName" : "BORER Maria Da Conceicao",
    "synonyms" : [ "maria", "da", "conceicao", "borer", "maria", "da", "conceicao", "borer" ]
  }, {
    "canonicalName" : "AKABA El Mostafa",
    "synonyms" : [ "el", "mostafa", "akaba", "el", "mostafa", "akaba" ]
  }, {
    "canonicalName" : "LÉGUILLON Angèle",
    "synonyms" : [ "angèle", "léguillon", "angeles", "Léguillon" ]
  }, {
    "canonicalName" : "BONTOUX Caroline",
    "synonyms" : [ "caroline", "bontoux", "caroline", "Bontoux" ]
  }, {
    "canonicalName" : "HONEGGER HELLER Manuela",
    "synonyms" : [ "manuela", "honegger", "heller", "honeger", "manuela", "honegger", "heller", "honeger" ]
  }, {
    "canonicalName" : "OCHARAN ROBLES RAPAZ Eva",
    "synonyms" : [ "eva", "ocharan", "robles", "rapaz", "ocharan", "robles", "rappaz", "eva", "Ocharan", "Robles", "rapaz", "Ocharan", "Robles", "Rappaz" ]
  }, {
    "canonicalName" : "DA CRUZ PEDRO Anna",
    "synonyms" : [ "anna", "da", "cruz", "pedro", "da", "cruz", "perret", "gentil", "ana", "anna", "da", "cruz", "pedro", "da", "cruz", "Perret" ]
  }, {
    "canonicalName" : "BORCARD Anne",
    "synonyms" : [ "anne", "borcard", "anne", "Borcard" ]
  }, {
    "canonicalName" : "MÜLLER Fabienne",
    "synonyms" : [ "fabienne", "müller", "abramovich", "Fabian", "müller", "abramovich" ]
  }, {
    "canonicalName" : "YOL Diana",
    "synonyms" : [ "diana", "yol", "diana", "yol" ]
  }, {
    "canonicalName" : "RANDEGGER Alice",
    "synonyms" : [ "alice", "randegger", "randeger", "alice", "Randegger", "randeger" ]
  }, {
    "canonicalName" : "DEPRAETERE Graciela",
    "synonyms" : [ "graciela", "depraetere", "depraetere", "manulis", "graciela", "Depraetere", "Depraetere", "Manulis" ]
  }, {
    "canonicalName" : "OZDEMIR Elcim",
    "synonyms" : [ "elcim", "ozdemir", "elçim", "özdemir", "ELCIM", "ozdemir", "Elçim", "özdemir" ]
  }, {
    "canonicalName" : "RICCIARDI WERLEN Jacqueline",
    "synonyms" : [ "jacqueline", "ricciardi", "werlen", "richiardi", "jacqueline", "ricciardi", "Werlen", "Richiardi" ]
  }, {
    "canonicalName" : "ROSSIER FAHRION Cerise",
    "synonyms" : [ "cerise", "rossier", "fahrion", "farion", "cherry", "rossier", "FAHRION", "Farion" ]
  }, {
    "canonicalName" : "BOSELLI GAUTHEY Monica",
    "synonyms" : [ "monica", "boselli", "gauthey", "monica", "boselli", "gauthey" ]
  }, {
    "canonicalName" : "LAVRADOR DIAS Claudia",
    "synonyms" : [ "claudia", "lavrador", "dias", "dias", "claudia", "lavrador", "dias", "dias" ]
  }, {
    "canonicalName" : "JAUCH Caroline",
    "synonyms" : [ "caroline", "jauch", "caroline", "jauch" ]
  }, {
    "canonicalName" : "GRANGE Marie-Florence",
    "synonyms" : [ "marie", "florence", "grange", "marie", "florence", "barn" ]
  }, {
    "canonicalName" : "MAZZONI Nikita",
    "synonyms" : [ "nikita", "mazzoni", "mazonni", "Nikita", "mazzoni", "mazonni" ]
  }, {
    "canonicalName" : "LANGER Valérie",
    "synonyms" : [ "valérie", "langer", "Valerie", "Changing" ]
  }, {
    "canonicalName" : "MAYORAL EDO Corinne",
    "synonyms" : [ "corinne", "mayoral", "edo", "mayoral", "Corinne", "mayoral", "Edo", "mayoral" ]
  }, {
    "canonicalName" : "THOMIAS LEDUC Diana",
    "synonyms" : [ "diana", "thomias", "leduc", "diana", "thomias", "Leduc" ]
  }, {
    "canonicalName" : "ORSINI Magali",
    "synonyms" : [ "magali", "orsini", "Magali", "orsini" ]
  }, {
    "canonicalName" : "GAUTHIER Pierre",
    "synonyms" : [ "pierre", "gauthier", "Stone", "Gauthier" ]
  }, {
    "canonicalName" : "ARMAND Catherine",
    "synonyms" : [ "catherine", "armand", "catherine", "Armand" ]
  }, {
    "canonicalName" : "GUEX Stéphane",
    "synonyms" : [ "stéphane", "guex", "dit", "guex", "pierre", "Stephane", "guex", "said", "guex", "stone" ]
  }, {
    "canonicalName" : "HUMBERSET Corinne",
    "synonyms" : [ "corinne", "humberset", "Corinne", "Humberset" ]
  }, {
    "canonicalName" : "RUCKTERSTUHL Jean-Claude",
    "synonyms" : [ "jean", "claude", "ruckterstuhl", "jean", "claude", "ruckterstuhl" ]
  }, {
    "canonicalName" : "LONGO Katrin",
    "synonyms" : [ "katrin", "longo", "katrin", "longo" ]
  }, {
    "canonicalName" : "GIROD Nicolas",
    "synonyms" : [ "nicolas", "girod", "Nicolas", "girod" ]
  }, {
    "canonicalName" : "KÜDERLI BERKANE Nicole",
    "synonyms" : [ "nicole", "küderli", "berkane", "nicole", "Küderli", "berkane" ]
  }, {
    "canonicalName" : "FLAKS Joël",
    "synonyms" : [ "joël", "flaks", "flacks", "joel", "Flaks", "flacks" ]
  }, {
    "canonicalName" : "PERRIN Brigitte",
    "synonyms" : [ "brigitte", "perrin", "Brigitte", "Perrin" ]
  }, {
    "canonicalName" : "GOUDAL Renaud",
    "synonyms" : [ "renaud", "goudal", "renaud", "GOUDAL" ]
  }, {
    "canonicalName" : "MEYNET Danielle",
    "synonyms" : [ "danielle", "meynet", "meinet", "danielle", "meynet", "meinet" ]
  }, {
    "canonicalName" : "MEYNET Leon",
    "synonyms" : [ "leon", "meynet", "meinet", "leon", "meynet", "meinet" ]
  }, {
    "canonicalName" : "TURNOWSKY Serge",
    "synonyms" : [ "serge", "turnowsky", "serge", "Turnowsky" ]
  }, {
    "canonicalName" : "ZIMMERMANN Olivier",
    "synonyms" : [ "olivier", "zimmermann", "zimermann", "zimmerman", "Olive", "zimmermann", "Zimermann", "zimmerman" ]
  }, {
    "canonicalName" : "CHATELAIN Dimitri",
    "synonyms" : [ "dimitri", "chatelain", "Dimitri", "Chatelain" ]
  }, {
    "canonicalName" : "STAUFFER Eric",
    "synonyms" : [ "eric", "stauffer", "staufer", "eric", "stauffer", "Staufer" ]
  }, {
    "canonicalName" : "ZACHARIAS Ronald",
    "synonyms" : [ "ronald", "zacharias", "zaccharias", "zacharrias", "ronald", "zacharias", "Zaccharias", "zacharrias" ]
  }, {
    "canonicalName" : "SARAIVA MEDEIROS Carlos",
    "synonyms" : [ "carlos", "saraiva", "medeiros", "sareva", "mederos", "medeyros", "carlos", "saraiva", "medeiros", "Sareva", "Mederos", "medeyros" ]
  }, {
    "canonicalName" : "SPÜHLER Pascal",
    "synonyms" : [ "pascal", "spühler", "spuler", "pascal", "Spühler", "Spuler" ]
  }, {
    "canonicalName" : "GAETANINO Marco",
    "synonyms" : [ "marco", "gaetanino", "marco", "Gaetanino" ]
  }, {
    "canonicalName" : "LE JEUNE GIACOBBI Cristina",
    "synonyms" : [ "cristina", "le", "jeune", "giacobbi", "giacobi", "jaccobi", "cristina", "the", "young", "Giacobbi", "GIACOBI", "jaccobi" ]
  }, {
    "canonicalName" : "WALTHER Thierry",
    "synonyms" : [ "thierry", "walther", "walter", "thierry", "walther", "walter" ]
  }, {
    "canonicalName" : "HÜSSY COPPEX Viviana Ximena Anghela",
    "synonyms" : [ "viviana", "ximena", "anghela", "hüssy", "coppex", "angela", "Viviana", "ximena", "Anghela", "Hüssy", "Coppex", "angela" ]
  }, {
    "canonicalName" : "LOEILLET-ROUZIER Anne",
    "synonyms" : [ "anne", "loeillet", "rouzier", "marie", "l", "œillet", "anne", "loeillet", "Rouzier", "marie", "Carnation" ]
  }, {
    "canonicalName" : "FUSCO Gerardo",
    "synonyms" : [ "gerardo", "fusco", "Gerardo", "fusco" ]
  }, {
    "canonicalName" : "GAMBERONI Dominique",
    "synonyms" : [ "dominique", "gamberoni", "gamberroni", "gamberonni", "dominique", "gamberoni", "gamberroni", "gamberonni" ]
  }, {
    "canonicalName" : "NOBS Cyril",
    "synonyms" : [ "cyril", "nobs", "Cyril", "nobs" ]
  }, {
    "canonicalName" : "NOËL Daniel",
    "synonyms" : [ "daniel", "noël", "daniel", "christmas" ]
  }, {
    "canonicalName" : "SANTI Michel",
    "synonyms" : [ "michel", "santi", "michel", "Santi" ]
  }, {
    "canonicalName" : "PICOT Jérôme",
    "synonyms" : [ "jérôme", "picot", "Jerome", "pin" ]
  }, {
    "canonicalName" : "RUCHONNET Jean-François",
    "synonyms" : [ "jean", "françois", "ruchonnet", "ruchonet", "jean", "françois", "Ruchonnet", "ruchonet" ]
  }, {
    "canonicalName" : "GALETTO Frédéric",
    "synonyms" : [ "frédéric", "galetto", "galletto", "gaeleto", "Frederic", "Galetto", "galletto", "gaeleto" ]
  }, {
    "canonicalName" : "BECK Victoria",
    "synonyms" : [ "victoria", "beck", "bech", "victoria", "beck", "bech" ]
  }, {
    "canonicalName" : "ANTOINE Jean-Marc",
    "synonyms" : [ "jean", "marc", "antoine", "jean", "marc", "antoine" ]
  }, {
    "canonicalName" : "RIME Fatma",
    "synonyms" : [ "fatma", "rime", "fatima", "Fatma", "rhyme", "Fatima" ]
  }, {
    "canonicalName" : "L'HUILLIER Eric",
    "synonyms" : [ "eric", "l", "huillier", "lhuillier", "eric", "the", "huillier", "lhuillier" ]
  }, {
    "canonicalName" : "PARANÁ JÚNIOR Valério",
    "synonyms" : [ "valério", "paraná", "júnior", "Valerio", "Paraná", "júnior" ]
  }, {
    "canonicalName" : "LOTA Raphaëlle",
    "synonyms" : [ "raphaëlle", "lota", "raphaëlle", "lota" ]
  }, {
    "canonicalName" : "THOMSEN Elena",
    "synonyms" : [ "elena", "thomsen", "milakova", "tohmsen", "elena", "thomsen", "milakova", "tohmsen" ]
  }, {
    "canonicalName" : "BALLESTEROS Stefan",
    "synonyms" : [ "stefan", "ballesteros", "balesteros", "stefan", "ballesteros", "Balesteros" ]
  }, {
    "canonicalName" : "FABRE Jean",
    "synonyms" : [ "jean", "fabre", "favre", "jean", "Fabre", "favre" ]
  }, {
    "canonicalName" : "NGUYEN Van Minh",
    "synonyms" : [ "van", "minh", "nguyen", "van", "min", "n", "guyen", "van", "min", "nguyen", "van", "min", "n", "guyen" ]
  }, {
    "canonicalName" : "MARTEL Frédéric",
    "synonyms" : [ "frédéric", "martel", "Frederic", "Martel" ]
  }, {
    "canonicalName" : "FREY Priscilla",
    "synonyms" : [ "priscilla", "frey", "Priscilla", "frey" ]
  }, {
    "canonicalName" : "BRKIC Vitomir",
    "synonyms" : [ "vitomir", "brkic", "brkich", "Vitomir", "brkic", "Brkich" ]
  }, {
    "canonicalName" : "LEVY Yossef",
    "synonyms" : [ "yossef", "levy", "hai", "yosef", "josef", "jossef", "levi", "yossef", "levy", "hai", "yosef", "Josef", "Jossef", "levi" ]
  }, {
    "canonicalName" : "BISSOLI Marion",
    "synonyms" : [ "marion", "bissoli", "le", "bacquer", "le", "baquer", "marion", "bissoli", "the", "bacquer", "the", "baquer" ]
  }, {
    "canonicalName" : "COHEN Olivier",
    "synonyms" : [ "olivier", "cohen", "Olive", "cohen" ]
  }, {
    "canonicalName" : "BRUGUIER Michel",
    "synonyms" : [ "michel", "bruguier", "michel", "Bruguier" ]
  }, {
    "canonicalName" : "SOLTEIRO Jorge",
    "synonyms" : [ "jorge", "solteiro", "soltero", "jorge", "solteiro", "soltero" ]
  }, {
    "canonicalName" : "HALIMI Arsim",
    "synonyms" : [ "arsim", "halimi", "arsim", "halimi" ]
  }, {
    "canonicalName" : "BERLEMONT Alain",
    "synonyms" : [ "alain", "berlemont", "Alain", "Berlemont" ]
  }, {
    "canonicalName" : "GARGANTINI Yves",
    "synonyms" : [ "yves", "gargantini", "Yves", "Gargantini" ]
  }, {
    "canonicalName" : "MAIGRE Maria Inès",
    "synonyms" : [ "maria", "inès", "maigre", "maria", "inès", "lean" ]
  }, {
    "canonicalName" : "FARINHA Horacio",
    "synonyms" : [ "horacio", "farinha", "farina", "farinna", "farinah", "horacio", "farinha", "farina", "farinna", "farinah" ]
  }, {
    "canonicalName" : "VIDONNE Thierry",
    "synonyms" : [ "thierry", "vidonne", "viodne", "thierry", "Vidonne", "viodne" ]
  }, {
    "canonicalName" : "LEITNER André",
    "synonyms" : [ "andré", "leitner", "andre", "leitner" ]
  }, {
    "canonicalName" : "DELACQUIS Cédric",
    "synonyms" : [ "cédric", "delacquis", "delaquis", "cédric", "Delacquis", "Delaquis" ]
  }, {
    "canonicalName" : "ZAGATO Sophie",
    "synonyms" : [ "sophie", "zagato", "zaggato", "zagatto", "sophie", "zagato", "zaggato", "Zagatto" ]
  }, {
    "canonicalName" : "VIDONNE Valérie",
    "synonyms" : [ "valérie", "vidonne", "vidone", "Valerie", "Vidonne", "vidone" ]
  }, {
    "canonicalName" : "FERRAND Guy",
    "synonyms" : [ "guy", "ferrand", "ferand", "ferrant", "guy", "Ferrand", "Ferand", "smith" ]
  }, {
    "canonicalName" : "KUNZI Nicolas",
    "synonyms" : [ "nicolas", "kunzi", "Nicolas", "Kunzi" ]
  }, {
    "canonicalName" : "KUGEL Mark",
    "synonyms" : [ "mark", "kugel", "kuggel", "Mark", "kugel", "kuggel" ]
  }, {
    "canonicalName" : "THURNHERR Laurent",
    "synonyms" : [ "laurent", "thurnherr", "turner", "turnherr", "thurnher", "laurent", "Thurnherr", "turner", "turnherr", "Thurnher" ]
  }, {
    "canonicalName" : "VIDONNE David",
    "synonyms" : [ "david", "vidonne", "vidone", "david", "Vidonne", "vidone" ]
  }, {
    "canonicalName" : "BEUREUX Silvain",
    "synonyms" : [ "silvain", "beureux", "silvain", "Beureux" ]
  }, {
    "canonicalName" : "KUNZI Philippe",
    "synonyms" : [ "philippe", "kunzi", "philippe", "Kunzi" ]
  }, {
    "canonicalName" : "FADER Annette",
    "synonyms" : [ "annette", "fader", "yasuka", "annette", "fader", "YASUKA" ]
  }, {
    "canonicalName" : "THURNHERR Sylvain",
    "synonyms" : [ "sylvain", "thurnherr", "turner", "turnherr", "thurnher", "Sylvain", "Thurnherr", "turner", "turnherr", "Thurnher" ]
  }, {
    "canonicalName" : "BEUREUX Johan",
    "synonyms" : [ "johan", "beureux", "Johan", "Beureux" ]
  }, {
    "canonicalName" : "POGGIA Mauro",
    "synonyms" : [ "mauro", "poggia", "pogia", "Mauro", "Poggia", "pogia" ]
  }, {
    "canonicalName" : "GOLAY Roger",
    "synonyms" : [ "roger", "golay", "roger", "golay" ]
  }, {
    "canonicalName" : "ROCH Ana Belen",
    "synonyms" : [ "ana", "belen", "roch", "anna", "belenne", "ana", "belen", "Rosh", "anna", "belenne" ]
  }, {
    "canonicalName" : "SORMANNI Daniel",
    "synonyms" : [ "daniel", "sormanni", "sormani", "daniel", "sormanni", "sormani" ]
  }, {
    "canonicalName" : "CERUTTI Thierry",
    "synonyms" : [ "thierry", "cerutti", "cerruti", "ceruti", "thierry", "cerutti", "cerruti", "Ceruti" ]
  }, {
    "canonicalName" : "VOUMARD Jean Marie",
    "synonyms" : [ "jean", "marie", "voumard", "voumart", "jean", "marie", "Voumard", "voumart" ]
  }, {
    "canonicalName" : "LE JONCOUR-BRÜLHART Céline",
    "synonyms" : [ "céline", "le", "joncour", "brülhart", "brularth", "Celine", "the", "joncour", "Brülhart", "brularth" ]
  }, {
    "canonicalName" : "BÄRTSCHI François",
    "synonyms" : [ "françois", "bärtschi", "bartchi", "François", "bärtschi", "bartchi" ]
  }, {
    "canonicalName" : "PISTIS Sandro",
    "synonyms" : [ "sandro", "pistis", "pystis", "pistys", "sandro", "pistis", "pystis", "pistys" ]
  }, {
    "canonicalName" : "DEROUETTE Jean-Paul",
    "synonyms" : [ "jean", "paul", "derouette", "derouete", "derouet", "jean", "paul", "Derouette", "derouete", "Derouet" ]
  }, {
    "canonicalName" : "MAGNIN Danièle",
    "synonyms" : [ "danièle", "magnin", "danièle", "magnin" ]
  }, {
    "canonicalName" : "VALENTIN Francisco",
    "synonyms" : [ "francisco", "valentin", "francisco", "Valentine" ]
  }, {
    "canonicalName" : "SAPIN Françoise",
    "synonyms" : [ "françoise", "sapin", "françoise", "fir" ]
  }, {
    "canonicalName" : "FLURY Christian",
    "synonyms" : [ "christian", "flury", "christian", "flury" ]
  }, {
    "canonicalName" : "GOLAY Sandra",
    "synonyms" : [ "sandra", "golay", "sandra", "golay" ]
  }, {
    "canonicalName" : "PYTHON André",
    "synonyms" : [ "andré", "python", "piton", "andre", "python", "peg" ]
  }, {
    "canonicalName" : "RAPPAZ Henry",
    "synonyms" : [ "henry", "rappaz", "rapaz", "henry", "Rappaz", "rapaz" ]
  }, {
    "canonicalName" : "GANDER Florian",
    "synonyms" : [ "florian", "gander", "florian", "gander" ]
  }, {
    "canonicalName" : "DECORVET Christian",
    "synonyms" : [ "christian", "decorvet", "devorvet", "christian", "Decorvet", "devorvet" ]
  }, {
    "canonicalName" : "SONDEREGGER Gabriela",
    "synonyms" : [ "gabriela", "sonderegger", "sondergger", "sondereger", "Gabriela", "Sonderegger", "sondergger", "sondereger" ]
  }, {
    "canonicalName" : "DIMIER Patrick",
    "synonyms" : [ "patrick", "dimier", "patrick", "Dimier" ]
  }, {
    "canonicalName" : "FONTAINE-VIVE-CURTAZ Jean",
    "synonyms" : [ "jean", "fontaine", "vive", "curtaz", "curtat", "jean", "fountain", "alert", "Curtaz", "Curtat" ]
  }, {
    "canonicalName" : "SAAS Alexandra",
    "synonyms" : [ "alexandra", "saas", "sas", "alexandra", "saas", "sas" ]
  }, {
    "canonicalName" : "ZOGG Thomas",
    "synonyms" : [ "thomas", "zogg", "zog", "zaug", "zaugg", "thomas", "Zogg", "zog", "Zaug", "zaugg" ]
  }, {
    "canonicalName" : "PASCARELLA Louise",
    "synonyms" : [ "louise", "pascarella", "pascarela", "louise", "Pascarella", "pascarela" ]
  }, {
    "canonicalName" : "FEKKAK Hatem",
    "synonyms" : [ "hatem", "fekkak", "fekak", "fekack", "hatem", "Fekkak", "fekak", "fekack" ]
  }, {
    "canonicalName" : "ANGELO Antonio",
    "synonyms" : [ "antonio", "angelo", "antonio", "angelo" ]
  }, {
    "canonicalName" : "CATTIN Jean-Pascal",
    "synonyms" : [ "jean", "pascal", "cattin", "catin", "jean", "pascal", "cattin", "whore" ]
  }, {
    "canonicalName" : "BARYEKA Jarek",
    "synonyms" : [ "jarek", "baryeka", "jareck", "barieka", "jarek", "baryeka", "jareck", "barieka" ]
  }, {
    "canonicalName" : "REICHENBACH Kevin",
    "synonyms" : [ "kevin", "reichenbach", "reichenback", "kevin", "reichenbach", "Reichenback" ]
  }, {
    "canonicalName" : "CHAPOU Frédéric",
    "synonyms" : [ "frédéric", "chapou", "chapout", "chapoud", "Frederic", "Chapou", "chapout", "chapoud" ]
  }, {
    "canonicalName" : "MADANI Amar",
    "synonyms" : [ "amar", "madani", "amar", "Madani" ]
  }, {
    "canonicalName" : "LEISI Laurent",
    "synonyms" : [ "laurent", "leisi", "leysi", "laurent", "Leisi", "Leysi" ]
  }, {
    "canonicalName" : "OUDIN Rémy",
    "synonyms" : [ "rémy", "oudin", "houdin", "Remy", "oudin", "Houdin" ]
  }, {
    "canonicalName" : "VILLETTE Jean",
    "synonyms" : [ "jean", "villette", "vilette", "villete", "jean", "Villette", "vilette", "Villete" ]
  }, {
    "canonicalName" : "AMBROSIO François",
    "synonyms" : [ "françois", "ambrosio", "François", "ambrosio" ]
  }, {
    "canonicalName" : "TEIXEIRA Albano",
    "synonyms" : [ "albano", "teixeira", "Albanian", "Teixeira" ]
  }, {
    "canonicalName" : "FRAUCHIGER Roger",
    "synonyms" : [ "roger", "frauchiger", "frauschiger", "frauchigger", "roger", "Frauchiger", "frauschiger", "frauchigger" ]
  }, {
    "canonicalName" : "DELLAGIOVANNA Daniel",
    "synonyms" : [ "daniel", "dellagiovanna", "delagiovanna", "dellagiovana", "daniel", "Dellagiovanna", "delagiovanna", "dellagiovana" ]
  }, {
    "canonicalName" : "ROULIN Claude",
    "synonyms" : [ "claude", "roulin", "claude", "roulin" ]
  }, {
    "canonicalName" : "COUTO Armando",
    "synonyms" : [ "armando", "couto", "armando", "couto" ]
  }, {
    "canonicalName" : "NIETO Alexandre",
    "synonyms" : [ "alexandre", "nieto", "alexander", "nieto" ]
  }, {
    "canonicalName" : "CHAOUI Laïla",
    "synonyms" : [ "laïla", "chaoui", "leila", "Yaila", "chaoui", "leila" ]
  }, {
    "canonicalName" : "SOTOMAYOR André",
    "synonyms" : [ "andré", "sotomayor", "sotomayore", "andre", "Sotomayor", "sotomayore" ]
  }, {
    "canonicalName" : "DO REGO Ricardo",
    "synonyms" : [ "ricardo", "do", "rego", "ricardo", "do", "rego" ]
  }, {
    "canonicalName" : "VENDRELL Marie",
    "synonyms" : [ "marie", "vendrell", "vendrel", "marie", "Vendrell", "vendrel" ]
  }, {
    "canonicalName" : "MÉNÉTREY Yasmine",
    "synonyms" : [ "yasmine", "ménétrey", "menetret", "Yasmine", "Ménétrey", "menetret" ]
  }, {
    "canonicalName" : "ANGELOZ Claude",
    "synonyms" : [ "claude", "angeloz", "claude", "angeloz" ]
  }, {
    "canonicalName" : "LAURENT Pierre-Alain",
    "synonyms" : [ "pierre", "alain", "laurent", "stone", "alain", "laurent" ]
  }, {
    "canonicalName" : "JAHIJA Burim",
    "synonyms" : [ "burim", "jahija", "jhaija", "burim", "Jahija", "jhaija" ]
  }, {
    "canonicalName" : "DI SALVO Giuseppe",
    "synonyms" : [ "giuseppe", "di", "salvo", "Giuseppe", "di", "salvo" ]
  }, {
    "canonicalName" : "HEIMO Philippe",
    "synonyms" : [ "philippe", "heimo", "heimot", "heimoz", "philippe", "heimo", "heimot", "Heimoz" ]
  }, {
    "canonicalName" : "CHAPPAZ Marc",
    "synonyms" : [ "marc", "chappaz", "chapaz", "marc", "Chappaz", "chapaz" ]
  }, {
    "canonicalName" : "BARRY Minkailou",
    "synonyms" : [ "minkailou", "barry", "mincaillou", "minkailou", "barry", "mincaillou" ]
  }, {
    "canonicalName" : "CATALAN Joëlle",
    "synonyms" : [ "joëlle", "catalan", "Joëlle", "Catalan" ]
  }, {
    "canonicalName" : "REOLON Bruno",
    "synonyms" : [ "bruno", "reolon", "bruno", "Reolon" ]
  }, {
    "canonicalName" : "ALBANESI Jean-François",
    "synonyms" : [ "jean", "françois", "albanesi", "jean", "françois", "albanesi" ]
  }, {
    "canonicalName" : "KLINGELE Olivier",
    "synonyms" : [ "olivier", "klingele", "Olive", "Klingele" ]
  }, {
    "canonicalName" : "BENCKER Jeanne",
    "synonyms" : [ "jeanne", "bencker", "benker", "jeanne", "Bencker", "Benker" ]
  }, {
    "canonicalName" : "MARGUET Tex",
    "synonyms" : [ "tex", "marguet", "tex", "marguet" ]
  }, {
    "canonicalName" : "DELMENICO Janine",
    "synonyms" : [ "janine", "delmenico", "Janine", "Delmenico" ]
  }, {
    "canonicalName" : "SHLYAPINA Elena",
    "synonyms" : [ "elena", "shlyapina", "shliapina", "shliapyna", "elena", "shlyapina", "shliapina", "shliapyna" ]
  }, {
    "canonicalName" : "MUDRY Yves",
    "synonyms" : [ "yves", "mudry", "Yves", "mudry" ]
  }, {
    "canonicalName" : "GOSTOLI Gérard",
    "synonyms" : [ "gérard", "gostoli", "Gerard", "Gostoli" ]
  }, {
    "canonicalName" : "YAU Helen",
    "synonyms" : [ "helen", "yau", "helen", "yau" ]
  }, {
    "canonicalName" : "INNOCENTI Flavio",
    "synonyms" : [ "flavio", "innocenti", "inocenti", "innocentti", "inocentti", "Flavio", "innocenti", "Inocenti", "innocentti", "inocentti" ]
  }, {
    "canonicalName" : "COVER Sabina",
    "synonyms" : [ "sabina", "cover", "Sabina", "cover" ]
  }, {
    "canonicalName" : "AMBORD Cédric",
    "synonyms" : [ "cédric", "ambord", "sandro", "cédric", "Ambord", "sandro" ]
  }, {
    "canonicalName" : "GARCIA Javier",
    "synonyms" : [ "javier", "garcia", "Javier", "Garcia" ]
  }, {
    "canonicalName" : "BELCASTRO DE LUCA Nathalie",
    "synonyms" : [ "nathalie", "belcastro", "de", "luca", "de", "lucca", "nathalie", "belcastro", "from", "luca", "from", "lucca" ]
  }, {
    "canonicalName" : "ZBINDEN Jean-Luc",
    "synonyms" : [ "jean", "luc", "zbinden", "jean", "luc", "zbinden" ]
  }, {
    "canonicalName" : "AHDAB Ahmad",
    "synonyms" : [ "ahmad", "ahdab", "chawki", "adhab", "amahd", "ahmad", "Ahdab", "chawki", "Adhab", "amahd" ]
  }, {
    "canonicalName" : "BAIUNCO Aurora",
    "synonyms" : [ "aurora", "baiunco", "Aurora", "baiunco" ]
  }, {
    "canonicalName" : "OLIVEIRA Rui",
    "synonyms" : [ "rui", "oliveira", "olivera", "rui", "Oliveira", "olivera" ]
  }, {
    "canonicalName" : "PASTORE Daniel",
    "synonyms" : [ "daniel", "pastore", "dany", "daniel", "Pastore", "dany" ]
  }, {
    "canonicalName" : "DRASKOVIC Rada",
    "synonyms" : [ "rada", "draskovic", "draskovich", "Rada", "Draskovic", "draskovich" ]
  }, {
    "canonicalName" : "HAYMOZ William",
    "synonyms" : [ "william", "haymoz", "william", "Haymoz" ]
  }, {
    "canonicalName" : "BESSE Muriel",
    "synonyms" : [ "muriel", "besse", "Muriel", "Besse" ]
  }, {
    "canonicalName" : "NAINE Marie-Josée",
    "synonyms" : [ "marie", "josée", "naine", "marie", "Josée", "dwarf" ]
  }, {
    "canonicalName" : "GHARBI Mohamed",
    "synonyms" : [ "mohamed", "gharbi", "garbi", "gahrbi", "mohamed", "gharbi", "garbi", "gahrbi" ]
  }, {
    "canonicalName" : "LOOSLI Bertille",
    "synonyms" : [ "bertille", "loosli", "clarence", "losli", "bertille", "loosli", "clarence", "losli" ]
  }, {
    "canonicalName" : "EMONET Sarah",
    "synonyms" : [ "sarah", "emonet", "emonnet", "sarah", "Emonet", "emonnet" ]
  }, {
    "canonicalName" : "MÜLLER Olivier",
    "synonyms" : [ "olivier", "müller", "Olive", "müller" ]
  }, {
    "canonicalName" : "LODDO Olivier",
    "synonyms" : [ "olivier", "loddo", "henrioud", "lodo", "Olive", "Loddo", "Henrioud", "lodo" ]
  }, {
    "canonicalName" : "BEN CHAABANE Salah",
    "synonyms" : [ "salah", "ben", "chaabane", "chabane", "chaabanne", "chabane", "salah", "ben", "Sha", "ban", "chabane", "chaabanne", "chabane" ]
  }, {
    "canonicalName" : "DE OLIVEIRA NUNES Vitor",
    "synonyms" : [ "vitor", "de", "oliveira", "nunes", "nunez", "vitor", "of", "Oliveira", "Nunes", "Nunez" ]
  }, {
    "canonicalName" : "MARTIGNONI Alain",
    "synonyms" : [ "alain", "martignoni", "Alain", "Martignoni" ]
  }, {
    "canonicalName" : "MARÉCHAL Christophe",
    "synonyms" : [ "christophe", "maréchal", "christophe", "marshal" ]
  }, {
    "canonicalName" : "SPAGNOLO Salvatore",
    "synonyms" : [ "salvatore", "spagnolo", "Salvatore", "spagnolo" ]
  }, {
    "canonicalName" : "PIERRE TOUSSAINT Sircee",
    "synonyms" : [ "sircee", "pierre", "toussaint", "CEARIS", "Stone", "All", "Saints" ]
  }, {
    "canonicalName" : "STEINER Christian",
    "synonyms" : [ "christian", "steiner", "christian", "Steiner" ]
  }, {
    "canonicalName" : "BEUN Christine",
    "synonyms" : [ "christine", "beun", "kristine", "christine", "Beun", "Kristine" ]
  }, {
    "canonicalName" : "BISSAT Rose",
    "synonyms" : [ "rose", "bissat", "marie", "angeline", "Pink", "Bissat", "marie", "angeline" ]
  }, {
    "canonicalName" : "GUISY Milène",
    "synonyms" : [ "milène", "guisy", "guisi", "Milene", "guisy", "Gisi" ]
  }, {
    "canonicalName" : "MARTIN Emmanuel",
    "synonyms" : [ "emmanuel", "martin", "Emmanuel", "martin" ]
  }, {
    "canonicalName" : "DUSSAN Julien",
    "synonyms" : [ "julien", "dussan", "dusan", "Julian", "Dussan", "dusan" ]
  }, {
    "canonicalName" : "BONVIN Philippe",
    "synonyms" : [ "philippe", "bonvin", "philippe", "bonvin" ]
  }, {
    "canonicalName" : "SAUSER Nicolas",
    "synonyms" : [ "nicolas", "sauser", "Nicolas", "sauser" ]
  }, {
    "canonicalName" : "RYSER Alain",
    "synonyms" : [ "alain", "ryser", "riser", "Alain", "ryser", "riser" ]
  }, {
    "canonicalName" : "MONNEY Armand",
    "synonyms" : [ "armand", "monney", "monnet", "Armand", "monney", "monnet" ]
  }, {
    "canonicalName" : "PEYRAUD Alexandre",
    "synonyms" : [ "alexandre", "peyraud", "peraud", "perraut", "alexander", "peyraud", "Peraud", "Perraut" ]
  }, {
    "canonicalName" : "HÄUSERMANN Elisabeth",
    "synonyms" : [ "elisabeth", "häusermann", "hauserman", "elizabeth", "Häusermann", "Hauserman" ]
  }, {
    "canonicalName" : "GAUTROT Maria Magdalena",
    "synonyms" : [ "maria", "magdalena", "gautrot", "marielena", "maria", "Magdalena", "gautrot", "marielena" ]
  }, {
    "canonicalName" : "FONTANA Jérôme",
    "synonyms" : [ "jérôme", "fontana", "Jerome", "Fontana" ]
  }, {
    "canonicalName" : "PIGUET Frédéric",
    "synonyms" : [ "frédéric", "piguet", "paul", "Frederic", "piguet", "paul" ]
  }, {
    "canonicalName" : "WUARIN Marc",
    "synonyms" : [ "marc", "wuarin", "vuarin", "marc", "Wuarin", "Vuarin" ]
  }, {
    "canonicalName" : "SAMIM FIROUZSALARI Atefeh",
    "synonyms" : [ "atefeh", "samim", "firouzsalari", "Atefeh", "samim", "firouzsalari" ]
  }, {
    "canonicalName" : "BUSTAMANTE HERNANDEZ Eric",
    "synonyms" : [ "eric", "bustamante", "herdez", "bustamente", "herandes", "eric", "bustamante", "herdez", "Bustamente", "herandes" ]
  }, {
    "canonicalName" : "HAMOIR Fursy",
    "synonyms" : [ "fursy", "hamoir", "Fursy", "hamoir" ]
  }, {
    "canonicalName" : "PREISIG Robert",
    "synonyms" : [ "robert", "preisig", "preissig", "robert", "preisig", "Preissig" ]
  }, {
    "canonicalName" : "JEANMONOD Christian",
    "synonyms" : [ "christian", "jeanmonod", "jeanmonot", "christian", "Jeanmonod", "jeanmonot" ]
  }, {
    "canonicalName" : "MEYLAN Jean Michel",
    "synonyms" : [ "jean", "michel", "meylan", "jean", "michel", "meylan" ]
  }, {
    "canonicalName" : "CORI Claudio",
    "synonyms" : [ "claudio", "cori", "Claudio", "cori" ]
  }, {
    "canonicalName" : "WITTWER Christoph",
    "synonyms" : [ "christoph", "wittwer", "witwer", "christoph", "wittwer", "Witwer" ]
  }, {
    "canonicalName" : "BESOMI Alessandro",
    "synonyms" : [ "alessandro", "besomi", "alex", "Alessandro", "Besomi", "alex" ]
  }, {
    "canonicalName" : "RITTER Sven",
    "synonyms" : [ "sven", "ritter", "sven", "ritter" ]
  }, {
    "canonicalName" : "DUVNJAK Sanja",
    "synonyms" : [ "sanja", "duvnjak", "duvnjack", "duvjak", "sanja", "Duvnjak", "duvnjack", "duvjak" ]
  }, {
    "canonicalName" : "FRAMMERY Chloe",
    "synonyms" : [ "chloe", "frammery", "framery", "chloe", "frammery", "Framery" ]
  }, {
    "canonicalName" : "FOUDA AMOUGOU Charlotte",
    "synonyms" : [ "charlotte", "fouda", "amougou", "charlotte", "fouda", "Amougou" ]
  }, {
    "canonicalName" : "SCHELLER Gérard",
    "synonyms" : [ "gérard", "scheller", "Gerard", "Scheller" ]
  }, {
    "canonicalName" : "ROSSELLAT Blaise",
    "synonyms" : [ "blaise", "rossellat", "roselat", "Blaise", "Rossellat", "roselat" ]
  }, {
    "canonicalName" : "DACHROUNE Samir",
    "synonyms" : [ "samir", "dachroune", "samir", "dachroune" ]
  }, {
    "canonicalName" : "BULT Christoph",
    "synonyms" : [ "christoph", "bult", "christoph", "bult" ]
  }, {
    "canonicalName" : "MONSHENGWO Jessica",
    "synonyms" : [ "jessica", "monshengwo", "monshengo", "jessica", "monshengwo", "monshengo" ]
  }, {
    "canonicalName" : "LOPEZ Julien",
    "synonyms" : [ "julien", "lopez", "Julian", "lopez" ]
  }, {
    "canonicalName" : "FRAUDEAU Delphine",
    "synonyms" : [ "delphine", "fraudeau", "fraudau", "Delphine", "Fraudeau", "fraudau" ]
  }, {
    "canonicalName" : "ABESSE Hayet",
    "synonyms" : [ "hayet", "abesse", "abese", "hayet", "abesse", "abese" ]
  }, {
    "canonicalName" : "GOLAY Séverine",
    "synonyms" : [ "séverine", "golay", "séverine", "golay" ]
  }, {
    "canonicalName" : "JORDAN Claude",
    "synonyms" : [ "claude", "jordan", "claude", "jordan" ]
  }, {
    "canonicalName" : "REGAMEY Murielle",
    "synonyms" : [ "murielle", "regamey", "regamet", "murielle", "Regamey", "regamet" ]
  }, {
    "canonicalName" : "SCHUCANI Grégoire",
    "synonyms" : [ "grégoire", "schucani", "gregory", "schucani" ]
  } ],
  "namedEntityRuleParams" : [ ]
}