{
  "name" : "ElectionType",
  "description" : "The election selector",
  "type" : "ENUMVALUES",
  "enumValues" : [ {
    "canonicalName" : "Conseil Etat",
    "synonyms" : [ "Conseil d'Etat", "conseil etat", "conseil état", "conseil d'état", "conseiletat", "etat", "état", "CE", "Le Conseil d'Etat", "Board of state", "State Council State Council", "State Council", "CouncilState", "State", "EC", "The State Council", "Board of State" ]
  }, {
    "canonicalName" : "Grand Conseil",
    "synonyms" : [ "Grand Conseil", "conseil", "GC", "le Grand Conseil", "Great advice", "Grand Council", "Council" ]
  } ],
  "namedEntityRuleParams" : [ ],
  "prompts" : [ "Quelle élection vous intéresse?" ]
}