{
  "name" : "ElectionType",
  "description" : "The election selector",
  "type" : "ENUMVALUES",
  "enumValues" : [ {
    "canonicalName" : "Conseil d'Etat",
    "synonyms" : [ "Conseil d'Etat", "conseil etat", "conseil état", "conseil d'état", "conseiletat", "etat", "état", "CE" ]
  }, {
    "canonicalName" : "Grand Conseil",
    "synonyms" : [ "Grand Conseil", "Grand conseil", "conseil", "Conseil", "GC" ]
  } ],
  "namedEntityRuleParams" : [ ],
  "prompts" : [ "Quelle élection vous intéresse?" ]
}