{
  "name" : "Listes_CE",
  "type" : "ENUMVALUES",
  "enumValues" : [ {
    "canonicalName" : "LES SOCIALISTES",
    "synonyms" : [ "les", "socialistes", "soc", "201" ]
  }, {
    "canonicalName" : "LES VERTS",
    "synonyms" : [ "les", "verts", "vert", "202" ]
  }, {
    "canonicalName" : "ENSEMBLE À GAUCHE",
    "synonyms" : [ "ensemble", "a", "gauche", "eag", "203" ]
  }, {
    "canonicalName" : "MCG",
    "synonyms" : [ "mcg", "mouvement", "citoyens", "genevois", "mcg", "204" ]
  }, {
    "canonicalName" : "PLR - PDC - ENTENTE",
    "synonyms" : [ "plr", "pdc", "entente", "ent", "205" ]
  }, {
    "canonicalName" : "RIEN PAS GRAND CHOSE",
    "synonyms" : [ "de", "rien", "pour", "arriver", "a", "pas", "grand", "chose", "rien", "206" ]
  }, {
    "canonicalName" : "SANTÉ",
    "synonyms" : [ "sante", "san", "207" ]
  }, {
    "canonicalName" : "UDC",
    "synonyms" : [ "udc", "udc", "208" ]
  }, {
    "canonicalName" : "PROSPÉRITÉ MAÎTRISÉE",
    "synonyms" : [ "prosperite", "maitrisee", "prom", "209" ]
  }, {
    "canonicalName" : "LA LISTE POUR GENÈVE",
    "synonyms" : [ "la", "liste", "pour", "geneve", "lpg", "210" ]
  }, {
    "canonicalName" : "GENÈVE EN MARCHE",
    "synonyms" : [ "geneve", "en", "marche", "gema", "211" ]
  }, {
    "canonicalName" : "PBD GENÈVE",
    "synonyms" : [ "pbd", "geneve", "le", "juste", "milieu", "pbd", "212" ]
  }, {
    "canonicalName" : "VERT'LIBÉRAUX",
    "synonyms" : [ "vert_liberaux", "verl", "213" ]
  } ],
  "namedEntityRuleParams" : [ ]
}