{
  "name" : "Listes_GC",
  "type" : "ENUMVALUES",
  "enumValues" : [ {
    "canonicalName" : "ENSEMBLE À GAUCHE",
    "synonyms" : [ "ensemble", "a", "gauche", "eag", "101" ]
  }, {
    "canonicalName" : "LES VERTS",
    "synonyms" : [ "les", "verts", "vert", "102" ]
  }, {
    "canonicalName" : "LES SOCIALISTES",
    "synonyms" : [ "les", "socialistes", "soc", "103" ]
  }, {
    "canonicalName" : "LIBÉRAUX-RADICAUX",
    "synonyms" : [ "plr", "les", "liberaux", "radicaux", "geneve", "plr104" ]
  }, {
    "canonicalName" : "DÉMOCRATE-CHRÉTIEN",
    "synonyms" : [ "parti", "democrate", "chretien", "(pdc)", "pdc", "105" ]
  }, {
    "canonicalName" : "UDC",
    "synonyms" : [ "udc", "udc", "106" ]
  }, {
    "canonicalName" : "LALISTE-FEMMES 2018",
    "synonyms" : [ "laliste", "femmes", "2018", "au", "grand", "conseil", "fem", "107" ]
  }, {
    "canonicalName" : "LA LISTE POUR GENÈVE",
    "synonyms" : [ "la", "liste", "pour", "geneve", "lpg", "108" ]
  }, {
    "canonicalName" : "GENÈVE EN MARCHE",
    "synonyms" : [ "geneve", "en", "marche", "gema", "109" ]
  }, {
    "canonicalName" : "PBD GENÈVE",
    "synonyms" : [ "pbd", "geneve", "le", "juste", "milieu", "pbd", "110" ]
  }, {
    "canonicalName" : "MCG",
    "synonyms" : [ "mcg", "mouvement", "citoyens", "genevois", "mcg", "111" ]
  }, {
    "canonicalName" : "VERT'LIBÉRAUX",
    "synonyms" : [ "vert_liberaux", "verl", "112" ]
  }, {
    "canonicalName" : "ÉGALITÉ ET ÉQUITÉ",
    "synonyms" : [ "liste", "egalite", "et", "equite", "lee", "113" ]
  } ],
  "namedEntityRuleParams" : [ ]
}