{
  "name" : "Listes_GC",
  "description" : "Political lists for the GC elections",
  "type" : "ENUMVALUES",
  "enumValues" : [ {
    "canonicalName" : "ENSEMBLE À GAUCHE",
    "synonyms" : [ "ensemble", "a", "gauche", "eag", "1", "Overall", "a", "Left", "eag", "1" ]
  }, {
    "canonicalName" : "LES VERTS",
    "synonyms" : [ "les", "verts", "vert", "2", "the", "green", "green", "2" ]
  }, {
    "canonicalName" : "LES SOCIALISTES",
    "synonyms" : [ "les", "socialistes", "soc", "3", "the", "Socialist", "soc", "3" ]
  }, {
    "canonicalName" : "LIBÉRAUX-RADICAUX",
    "synonyms" : [ "plr", "les", "liberaux", "radicaux", "geneve", "plr4", "PLR", "the", "Liberals", "radicals", "Genève", "plr4" ]
  }, {
    "canonicalName" : "DÉMOCRATE-CHRÉTIEN",
    "synonyms" : [ "parti", "democrate", "chretien", "(pdc)", "pdc", "5", "Party", "Democrat", "Christian", "(CDP)", "CDP", "5" ]
  }, {
    "canonicalName" : "UDC",
    "synonyms" : [ "udc", "udc", "6", "UDC", "UDC", "6" ]
  }, {
    "canonicalName" : "LALISTE-FEMMES 2018",
    "synonyms" : [ "laliste", "femmes", "18", "au", "grand", "conseil", "fem", "7", "laliste", "Women", "18", "to", "large", "Board", "fem", "7" ]
  }, {
    "canonicalName" : "LA LISTE POUR GENÈVE",
    "synonyms" : [ "la", "liste", "pour", "geneve", "lpg", "8", "the", "list", "for", "geneva", "lpg", "8" ]
  }, {
    "canonicalName" : "GENÈVE EN MARCHE",
    "synonyms" : [ "geneve", "en", "marche", "gema", "9", "geneva", "in", "on", "gem", "9" ]
  }, {
    "canonicalName" : "PBD GENÈVE",
    "synonyms" : [ "pbd", "geneve", "le", "juste", "milieu", "pbd", "1", "pbd", "Genève", "the", "right", "medium", "pbd", "1" ]
  }, {
    "canonicalName" : "MCG",
    "synonyms" : [ "mcg", "mouvement", "citoyens", "genevois", "mcg", "111", "mcg", "movement", "Citizens", "Geneva", "mcg", "111" ]
  }, {
    "canonicalName" : "VERT'LIBÉRAUX",
    "synonyms" : [ "vert_liberaux", "verl", "112", "vert_liberaux", "verl", "112" ]
  }, {
    "canonicalName" : "ÉGALITÉ ET ÉQUITÉ",
    "synonyms" : [ "liste", "egalite", "et", "equite", "lee", "113", "list", "equality", "and", "equity", "lee", "113" ]
  } ],
  "namedEntityRuleParams" : [ ]
}