{
  "name" : "LocalDeVote",
  "type" : "ENUMVALUES",
  "enumValues" : [ {
    "canonicalName" : "aire la ville",
    "synonyms" : [ "aire", "la", "ville", "1", "area", "the", "city", "1" ]
  }, {
    "canonicalName" : "anieres",
    "synonyms" : [ "anieres", "1", "anieres", "1" ]
  }, {
    "canonicalName" : "avully",
    "synonyms" : [ "avully", "1", "avully", "1" ]
  }, {
    "canonicalName" : "avusy",
    "synonyms" : [ "avusy", "1", "Avusy", "1" ]
  }, {
    "canonicalName" : "bardonnex",
    "synonyms" : [ "bardonnex", "1", "bardonnex", "1" ]
  }, {
    "canonicalName" : "bellevue",
    "synonyms" : [ "bellevue", "1", "Bellevue", "1" ]
  }, {
    "canonicalName" : "bernex",
    "synonyms" : [ "bernex", "1", "bernex", "1" ]
  }, {
    "canonicalName" : "carouge",
    "synonyms" : [ "carouge", "1", "carouge", "1" ]
  }, {
    "canonicalName" : "cartigny",
    "synonyms" : [ "cartigny", "1", "cartigny", "1" ]
  }, {
    "canonicalName" : "celigny",
    "synonyms" : [ "celigny", "1", "celigny", "1" ]
  }, {
    "canonicalName" : "chancy",
    "synonyms" : [ "chancy", "1", "chancy", "1" ]
  }, {
    "canonicalName" : "chene bougeries centre",
    "synonyms" : [ "chene", "bougeries", "centre", "1", "oak", "bougeries", "Center", "1" ]
  }, {
    "canonicalName" : "conches",
    "synonyms" : [ "conches", "2", "conches", "2" ]
  }, {
    "canonicalName" : "chene bourg",
    "synonyms" : [ "chene", "bourg", "1", "Oak", "Town", "1" ]
  }, {
    "canonicalName" : "choulex",
    "synonyms" : [ "choulex", "1", "Choulex", "1" ]
  }, {
    "canonicalName" : "collex bossy",
    "synonyms" : [ "collex", "bossy", "1", "Collex", "bossy", "1" ]
  }, {
    "canonicalName" : "collonge bellerive",
    "synonyms" : [ "collonge", "bellerive", "1", "collonge", "bellerive", "1" ]
  }, {
    "canonicalName" : "cologny",
    "synonyms" : [ "cologny", "1", "cologny", "1" ]
  }, {
    "canonicalName" : "confignon",
    "synonyms" : [ "confignon", "1", "confignon", "1" ]
  }, {
    "canonicalName" : "corsier",
    "synonyms" : [ "corsier", "1", "corsier", "1" ]
  }, {
    "canonicalName" : "dardagny",
    "synonyms" : [ "dardagny", "1", "Dardagny", "1" ]
  }, {
    "canonicalName" : "cite rive",
    "synonyms" : [ "cite", "rive", "1", "quote", "bank", "1" ]
  }, {
    "canonicalName" : "paquis",
    "synonyms" : [ "paquis", "2", "paquis", "2" ]
  }, {
    "canonicalName" : "saint gervais",
    "synonyms" : [ "saint", "gervais", "3", "saint", "Gervais", "3" ]
  }, {
    "canonicalName" : "prairie delices",
    "synonyms" : [ "prairie", "delices", "4", "Prairie", "delices", "4" ]
  }, {
    "canonicalName" : "eaux vives lac",
    "synonyms" : [ "eaux", "vives", "lac", "5", "Water", "vivid", "Lake", "5" ]
  }, {
    "canonicalName" : "eaux vives frontenex",
    "synonyms" : [ "eaux", "vives", "frontenex", "6", "Water", "vivid", "frontenex", "6" ]
  }, {
    "canonicalName" : "florissant malagnou",
    "synonyms" : [ "florissant", "malagnou", "7", "flourishing", "Malagnou", "7" ]
  }, {
    "canonicalName" : "cluse roseraie",
    "synonyms" : [ "cluse", "roseraie", "8", "cluse", "rose", "8" ]
  }, {
    "canonicalName" : "acacias",
    "synonyms" : [ "acacias", "9", "acacias", "9" ]
  }, {
    "canonicalName" : "mail jonction",
    "synonyms" : [ "mail", "jonction", "mail", "junction" ]
  }, {
    "canonicalName" : "servette grand pre",
    "synonyms" : [ "servette", "grand", "pre", "11", "servette", "big", "pre", "11" ]
  }, {
    "canonicalName" : "prieure secheron",
    "synonyms" : [ "prieure", "secheron", "12", "prioress", "Secheron", "12" ]
  }, {
    "canonicalName" : "saint jean",
    "synonyms" : [ "saint", "jean", "13", "saint", "jean", "13" ]
  }, {
    "canonicalName" : "les crets",
    "synonyms" : [ "les", "crets", "14", "the", "crets", "14" ]
  }, {
    "canonicalName" : "cropettes vidollet",
    "synonyms" : [ "cropettes", "vidollet", "15", "Cropettes", "Vidollet", "15" ]
  }, {
    "canonicalName" : "vieusseux",
    "synonyms" : [ "vieusseux", "16", "Vieusseux", "16" ]
  }, {
    "canonicalName" : "champel",
    "synonyms" : [ "champel", "17", "champel", "17" ]
  }, {
    "canonicalName" : "genthod",
    "synonyms" : [ "genthod", "1", "genthod", "1" ]
  }, {
    "canonicalName" : "grand saconnex",
    "synonyms" : [ "grand", "saconnex", "1", "big", "saconnex", "1" ]
  }, {
    "canonicalName" : "gy",
    "synonyms" : [ "gy", "1", "gy", "1" ]
  }, {
    "canonicalName" : "hermance",
    "synonyms" : [ "hermance", "1", "hermance", "1" ]
  }, {
    "canonicalName" : "jussy",
    "synonyms" : [ "jussy", "1", "jussy", "1" ]
  }, {
    "canonicalName" : "laconnex",
    "synonyms" : [ "laconnex", "1", "Laconnex", "1" ]
  }, {
    "canonicalName" : "grand lancy",
    "synonyms" : [ "grand", "lancy", "1", "big", "Lancy", "1" ]
  }, {
    "canonicalName" : "petit lancy",
    "synonyms" : [ "petit", "lancy", "2", "Small", "Lancy", "2" ]
  }, {
    "canonicalName" : "meinier",
    "synonyms" : [ "meinier", "1", "Meinier", "1" ]
  }, {
    "canonicalName" : "meyrin",
    "synonyms" : [ "meyrin", "1", "meyrin", "1" ]
  }, {
    "canonicalName" : "onex",
    "synonyms" : [ "onex", "1", "onex", "1" ]
  }, {
    "canonicalName" : "perly certoux",
    "synonyms" : [ "perly", "certoux", "1", "perly", "Certoux", "1" ]
  }, {
    "canonicalName" : "plan les ouates",
    "synonyms" : [ "plan", "les", "ouates", "1", "map", "the", "wadding", "1" ]
  }, {
    "canonicalName" : "pregny chambesy",
    "synonyms" : [ "pregny", "chambesy", "1", "Pregny", "Chambesy", "1" ]
  }, {
    "canonicalName" : "presinge",
    "synonyms" : [ "presinge", "1", "Presinge", "1" ]
  }, {
    "canonicalName" : "puplinge",
    "synonyms" : [ "puplinge", "1", "Puplinge", "1" ]
  }, {
    "canonicalName" : "russin",
    "synonyms" : [ "russin", "1", "russin", "1" ]
  }, {
    "canonicalName" : "satigny",
    "synonyms" : [ "satigny", "1", "satigny", "1" ]
  }, {
    "canonicalName" : "soral",
    "synonyms" : [ "soral", "1", "Soral", "1" ]
  }, {
    "canonicalName" : "thonex",
    "synonyms" : [ "thonex", "1", "thonex", "1" ]
  }, {
    "canonicalName" : "troinex",
    "synonyms" : [ "troinex", "1", "Troinex", "1" ]
  }, {
    "canonicalName" : "vandoeuvres",
    "synonyms" : [ "vandoeuvres", "1", "Vandoeuvres", "1" ]
  }, {
    "canonicalName" : "vernier village",
    "synonyms" : [ "vernier", "village", "1", "vernier", "Village", "1" ]
  }, {
    "canonicalName" : "chatelaine",
    "synonyms" : [ "chatelaine", "2", "chatelaine", "2" ]
  }, {
    "canonicalName" : "aire le lignon",
    "synonyms" : [ "aire", "le", "lignon", "3", "area", "on", "lignon", "3" ]
  }, {
    "canonicalName" : "les avanchets",
    "synonyms" : [ "les", "avanchets", "4", "them", "avanchets", "4" ]
  }, {
    "canonicalName" : "versoix",
    "synonyms" : [ "versoix", "1", "versoix", "1" ]
  }, {
    "canonicalName" : "veyrier",
    "synonyms" : [ "veyrier", "1", "veyrier", "1" ]
  }, {
    "canonicalName" : "suisses de l'etranger",
    "synonyms" : [ "suisses", "de", "l", "etranger", "1", "Swiss", "of", "abroad", "1" ]
  }, {
    "canonicalName" : "total canton",
    "synonyms" : [ "total", "canton", "total", "Township" ]
  } ],
  "namedEntityRuleParams" : [ ]
}