{
  "name" : "LocalDeVote",
  "type" : "ENUMVALUES",
  "enumValues" : [ {
    "canonicalName" : "aire la ville",
    "synonyms" : [ "aire", "la", "ville", "1" ]
  }, {
    "canonicalName" : "anieres",
    "synonyms" : [ "anieres", "1" ]
  }, {
    "canonicalName" : "avully",
    "synonyms" : [ "avully", "1" ]
  }, {
    "canonicalName" : "avusy",
    "synonyms" : [ "avusy", "1" ]
  }, {
    "canonicalName" : "bardonnex",
    "synonyms" : [ "bardonnex", "1" ]
  }, {
    "canonicalName" : "bellevue",
    "synonyms" : [ "bellevue", "1" ]
  }, {
    "canonicalName" : "bernex",
    "synonyms" : [ "bernex", "1" ]
  }, {
    "canonicalName" : "carouge",
    "synonyms" : [ "carouge", "1" ]
  }, {
    "canonicalName" : "cartigny",
    "synonyms" : [ "cartigny", "1" ]
  }, {
    "canonicalName" : "celigny",
    "synonyms" : [ "celigny", "1" ]
  }, {
    "canonicalName" : "chancy",
    "synonyms" : [ "chancy", "1" ]
  }, {
    "canonicalName" : "chene bougeries centre",
    "synonyms" : [ "chene", "bougeries", "centre", "1" ]
  }, {
    "canonicalName" : "conches",
    "synonyms" : [ "conches", "2" ]
  }, {
    "canonicalName" : "chene bourg",
    "synonyms" : [ "chene", "bourg", "1" ]
  }, {
    "canonicalName" : "choulex",
    "synonyms" : [ "choulex", "1" ]
  }, {
    "canonicalName" : "collex bossy",
    "synonyms" : [ "collex", "bossy", "1" ]
  }, {
    "canonicalName" : "collonge bellerive",
    "synonyms" : [ "collonge", "bellerive", "1" ]
  }, {
    "canonicalName" : "cologny",
    "synonyms" : [ "cologny", "1" ]
  }, {
    "canonicalName" : "confignon",
    "synonyms" : [ "confignon", "1" ]
  }, {
    "canonicalName" : "corsier",
    "synonyms" : [ "corsier", "1" ]
  }, {
    "canonicalName" : "dardagny",
    "synonyms" : [ "dardagny", "1" ]
  }, {
    "canonicalName" : "cite rive",
    "synonyms" : [ "cite", "rive", "1" ]
  }, {
    "canonicalName" : "paquis",
    "synonyms" : [ "paquis", "2" ]
  }, {
    "canonicalName" : "saint gervais",
    "synonyms" : [ "saint", "gervais", "3" ]
  }, {
    "canonicalName" : "prairie delices",
    "synonyms" : [ "prairie", "delices", "4" ]
  }, {
    "canonicalName" : "eaux vives lac",
    "synonyms" : [ "eaux", "vives", "lac", "5" ]
  }, {
    "canonicalName" : "eaux vives frontenex",
    "synonyms" : [ "eaux", "vives", "frontenex", "6" ]
  }, {
    "canonicalName" : "florissant malagnou",
    "synonyms" : [ "florissant", "malagnou", "7" ]
  }, {
    "canonicalName" : "cluse roseraie",
    "synonyms" : [ "cluse", "roseraie", "8" ]
  }, {
    "canonicalName" : "acacias",
    "synonyms" : [ "acacias", "9" ]
  }, {
    "canonicalName" : "mail jonction",
    "synonyms" : [ "mail", "jonction", "10" ]
  }, {
    "canonicalName" : "servette grand pre",
    "synonyms" : [ "servette", "grand", "pre", "11" ]
  }, {
    "canonicalName" : "prieure secheron",
    "synonyms" : [ "prieure", "secheron", "12" ]
  }, {
    "canonicalName" : "saint jean",
    "synonyms" : [ "saint", "jean", "13" ]
  }, {
    "canonicalName" : "les crets",
    "synonyms" : [ "les", "crets", "14" ]
  }, {
    "canonicalName" : "cropettes vidollet",
    "synonyms" : [ "cropettes", "vidollet", "15" ]
  }, {
    "canonicalName" : "vieusseux",
    "synonyms" : [ "vieusseux", "16" ]
  }, {
    "canonicalName" : "champel",
    "synonyms" : [ "champel", "17" ]
  }, {
    "canonicalName" : "genthod",
    "synonyms" : [ "genthod", "1" ]
  }, {
    "canonicalName" : "grand saconnex",
    "synonyms" : [ "grand", "saconnex", "1" ]
  }, {
    "canonicalName" : "gy",
    "synonyms" : [ "gy", "1" ]
  }, {
    "canonicalName" : "hermance",
    "synonyms" : [ "hermance", "1" ]
  }, {
    "canonicalName" : "jussy",
    "synonyms" : [ "jussy", "1" ]
  }, {
    "canonicalName" : "laconnex",
    "synonyms" : [ "laconnex", "1" ]
  }, {
    "canonicalName" : "grand lancy",
    "synonyms" : [ "grand", "lancy", "1" ]
  }, {
    "canonicalName" : "petit lancy",
    "synonyms" : [ "petit", "lancy", "2" ]
  }, {
    "canonicalName" : "meinier",
    "synonyms" : [ "meinier", "1" ]
  }, {
    "canonicalName" : "meyrin",
    "synonyms" : [ "meyrin", "1" ]
  }, {
    "canonicalName" : "onex",
    "synonyms" : [ "onex", "1" ]
  }, {
    "canonicalName" : "perly certoux",
    "synonyms" : [ "perly", "certoux", "1" ]
  }, {
    "canonicalName" : "plan les ouates",
    "synonyms" : [ "plan", "les", "ouates", "1" ]
  }, {
    "canonicalName" : "pregny chambesy",
    "synonyms" : [ "pregny", "chambesy", "1" ]
  }, {
    "canonicalName" : "presinge",
    "synonyms" : [ "presinge", "1" ]
  }, {
    "canonicalName" : "puplinge",
    "synonyms" : [ "puplinge", "1" ]
  }, {
    "canonicalName" : "russin",
    "synonyms" : [ "russin", "1" ]
  }, {
    "canonicalName" : "satigny",
    "synonyms" : [ "satigny", "1" ]
  }, {
    "canonicalName" : "soral",
    "synonyms" : [ "soral", "1" ]
  }, {
    "canonicalName" : "thonex",
    "synonyms" : [ "thonex", "1" ]
  }, {
    "canonicalName" : "troinex",
    "synonyms" : [ "troinex", "1" ]
  }, {
    "canonicalName" : "vandoeuvres",
    "synonyms" : [ "vandoeuvres", "1" ]
  }, {
    "canonicalName" : "vernier village",
    "synonyms" : [ "vernier", "village", "1" ]
  }, {
    "canonicalName" : "chatelaine",
    "synonyms" : [ "chatelaine", "2" ]
  }, {
    "canonicalName" : "aire le lignon",
    "synonyms" : [ "aire", "le", "lignon", "3" ]
  }, {
    "canonicalName" : "les avanchets",
    "synonyms" : [ "les", "avanchets", "4" ]
  }, {
    "canonicalName" : "versoix",
    "synonyms" : [ "versoix", "1" ]
  }, {
    "canonicalName" : "veyrier",
    "synonyms" : [ "veyrier", "1" ]
  }, {
    "canonicalName" : "suisses de l'etranger",
    "synonyms" : [ "suisses", "de", "l'etranger", "1" ]
  }, {
    "canonicalName" : "total canton",
    "synonyms" : [ "total", "canton", "0" ]
  } ],
  "namedEntityRuleParams" : [ ]
}