{
  "name" : "IntentThank",
  "type" : "NLPIntent",
  "intentParameters" : [ ],
  "exampleData" : [ {
    "sentence" : "parfait merci",
    "exampleEntities" : [ ]
  }, {
    "sentence" : "cool",
    "exampleEntities" : [ ]
  }, {
    "sentence" : "ok",
    "exampleEntities" : [ ]
  }, {
    "sentence" : "merci",
    "exampleEntities" : [ ]
  }, {
    "sentence" : "ok ciao",
    "exampleEntities" : [ ]
  }, {
    "sentence" : "génial !",
    "exampleEntities" : [ ]
  }, {
    "sentence" : "super",
    "exampleEntities" : [ ]
  }, {
    "sentence" : "extra",
    "exampleEntities" : [ ]
  }, {
    "sentence" : "ok à plus",
    "exampleEntities" : [ ]
  }, {
    "sentence" : "tip top",
    "exampleEntities" : [ ]
  }, {
    "sentence" : "extra bleu ciel",
    "exampleEntities" : [ ]
  } ]
}