{
  "name" : "IntentResultatParCandidatParLocalDeVote",
  "type" : "NLPIntent",
  "intentParameters" : [ {
    "name" : "TypeElection",
    "required" : true,
    "entity" : "TypeElection"
  }, {
    "name" : "CandidatLite des candidats pour toutes les élections",
    "required" : true,
    "entity" : "Candidat"
  }, {
    "name" : "LocalDeVote",
    "required" : true,
    "entity" : "LocalDeVote"
  } ],
  "exampleData" : [ {
    "sentence" : "quels sont les résultats de Pierre Maudet à genève",
    "exampleEntities" : [ ]
  }, {
    "sentence" : "pierre maudet versoix",
    "exampleEntities" : [ ]
  }, {
    "sentence" : "résultats de pierre maudet à anières",
    "exampleEntities" : [ ]
  }, {
    "sentence" : "résultats de Pierre Maudet au Grand conseil à Anières",
    "exampleEntities" : [ ]
  }, {
    "sentence" : "combien pierre maudet a eu de suffrages à genève",
    "exampleEntities" : [ ]
  } ]
}