{
  "name" : "Admin_ErrorHandling",
  "intentParameters" : [ ],
  "exampleData" : [ {
    "sentence" : "what's this",
    "exampleEntities" : [ ]
  }, {
    "sentence" : "it sucks this thing",
    "exampleEntities" : [ ]
  }, {
    "sentence" : "it's stupid this thing",
    "exampleEntities" : [ ]
  }, {
    "sentence" : "it does not work",
    "exampleEntities" : [ ]
  }, {
    "sentence" : "kesako",
    "exampleEntities" : [ ]
  }, {
    "sentence" : "what is this thing",
    "exampleEntities" : [ ]
  }, {
    "sentence" : "what are you using",
    "exampleEntities" : [ ]
  } ]
}