{
  "name" : "CE_CALC_BestCommune",
  "intentParameters" : [ {
    "name" : "Commune",
    "required" : true,
    "entity" : "Commune"
  }, {
    "name" : "Listes_CE",
    "required" : true,
    "entity" : "Listes_CE"
  } ],
  "exampleData" : [ {
    "sentence" : "where did the candidate have the best results",
    "exampleEntities" : [ ]
  }, {
    "sentence" : "where did the candidate do best",
    "exampleEntities" : [ ]
  }, {
    "sentence" : "in which commune did the candidate have the best results",
    "exampleEntities" : [ ]
  }, {
    "sentence" : "where did the candidate score best",
    "exampleEntities" : [ ]
  }, {
    "sentence" : "In which commune did candidate A do best",
    "exampleEntities" : [ ]
  } ]
}