{
  "name" : "ResultParticipation",
  "intentParameters" : [ {
    "name" : "Commune",
    "required" : true,
    "entity" : "Commune"
  }, {
    "name" : "LocalDeVote",
    "required" : true,
    "entity" : "LocalDeVote"
  }, {
    "name" : "ResultTypes",
    "required" : true,
    "entity" : "ResultTypes"
  } ],
  "exampleData" : [ {
    "sentence" : "what was the participation level",
    "exampleEntities" : [ ]
  }, {
    "sentence" : "How many people voted?",
    "exampleEntities" : [ ]
  }, {
    "sentence" : "what was the participation rate",
    "exampleEntities" : [ ]
  }, {
    "sentence" : "participation",
    "exampleEntities" : [ ]
  }, {
    "sentence" : "how many people voted",
    "exampleEntities" : [ ]
  }, {
    "sentence" : "What is the participation rate?",
    "exampleEntities" : [ ]
  } ]
}