{
  "name" : "ResultLocal",
  "intentParameters" : [ {
    "name" : "LocalDeVote",
    "required" : true,
    "entity" : "LocalDeVote"
  }, {
    "name" : "ResultTypes",
    "required" : true,
    "entity" : "ResultTypes"
  } ],
  "exampleData" : [ {
    "sentence" : "what were the results for this local",
    "exampleEntities" : [ ]
  }, {
    "sentence" : "which party won in Champel",
    "exampleEntities" : [ ]
  }, {
    "sentence" : "which list did best in Vernier",
    "exampleEntities" : [ ]
  }, {
    "sentence" : "results in Avusy local",
    "exampleEntities" : [ ]
  }, {
    "sentence" : "results by local",
    "exampleEntities" : [ ]
  }, {
    "sentence" : "what were the results for Agniere",
    "exampleEntities" : [ ]
  }, {
    "sentence" : "who was elected in Chene Bougeries",
    "exampleEntities" : [ ]
  } ]
}